ax_0_0_plot_000_x,ax_0_0_plot_000_y,ax_1_0_plot_001_x,ax_1_0_plot_001_y,ax_2_0_plot_002_x,ax_2_0_plot_002_y,ax_3_0_plot_003_x,ax_3_0_plot_003_y,ax_4_0_plot_004_x,ax_4_0_plot_004_y,ax_5_0_plot_005_x,ax_5_0_plot_005_y,ax_6_0_plot_006_x,ax_6_0_plot_006_y,ax_7_0_plot_007_x,ax_7_0_plot_007_y
0.0,-0.12545988,0.0,0.65936446,0.0,0.39198592,0.0,1.0,0.0,1.28511915e-11,0.0,-0.2674932,0.0,2.523169,0.0,-1.0250411
0.001953125,0.45071432,0.001953125,0.7422991,0.001953125,-0.05200294,0.001953125,0.99626946,0.001953125,7.8980084e-13,0.001953125,-0.29015866,0.001953125,0.30144316,0.001953125,-1.2392324
0.00390625,0.23199394,0.00390625,1.1632153,0.00390625,-0.3716954,0.00390625,0.9474179,0.00390625,5.517448e-13,0.00390625,-0.3914995,0.00390625,-0.021208847,0.00390625,-0.40301436
0.005859375,0.09865849,0.005859375,-0.22917397,0.005859375,0.19703129,0.005859375,0.8537363,0.005859375,1.4965877e-11,0.005859375,-0.44668087,0.005859375,1.1498674,0.005859375,-0.27866888
0.0078125,-0.34398136,0.0078125,-1.4611173,0.0078125,0.2948176,0.0078125,0.71765643,0.0078125,1.2704198e-11,0.0078125,-0.3164884,0.0078125,-1.119864,0.0078125,-0.62266654
0.009765625,-0.34400547,0.009765625,0.76117057,0.009765625,-0.3120634,0.009765625,0.543746,0.009765625,-6.6561074e-13,0.009765625,-0.21758048,0.009765625,0.20003647,0.009765625,0.02875936
0.01171875,-0.44191638,0.01171875,-0.90156525,0.01171875,-0.1730565,0.01171875,0.33859572,0.01171875,-5.734145e-13,0.01171875,-0.23830497,0.01171875,1.6114485,0.01171875,1.1535589
0.013671875,0.36617616,0.013671875,-0.83552414,0.013671875,0.3795867,0.013671875,0.11059855,0.013671875,9.023835e-13,0.013671875,-0.3704493,0.013671875,1.9285611,0.013671875,0.569053
0.015625,0.10111501,0.015625,-0.2707051,0.015625,0.024949113,0.015625,-0.13037468,0.015625,3.0214106e-12,0.015625,-0.43605292,0.015625,-0.10089157,0.015625,0.8357858
0.017578125,0.20807257,0.017578125,0.7991896,0.017578125,-0.38932136,0.017578125,-0.3733921,0.017578125,2.5242941e-12,0.017578125,-0.46339193,0.017578125,0.11996439,0.017578125,-0.5785433
0.01953125,-0.4794155,0.01953125,0.42973015,0.01953125,0.12695655,0.01953125,-0.606954,0.01953125,1.8421308e-12,0.01953125,-0.55670464,0.01953125,1.0755327,0.01953125,1.4335666
0.021484375,0.46990985,0.021484375,1.0317093,0.021484375,0.33978537,0.021484375,-0.81954044,0.021484375,-2.0481208e-12,0.021484375,-0.40901127,0.021484375,0.84231657,0.021484375,2.2606397
0.0234375,0.33244264,0.0234375,0.40250468,0.0234375,-0.25953424,0.0234375,-1.0001882,0.0234375,-9.317259e-12,0.0234375,-0.25969395,0.0234375,0.19023427,0.0234375,1.7426884
0.025390625,-0.2876609,0.025390625,-0.021416055,0.025390625,-0.23852015,0.025390625,-1.1390678,0.025390625,-4.400834e-12,0.025390625,-0.19419481,0.025390625,1.3801767,0.025390625,-0.29899132
0.02734375,-0.31817505,0.02734375,-1.3862029,0.02734375,0.35260016,0.02734375,-1.2280294,0.02734375,1.2635784e-12,0.02734375,-0.099195704,0.02734375,-0.02987441,0.02734375,-1.0215329
0.029296875,-0.3165955,0.029296875,0.38794222,0.029296875,0.10094239,0.029296875,-1.2610893,0.029296875,-2.6288824e-12,0.029296875,-0.14897163,0.029296875,-0.673713,0.029296875,0.5258291
0.03125,-0.19575776,0.03125,0.4167392,0.03125,-0.39198592,0.03125,-1.2348254,0.03125,-6.5506498e-12,0.03125,-0.12117292,0.03125,1.4820315,0.03125,0.94957983
0.033203125,0.024756432,0.033203125,1.7858725,0.033203125,0.05200294,0.033203125,-1.1486565,0.033203125,-3.2384345e-12,0.033203125,-0.00096707937,0.033203125,1.4582626,0.033203125,1.0829979
0.03515625,-0.06805498,0.03515625,-0.3674802,0.03515625,0.3716954,0.03515625,-1.0049874,0.03515625,-1.5449396e-12,0.03515625,0.077745445,0.03515625,1.0109315,0.03515625,0.7255446
0.037109375,-0.20877086,0.037109375,0.14382699,0.037109375,-0.19703129,0.037109375,-0.8092016,0.037109375,-2.0826732e-12,0.037109375,-0.020873152,0.037109375,-0.6966483,0.037109375,1.7017893
0.0390625,0.11185289,0.0390625,0.55983335,0.0390625,-0.2948176,0.0390625,-0.5694972,0.0390625,2.8302675e-13,0.0390625,0.053703506,0.0390625,1.0552728,0.0390625,0.46188346
0.041015625,-0.36050615,0.041015625,0.56470233,0.041015625,0.3120634,0.041015625,-0.2965676,0.041015625,-2.2525063e-13,0.041015625,0.17512073,0.041015625,-0.13970782,0.041015625,0.16214593
0.04296875,-0.20785536,0.04296875,2.0748248,0.04296875,0.1730565,0.04296875,-0.0031357354,0.04296875,1.3338941e-13,0.04296875,0.116944805,0.04296875,0.90702075,0.04296875,0.8187034
0.044921875,-0.13363816,0.044921875,-1.8867931,0.044921875,-0.3795867,0.044921875,0.29663715,0.044921875,8.6564767e-13,0.044921875,0.15412626,0.044921875,-0.34036008,0.044921875,-0.7670586
0.046875,-0.043930016,0.046875,0.80224925,0.046875,-0.024949113,0.046875,0.5878434,0.046875,3.983818e-12,0.046875,0.25180116,0.046875,-0.76642174,0.046875,-0.4923588
0.048828125,0.28517595,0.048828125,-0.5734448,0.048828125,0.38932136,0.048828125,0.85558695,0.048828125,4.53241e-12,0.048828125,0.072848365,0.048828125,0.16358194,0.048828125,-0.99088633
0.05078125,-0.30032623,0.05078125,0.25164393,0.05078125,-0.12695655,0.05078125,1.085768,0.05078125,4.713295e-12,0.05078125,0.06095446,0.05078125,-1.3302357,0.05078125,0.01520904
0.052734375,0.014234439,0.052734375,1.4846145,0.052734375,-0.33978537,0.052734375,1.265854,0.052734375,1.3752068e-12,0.052734375,0.007223729,0.052734375,-1.6618328,0.052734375,-1.9762789
0.0546875,0.092414565,0.0546875,-0.4722504,0.0546875,0.25953424,0.0546875,1.3855923,0.0546875,9.91698e-12,0.0546875,0.0149576515,0.0546875,0.3579866,0.0546875,1.576454
0.056640625,-0.4535496,0.056640625,-1.2048147,0.056640625,0.23852015,0.056640625,1.4376234,0.056640625,7.2749263e-12,0.056640625,-0.06724135,0.056640625,0.6510243,0.056640625,-0.68247926
0.05859375,0.107544854,0.05859375,-0.013946675,0.05859375,-0.35260016,0.05859375,1.4179567,0.05859375,1.0308295e-12,0.05859375,-0.08700926,0.05859375,-0.693986,0.05859375,0.26881844
0.060546875,-0.32947588,0.060546875,-0.700133,0.060546875,-0.10094239,0.060546875,1.3262783,0.060546875,2.6731898e-12,0.060546875,-0.037917644,0.060546875,0.2194424,0.060546875,-1.5100105
0.0625,-0.4349484,0.0625,0.98633456,0.0625,0.39198592,0.0625,1.1660663,0.0625,2.171168e-12,0.0625,-0.11118034,0.0625,1.5152671,0.0625,-3.2815013
0.064453125,0.44888553,0.064453125,-1.8152071,0.064453125,-0.05200294,0.064453125,0.94450074,0.064453125,3.4770563e-12,0.064453125,-0.21200193,0.064453125,-0.76640004,0.064453125,-1.6426153
0.06640625,0.46563202,0.06640625,0.29264817,0.06640625,-0.3716954,0.06640625,0.67216814,0.06640625,9.2844525e-12,0.06640625,-0.24480031,0.06640625,0.16360866,0.06640625,-0.57912594
0.068359375,0.30839735,0.068359375,1.6951762,0.068359375,0.19703129,0.068359375,0.36256742,0.068359375,8.207608e-12,0.068359375,-0.13748306,0.068359375,-1.126152,0.068359375,0.9271046
0.0703125,-0.19538623,0.0703125,-0.71132743,0.0703125,0.2948176,0.0703125,0.031442083,0.0703125,3.021934e-12,0.0703125,-0.23418249,0.0703125,-0.64497244,0.0703125,-0.15448047
0.072265625,-0.4023279,0.072265625,-0.055808835,0.072265625,-0.3120634,0.072265625,-0.3040315,0.072265625,-3.409345e-13,0.072265625,-0.21267004,0.072265625,-0.6480419,0.072265625,-0.96846646
0.07421875,0.18423302,0.07421875,0.15027557,0.07421875,-0.1730565,0.07421875,-0.62615573,0.07421875,3.112442e-12,0.07421875,-0.18712232,0.07421875,-1.0885613,0.07421875,-0.9715363
0.076171875,-0.059847508,0.076171875,1.6706902,0.076171875,0.3795867,0.076171875,-0.9176758,0.076171875,6.8049464e-12,0.076171875,-0.09495508,0.076171875,-1.0724694,0.076171875,-0.91825897
0.078125,-0.37796175,0.078125,-0.06425784,0.078125,0.024949113,0.078125,-1.1627412,0.078125,-3.617734e-12,0.078125,-0.06317199,0.078125,-1.503818,0.078125,-0.7741109
0.080078125,-0.00482309,0.080078125,-0.6042776,0.080078125,-0.38932136,0.080078125,-1.3478099,0.080078125,-2.2417112e-12,0.080078125,0.08368571,0.080078125,-1.6932164,0.080078125,-0.45742348
0.08203125,-0.4656115,0.08203125,-0.38356724,0.08203125,0.12695655,0.08203125,-1.4624426,0.08203125,7.324693e-12,0.08203125,0.113992594,0.08203125,-0.10238744,0.08203125,-1.9397228
0.083984375,0.4093204,0.083984375,0.23131141,0.083984375,0.33978537,0.083984375,-1.4999357,0.083984375,1.4177705e-11,0.083984375,0.11234489,0.083984375,0.23733407,0.083984375,-1.4060762
0.0859375,-0.24122001,0.0859375,-0.013571347,0.0859375,-0.25953424,0.0859375,-1.4577558,0.0859375,1.5033133e-11,0.0859375,-0.05587056,0.0859375,-0.7052622,0.0859375,-1.3121971
0.087890625,0.16252229,0.087890625,1.2029039,0.087890625,-0.23852015,0.087890625,-1.3377432,0.087890625,1.2323808e-11,0.087890625,0.094188794,0.087890625,0.25002247,0.087890625,0.024872262
0.08984375,-0.18828893,0.08984375,0.002557855,0.08984375,0.35260016,0.08984375,-1.1460682,0.08984375,1.1521577e-11,0.08984375,0.16292083,0.08984375,-0.6590404,0.08984375,-0.299241
0.091796875,0.020068021,0.091796875,0.80067533,0.091796875,0.10094239,0.091796875,-0.892939,0.091796875,1.020438e-11,0.091796875,0.009835318,0.091796875,-0.21181351,0.091796875,-1.0947913
0.09375,0.04671028,0.09375,0.14696443,0.09375,-0.39198592,0.09375,-0.592069,0.09375,4.9112953e-12,0.09375,0.061960142,0.09375,0.18389276,0.09375,-0.41861007
0.095703125,-0.31514555,0.095703125,-0.8333696,0.095703125,0.05200294,0.095703125,-0.25993583,0.095703125,3.7408488e-12,0.095703125,0.006683148,0.095703125,1.1672136,0.095703125,1.8393406
0.09765625,0.4695846,0.09765625,1.7130778,0.09765625,0.3716954,0.09765625,0.08513268,0.09765625,2.1393469e-12,0.09765625,-0.08967801,0.09765625,-0.47875193,0.09765625,-0.3674173
0.099609375,0.27513283,0.099609375,1.0586187,0.099609375,-0.19703129,0.099609375,0.4239924,0.099609375,1.8532086e-12,0.099609375,-0.2737068,0.099609375,0.17868613,0.099609375,0.8237524
0.1015625,0.43949893,0.1015625,-0.50912637,0.1015625,-0.2948176,0.1015625,0.73777735,0.1015625,1.0389972e-11,0.1015625,-0.34028918,0.1015625,2.2229261,0.1015625,-0.24085921
0.103515625,0.39482734,0.103515625,0.43154913,0.103515625,0.3120634,0.103515625,1.0089909,0.103515625,8.553837e-12,0.103515625,-0.25767446,0.103515625,1.8673532,0.103515625,0.502782
0.10546875,0.09789998,0.10546875,-0.7846128,0.10546875,0.1730565,0.10546875,1.2225281,0.10546875,9.53799e-12,0.10546875,-0.3505337,0.10546875,-1.1182091,0.10546875,0.14839122
0.107421875,0.42187423,0.107421875,-1.2952374,0.107421875,-0.3795867,0.107421875,1.3665665,0.107421875,1.1267496e-11,0.107421875,-0.50213003,0.107421875,-0.9241509,0.107421875,-0.86046463
0.109375,-0.4115075,0.109375,0.84939295,0.109375,-0.024949113,0.109375,1.4332712,0.109375,5.8501715e-12,0.109375,-0.5092385,0.109375,-0.21544811,0.109375,-1.640162
0.111328125,-0.30401713,0.111328125,0.75366,0.111328125,0.38932136,0.111328125,1.4192675,0.111328125,1.926186e-12,0.111328125,-0.5760168,0.111328125,-0.03803166,0.111328125,0.57243294
0.11328125,-0.4547727,0.11328125,0.057158254,0.11328125,-0.12695655,0.11328125,1.3258517,0.11328125,-2.6965517e-12,0.11328125,-0.5981224,0.11328125,2.0618489,0.11328125,-0.007884055
0.115234375,-0.17466967,0.115234375,0.023630057,0.115234375,-0.33978537,0.115234375,1.158923,0.115234375,4.2684386e-13,0.115234375,-0.5643072,0.115234375,-0.07258147,0.115234375,0.011388529
0.1171875,-0.11132271,0.1171875,-1.2544708,0.1171875,0.25953424,0.1171875,0.9286396,0.1171875,6.952533e-12,0.1171875,-0.4932963,0.1171875,0.17722303,0.1171875,1.4096324
0.119140625,-0.22865097,0.119140625,1.6419528,0.119140625,0.23852015,0.119140625,0.6488155,0.119140625,4.867613e-12,0.119140625,-0.53766716,0.119140625,1.4301113,0.119140625,0.1386769
0.12109375,0.3287375,0.12109375,-0.88053524,0.12109375,-0.35260016,0.12109375,0.33609584,0.12109375,1.987775e-12,0.12109375,-0.48008743,0.12109375,-0.2941163,0.12109375,0.7780301
0.123046875,-0.14324668,0.123046875,1.2660156,0.123046875,-0.10094239,0.123046875,0.008956997,0.123046875,-2.2207078e-12,0.123046875,-0.423248,0.123046875,0.7908156,0.123046875,2.0844016
0.125,-0.21906549,0.125,2.005305,0.125,0.39198592,0.125,-0.31340474,0.125,4.9798603e-12,0.125,-0.37905818,0.125,-1.5241611,0.125,-0.27652517
0.126953125,0.042696085,0.126953125,0.039793905,0.126953125,-0.05200294,0.126953125,-0.61223006,0.126953125,1.3693089e-11,0.126953125,-0.18757635,0.126953125,-0.9516777,0.126953125,-0.2918204
0.12890625,-0.35907578,0.12890625,-0.039541025,0.12890625,-0.3716954,0.12890625,-0.8703259,0.12890625,1.0661869e-11,0.12890625,-0.104197115,0.12890625,0.47895265,0.12890625,0.6297997
0.130859375,0.30219698,0.130859375,-0.09218748,0.130859375,0.19703129,0.130859375,-1.0730973,0.130859375,-1.9348485e-12,0.130859375,-0.024391577,0.130859375,-0.5172962,0.130859375,0.7507115
0.1328125,-0.42544934,0.1328125,0.26707003,0.1328125,0.2948176,0.1328125,-1.2094167,0.1328125,-8.371966e-12,0.1328125,-0.08716538,0.1328125,0.052990004,0.1328125,2.3062131
0.134765625,0.48688695,0.134765625,-0.39639565,0.134765625,-0.3120634,0.134765625,-1.272276,0.134765625,1.6749736e-12,0.134765625,-0.22808564,0.134765625,0.2346222,0.134765625,1.9527603
0.13671875,0.27224478,0.13671875,0.043367527,0.13671875,-0.1730565,0.13671875,-1.2591811,0.13671875,3.3893936e-12,0.13671875,-0.24284017,0.13671875,-0.6945653,0.13671875,-0.34906504
0.138671875,-0.3012843,0.138671875,-0.22152914,0.138671875,0.3795867,0.138671875,-1.1722631,0.138671875,7.814981e-12,0.138671875,-0.31847417,0.138671875,-0.8079408,0.138671875,0.9659566
0.140625,-0.49447787,0.140625,0.36469263,0.140625,0.024949113,0.140625,-1.0181005,0.140625,5.8521235e-12,0.140625,-0.3860418,0.140625,-0.60528904,0.140625,-0.058760654
0.142578125,0.31546143,0.142578125,-1.0209379,0.142578125,-0.38932136,0.142578125,-0.80726445,0.142578125,2.7243637e-12,0.142578125,-0.44902614,0.142578125,-0.3497111,0.142578125,1.4920201
0.14453125,0.20685734,0.14453125,0.7083039,0.14453125,0.12695655,0.14453125,-0.5536166,0.14453125,-5.771257e-13,0.14453125,-0.41089857,0.14453125,0.030475715,0.14453125,0.94961756
0.146484375,0.22900717,0.146484375,-0.011627958,0.146484375,0.33978537,0.146484375,-0.2734062,0.146484375,-5.4725135e-12,0.146484375,-0.27869645,0.146484375,0.33268866,0.146484375,0.8577084
0.1484375,0.27127033,0.1484375,0.55917543,0.1484375,-0.25953424,0.1484375,0.015774496,0.1484375,5.3391133e-12,0.1484375,-0.33098564,0.1484375,-0.32500646,0.1484375,-0.89081323
0.150390625,-0.42595536,0.150390625,-0.52938837,0.150390625,-0.23852015,0.150390625,0.2961093,0.150390625,6.5816736e-12,0.150390625,-0.26666132,0.150390625,-0.43520093,0.150390625,0.10984775
0.15234375,-0.14153427,0.15234375,0.9091539,0.15234375,0.35260016,0.15234375,0.55067766,0.15234375,-1.6627296e-12,0.15234375,-0.14115524,0.15234375,0.16190115,0.15234375,-1.8394217
0.154296875,-0.38413095,0.154296875,-0.26484993,0.154296875,0.10094239,0.154296875,0.7645035,0.154296875,-8.602541e-16,0.154296875,-0.031572744,0.154296875,-0.6526614,0.154296875,-0.8857549
0.15625,0.36310342,0.15625,-0.17895931,0.15625,-0.39198592,0.15625,0.9254653,0.15625,1.1778432e-12,0.15625,0.12550174,0.15625,-1.1500844,0.15625,0.3326132
0.158203125,0.12329812,0.158203125,-2.087303,0.158203125,0.05200294,0.158203125,1.0250102,0.158203125,-3.5301409e-13,0.158203125,0.19387406,0.158203125,-0.18141276,0.158203125,-0.9490191
0.16015625,-0.16910197,0.16015625,0.4563073,0.16015625,0.3716954,0.16015625,1.0586278,0.16015625,-4.5225455e-13,0.16015625,0.42170823,0.16015625,-0.64272064,0.16015625,-0.47561178
0.162109375,-0.43644166,0.162109375,1.9535705,0.162109375,-0.19703129,0.162109375,1.0260563,0.162109375,2.2893514e-12,0.162109375,0.23092864,0.162109375,-0.7580546,0.162109375,-2.538456
0.1640625,-0.18901768,0.1640625,0.13980134,0.1640625,-0.2948176,0.1640625,0.93120974,0.1640625,2.2224503e-12,0.1640625,0.18258682,0.1640625,0.58287257,0.1640625,-1.6441808
0.166015625,-0.17481668,0.166015625,-0.25670037,0.166015625,0.3120634,0.166015625,0.7818375,0.166015625,-2.5134985e-12,0.166015625,0.2208061,0.166015625,-0.93133426,0.166015625,0.2813329
0.16796875,0.22960618,0.16796875,-0.9766908,0.16796875,0.1730565,0.16796875,0.5889413,0.16796875,-7.989159e-13,0.16796875,0.11399389,0.16796875,-1.8240044,0.16796875,-0.265151
0.169921875,0.13755748,0.169921875,0.48844847,0.169921875,-0.3795867,0.169921875,0.36599177,0.169921875,1.424188e-12,0.169921875,0.12450349,0.169921875,-0.6889867,0.169921875,-1.3225702
0.171875,0.38721275,0.171875,-0.41919392,0.171875,-0.024949113,0.171875,0.12800205,0.171875,2.4082995e-12,0.171875,0.24740304,0.171875,0.9375134,0.171875,-2.9239142
0.173828125,-0.027785074,0.173828125,-0.4096149,0.173828125,0.38932136,0.173828125,-0.10948,0.173828125,6.8275294e-12,0.173828125,0.31668353,0.173828125,0.21082729,0.173828125,-2.598953
0.17578125,-0.38040575,0.17578125,1.2865382,0.17578125,-0.12695655,0.17578125,-0.33139062,0.17578125,1.3973558e-12,0.17578125,0.30165353,0.17578125,0.6298396,0.17578125,-0.30362427
0.177734375,0.21324478,0.177734375,0.014821319,0.177734375,-0.33978537,0.177734375,-0.52411324,0.177734375,6.317871e-13,0.177734375,0.43832618,0.177734375,-0.45018348,0.177734375,-0.46249312
0.1796875,0.26078504,0.1796875,0.405607,0.1796875,0.25953424,0.1796875,-0.6763225,0.1796875,3.764835e-12,0.1796875,0.3503967,0.1796875,-1.0650698,0.1796875,-0.5273375
0.181640625,0.061277196,0.181640625,-1.1841927,0.181640625,0.23852015,0.181640625,-0.779656,0.181640625,4.615602e-12,0.181640625,0.26401174,0.181640625,1.3632455,0.181640625,-1.6592076
0.18359375,0.2709672,0.18359375,0.06942959,0.18359375,-0.35260016,0.18359375,-0.8291732,0.18359375,8.8777553e-13,0.18359375,0.20620131,0.18359375,0.48970774,0.18359375,-1.936812
0.185546875,-0.0062044035,0.185546875,-0.37614897,0.185546875,-0.10094239,0.185546875,-0.8235762,0.185546875,1.9814326e-12,0.185546875,0.2762112,0.185546875,0.37799245,0.185546875,0.98790044
0.1875,0.02273283,0.1875,-0.8925903,0.1875,0.39198592,0.1875,-0.7651843,0.1875,-2.3573272e-12,0.1875,0.30660576,0.1875,-0.23421566,0.1875,1.2992151
0.189453125,-0.07245898,0.189453125,0.15556943,0.189453125,-0.05200294,0.189453125,-0.6596702,0.189453125,-1.4911735e-12,0.189453125,0.33255115,0.189453125,-0.18183538,0.189453125,0.079038404
0.19140625,-0.47458088,0.19140625,1.0044461,0.19140625,-0.3716954,0.19140625,-0.51558304,0.19140625,1.5679228e-12,0.19140625,0.2661948,0.19140625,1.800847,0.19140625,-1.6460958
0.193359375,-0.39210856,0.193359375,-0.04068432,0.193359375,0.19703129,0.193359375,-0.34369645,0.193359375,7.831825e-12,0.193359375,0.19897953,0.193359375,0.53536123,0.193359375,-1.8687631
0.1953125,-0.46857083,0.1953125,-0.73770314,0.1953125,0.2948176,0.1953125,-0.15622967,0.1953125,9.504266e-12,0.1953125,0.070593566,0.1953125,1.4734533,0.1953125,-1.275036
0.197265625,0.13641042,0.197265625,0.4776302,0.197265625,-0.3120634,0.197265625,0.034001037,0.197265625,4.326811e-12,0.197265625,0.07397781,0.197265625,-0.9333643,0.197265625,0.6420399
0.19921875,-0.18564402,0.19921875,-1.3027704,0.19921875,-0.1730565,0.19921875,0.21444258,0.19921875,2.3409944e-12,0.19921875,0.09160128,0.19921875,-0.5797406,0.19921875,0.60697746
0.201171875,0.008570692,0.201171875,0.52388674,0.201171875,0.3795867,0.201171875,0.373619,0.201171875,-5.360988e-13,0.201171875,0.05722534,0.201171875,0.6990691,0.201171875,1.0549011
0.203125,0.4075665,0.203125,-0.35507137,0.203125,0.024949113,0.203125,0.5018467,0.203125,-2.9745492e-12,0.203125,0.014470169,0.203125,1.3506026,0.203125,1.1245058
0.205078125,-0.25070778,0.205078125,0.7043306,0.205078125,-0.38932136,0.205078125,0.59180695,0.205078125,-2.6743846e-12,0.205078125,-0.010164973,0.205078125,-0.48599008,0.205078125,0.53775674
0.20703125,-0.08961707,0.20703125,-1.1613626,0.20703125,0.12695655,0.20703125,0.6389438,0.20703125,-4.102049e-12,0.20703125,0.0034557725,0.20703125,-0.663872,0.20703125,0.8131253
0.208984375,0.25555113,0.208984375,-1.6713094,0.208984375,0.33978537,0.208984375,0.64166635,0.208984375,-1.833669e-12,0.208984375,-0.039362334,0.208984375,0.41633376,0.208984375,-0.20901471
0.2109375,-0.27120185,0.2109375,-1.0105778,0.2109375,-0.25953424,0.2109375,0.60135114,0.2109375,1.0528467e-12,0.2109375,0.10144994,0.2109375,1.2471297,0.2109375,0.1415979
0.212890625,-0.4230201,0.212890625,-1.0568087,0.212890625,-0.23852015,0.212890625,0.5221515,0.212890625,-1.2010458e-12,0.212890625,0.33072042,0.212890625,1.8885131,0.212890625,0.7475884
0.21484375,-0.21024854,0.21484375,-1.0350058,0.21484375,0.35260016,0.21484375,0.41063362,0.21484375,-2.257276e-12,0.21484375,0.3390556,0.21484375,-0.0006816523,0.21484375,0.040894814
0.216796875,-0.3387787,0.216796875,2.0936189,0.216796875,0.10094239,0.216796875,0.27527058,0.216796875,6.740446e-13,0.216796875,0.35500026,0.216796875,-0.927505,0.216796875,0.26805663
0.21875,0.42969766,0.21875,-1.2277492,0.21875,-0.39198592,0.21875,0.12583187,0.21875,-6.918479e-14,0.21875,0.28573564,0.21875,-0.7465997,0.21875,0.22084773
0.220703125,0.30812037,0.220703125,0.047360882,0.220703125,0.05200294,0.220703125,-0.027288226,0.220703125,-8.529192e-13,0.220703125,0.35670912,0.220703125,-1.3978975,0.220703125,0.9946702
0.22265625,0.13340376,0.22265625,-0.11770384,0.22265625,0.3716954,0.22265625,-0.17375891,0.22265625,5.7030715e-13,0.22265625,0.2826207,0.22265625,0.010805829,0.22265625,1.9079822
0.224609375,0.3714606,0.224609375,0.2227034,0.224609375,-0.19703129,0.224609375,-0.30397362,0.224609375,4.953304e-12,0.224609375,0.36871657,0.224609375,0.16629086,0.224609375,1.8670644
0.2265625,0.30367208,0.2265625,0.06729394,0.2265625,-0.2948176,0.2265625,-0.4096438,0.2265625,1.2095485e-11,0.2265625,0.39933625,0.2265625,-0.5419572,0.2265625,-0.33020476
0.228515625,-0.31342995,0.228515625,-1.2288107,0.228515625,0.3120634,0.228515625,-0.48429212,0.228515625,8.268675e-12,0.228515625,0.32520685,0.228515625,-0.88191795,0.228515625,0.8077742
0.23046875,0.392559,0.23046875,1.3408641,0.23046875,0.1730565,0.23046875,-0.5236186,0.23046875,-1.7613419e-12,0.23046875,0.45605648,0.23046875,0.69028646,0.23046875,1.7553599
0.232421875,0.039342243,0.232421875,0.76396674,0.232421875,-0.3795867,0.232421875,-0.52572274,0.232421875,1.8059443e-12,0.232421875,0.4530046,0.232421875,-0.6169084,0.232421875,1.1724124
0.234375,0.30744016,0.234375,0.9311891,0.234375,-0.024949113,0.234375,-0.4911738,0.234375,1.2021375e-11,0.234375,0.3559075,0.234375,-0.6946831,0.234375,1.7163134
0.236328125,0.3960913,0.236328125,0.88984,0.236328125,0.38932136,0.236328125,-0.42292863,0.236328125,1.69584e-12,0.236328125,0.52507544,0.236328125,-1.3442371,0.236328125,0.12184965
0.23828125,-0.18199652,0.23828125,0.66868407,0.23828125,-0.12695655,0.23828125,-0.32610804,0.23828125,-7.153082e-12,0.23828125,0.18386097,0.23828125,-1.5063007,0.23828125,1.2522385
0.240234375,-0.38994807,0.240234375,1.4780071,0.240234375,-0.33978537,0.240234375,-0.20764633,0.240234375,-2.783288e-13,0.240234375,0.45702624,0.240234375,-0.37936714,0.240234375,2.3307807
0.2421875,-0.27206483,0.2421875,-0.6738157,0.2421875,0.25953424,0.2421875,-0.0758373,0.2421875,-2.9928585e-13,0.2421875,0.44835812,0.2421875,0.07978669,0.2421875,0.58554506
0.244140625,-0.07289221,0.244140625,0.04788503,0.244140625,0.23852015,0.244140625,0.060196713,0.244140625,-1.6691961e-12,0.244140625,0.008991536,0.244140625,-0.9266639,0.244140625,-0.06399299
0.24609375,0.31801477,0.24609375,0.5134607,0.24609375,-0.35260016,0.24609375,0.19108237,0.24609375,3.0995115e-12,0.24609375,1.0290924,0.24609375,-1.5582117,0.24609375,1.1980473
0.248046875,0.3607306,0.248046875,-0.6959368,0.248046875,-0.10094239,0.248046875,0.3077876,0.248046875,-2.410934e-12,0.248046875,-0.0028120482,0.248046875,-1.081666,0.248046875,0.4753396
0.25,-0.49304786,0.25,0.14650586,0.25,0.39198592,0.25,0.40219578,0.25,-9.271662e-12,0.25,0.4336688,0.25,-0.39889973,0.25,1.0144413
0.251953125,0.010747302,0.251953125,-2.2481163,0.251953125,-0.05200294,0.251953125,0.46763077,0.251953125,-2.6890699e-12,0.251953125,1.0724577,0.251953125,-1.6448488,0.251953125,0.36865112
0.25390625,-0.082589,0.25390625,0.883776,0.25390625,-0.3716954,0.25390625,0.4993019,0.25390625,-3.4125272e-12,0.25390625,-0.4909728,0.25390625,-0.67839724,0.25390625,-0.16604677
0.255859375,-0.2778922,0.255859375,0.43084058,0.255859375,0.19703129,0.255859375,0.49464384,0.255859375,-1.537112e-12,0.255859375,1.4284238,0.255859375,-1.6006057,0.255859375,-1.8779421
0.2578125,-0.38013464,0.2578125,0.6949275,0.2578125,0.2948176,0.2578125,0.45352742,0.2578125,-2.8930555e-13,0.2578125,-0.13853115,0.2578125,-0.8983587,0.2578125,-0.51260793
0.259765625,-0.16238482,0.259765625,0.5558493,0.259765625,-0.3120634,0.259765625,0.3783261,0.259765625,-1.6256631e-12,0.259765625,0.1468219,0.259765625,-1.2109828,0.259765625,-0.65032935
0.26171875,0.44290972,0.26171875,0.33788478,0.26171875,-0.1730565,0.26171875,0.27382722,0.26171875,-3.6573943e-12,0.26171875,2.0592523,0.26171875,-1.0789595,0.26171875,-1.8194796
0.263671875,-0.17679706,0.263671875,-1.5147706,0.263671875,0.3795867,0.263671875,0.14698593,0.263671875,-2.81259e-12,0.263671875,-1.2660419,0.263671875,-0.91361517,0.263671875,-1.0246665
0.265625,0.018790621,0.265625,-0.020113535,0.265625,0.024949113,0.265625,0.0065281535,0.265625,-1.9420743e-12,0.265625,2.1582184,0.265625,-0.9448746,0.265625,-0.44201487
0.267578125,0.20301896,0.267578125,-1.8086308,0.267578125,-0.38932136,0.267578125,-0.13758124,0.267578125,5.7778744e-13,0.267578125,0.5199533,0.267578125,-1.5166899,0.267578125,0.4930161
0.26953125,-0.13637039,0.26953125,-0.87053245,0.26953125,0.12695655,0.26953125,-0.27478027,0.26953125,3.4890099e-12,0.26953125,-0.49656492,0.26953125,0.6300125,0.26953125,-1.0444152
0.271484375,0.4717821,0.271484375,0.90031904,0.271484375,0.33978537,0.271484375,-0.39462677,0.271484375,1.9205397e-12,0.271484375,3.3270044,0.271484375,0.6547111,0.271484375,-2.889748
0.2734375,0.4624473,0.2734375,1.2508811,0.2734375,-0.25953424,0.2734375,-0.4875476,0.2734375,2.0109042e-12,0.2734375,-1.3116282,0.2734375,-1.3636906,0.2734375,-1.7781006
0.275390625,-0.2482177,0.275390625,0.27793244,0.275390625,-0.23852015,0.275390625,-0.54557157,0.275390625,8.400793e-13,0.275390625,1.9440448,0.275390625,0.18398593,0.275390625,0.07453952
0.27734375,-0.002751494,0.27734375,0.09427747,0.27734375,0.35260016,0.27734375,-0.5629927,0.27734375,-2.6262922e-13,0.27734375,1.2030714,0.27734375,-0.26875302,0.27734375,0.32208252
0.279296875,-0.19912168,0.279296875,0.6478047,0.279296875,0.10094239,0.279296875,-0.53691125,0.279296875,1.847816e-12,0.279296875,-1.1483344,0.279296875,1.3175917,0.279296875,-2.8467703
0.28125,-0.2151595,0.28125,-0.3004647,0.28125,-0.39198592,0.28125,-0.46760318,0.28125,9.018074e-12,0.28125,3.2730436,0.28125,-0.14881548,0.28125,-1.5075091
0.283203125,-0.46311304,0.283203125,0.76600844,0.283203125,0.05200294,0.283203125,-0.3586761,0.283203125,2.7550655e-12,0.283203125,-0.8414116,0.283203125,0.62655157,0.283203125,-3.354752
0.28515625,0.109564334,0.28515625,-0.7052594,0.28515625,0.3716954,0.28515625,-0.21698321,0.28515625,-3.477792e-13,0.28515625,1.1918238,0.28515625,1.3012081,0.28515625,-0.0003578997
0.287109375,0.0026790232,0.287109375,-0.09824983,0.287109375,-0.19703129,0.287109375,-0.05228117,0.287109375,4.385468e-12,0.287109375,1.7550371,0.287109375,1.4125128,0.287109375,-0.41254875
0.2890625,-0.44852126,0.2890625,-0.27347445,0.2890625,-0.2948176,0.2890625,0.1233619,0.2890625,2.504063e-12,0.2890625,-0.722378,0.2890625,0.22445937,0.2890625,-0.83182853
0.291015625,-0.22135353,0.291015625,-0.5233034,0.291015625,0.3120634,0.291015625,0.296382,0.291015625,-3.0566708e-12,0.291015625,2.5474112,0.291015625,1.9334354,0.291015625,-1.0868183
0.29296875,0.4082659,0.29296875,-0.12670152,0.29296875,0.1730565,0.29296875,0.45271134,0.29296875,-5.987867e-12,0.29296875,0.10217768,0.29296875,0.5559017,0.29296875,-0.38722456
0.294921875,-0.2604381,0.294921875,0.10314227,0.294921875,-0.3795867,0.294921875,0.5788803,0.294921875,-2.153035e-12,0.294921875,0.7573151,0.294921875,1.3370509,0.294921875,0.1917428
0.296875,-0.35510513,0.296875,0.37685168,0.296875,-0.024949113,0.296875,0.66314816,0.296875,1.3658938e-12,0.296875,1.5331013,0.296875,1.8241566,0.296875,-1.1141086
0.298828125,-0.010547239,0.298828125,-0.17352399,0.298828125,0.38932136,0.298828125,0.6965702,0.298828125,-4.7500844e-12,0.298828125,-0.18970978,0.298828125,-0.09018047,0.298828125,-1.5863191
0.30078125,0.48565045,0.30078125,1.5096129,0.30078125,-0.12695655,0.30078125,0.67390704,0.30078125,-1.0398569e-11,0.30078125,1.392481,0.30078125,0.7806442,0.30078125,0.708092
0.302734375,-0.25794473,0.302734375,-0.459871,0.302734375,-0.33978537,0.302734375,0.59428704,0.302734375,-3.5356687e-12,0.302734375,0.57288057,0.302734375,3.2441165,0.302734375,-0.5159114
0.3046875,0.17213555,0.3046875,-1.2041333,0.3046875,0.25953424,0.3046875,0.4615455,0.3046875,-1.7097967e-12,0.3046875,0.5902262,0.3046875,0.6090562,0.3046875,0.47537
0.306640625,0.26161963,0.306640625,-1.3676314,0.306640625,0.23852015,0.306640625,0.28418714,0.306640625,-2.7234341e-12,0.306640625,1.1043617,0.306640625,0.34186536,0.306640625,-1.2195418
0.30859375,-0.26236245,0.30859375,0.091076516,0.30859375,-0.35260016,0.30859375,0.07494628,0.30859375,-3.0142414e-12,0.30859375,0.4065225,0.30859375,-0.9498794,0.30859375,0.0034563204
0.310546875,0.22821635,0.310546875,-0.6403399,0.310546875,-0.10094239,0.310546875,-0.15004669,0.310546875,-4.1117205e-12,0.310546875,0.9081305,0.310546875,1.3779036,0.310546875,1.7080965
0.3125,-0.13221687,0.3125,-1.2230939,0.3125,0.39198592,0.3125,-0.37244856,0.3125,-3.835591e-12,0.3125,0.8519469,0.3125,0.7418325,0.3125,2.4061916
0.314453125,0.13230583,0.314453125,-2.2373903,0.314453125,-0.05200294,0.314453125,-0.57315713,0.314453125,6.816097e-12,0.314453125,0.7369875,0.314453125,1.2475106,0.314453125,2.0089872
0.31640625,0.13352971,0.31640625,0.77796096,0.31640625,-0.3716954,0.31640625,-0.7339256,0.31640625,7.2710384e-12,0.31640625,0.99587256,0.31640625,0.12156626,0.31640625,1.3227257
0.318359375,0.035774685,0.318359375,1.0757905,0.318359375,0.19703129,0.318359375,-0.83900476,0.318359375,-2.3289901e-13,0.318359375,0.7737253,0.318359375,-1.0788598,0.318359375,-0.7624472
0.3203125,-0.40971023,0.3203125,-0.7095573,0.3203125,0.2948176,0.3203125,-0.8766678,0.3203125,3.667319e-12,0.3203125,0.8033623,0.3203125,0.6310812,0.3203125,-0.58916396
0.322265625,0.3353025,0.322265625,-1.4568006,0.322265625,-0.3120634,0.322265625,-0.84047145,0.322265625,5.89251e-12,0.322265625,0.67465216,0.322265625,0.3302011,0.322265625,0.29051933
0.32421875,-0.17921993,0.32421875,-2.1990874,0.32421875,-0.1730565,0.32421875,-0.73012215,0.32421875,-2.0281068e-12,0.32421875,0.67691374,0.32421875,0.68172264,0.32421875,1.882197
0.326171875,-0.31348148,0.326171875,0.69850916,0.326171875,0.3795867,0.326171875,-0.55184156,0.326171875,-5.4035396e-12,0.326171875,0.6275964,0.326171875,-1.087232,0.326171875,0.6186127
0.328125,-0.45922485,0.328125,-1.003676,0.328125,0.024949113,0.328125,-0.3181668,0.328125,-3.819885e-12,0.328125,0.5070181,0.328125,0.19684976,0.328125,0.5436691
0.330078125,0.09089294,0.330078125,1.9220835,0.330078125,-0.38932136,0.330078125,-0.047165647,0.330078125,-4.0248746e-12,0.330078125,0.50739986,0.330078125,-0.8098989,0.330078125,2.3423553
0.33203125,0.17756437,0.33203125,-0.99995816,0.33203125,0.12695655,0.33203125,0.23889565,0.33203125,-1.3218698e-12,0.33203125,0.5238401,0.33203125,1.6160091,0.33203125,1.2235132
0.333984375,-0.48341218,0.333984375,0.8391086,0.333984375,0.33978537,0.333984375,0.5153442,0.333984375,2.243668e-12,0.333984375,0.6082813,0.333984375,1.0215038,0.333984375,0.89930844
0.3359375,0.012093058,0.3359375,-1.4085114,0.3359375,-0.25953424,0.3359375,0.75721264,0.3359375,1.256844e-12,0.3359375,0.60071826,0.3359375,-0.11370367,0.3359375,-0.79778093
0.337890625,-0.27350423,0.337890625,0.33005935,0.337890625,-0.23852015,0.337890625,0.9414943,0.337890625,-2.284665e-12,0.337890625,0.5906644,0.337890625,-0.19961585,0.337890625,-0.65096486
0.33984375,0.14517279,0.33984375,-3.1656663,0.33984375,0.35260016,0.33984375,1.0493392,0.33984375,-6.509006e-12,0.33984375,0.56931835,0.33984375,-0.59429777,0.33984375,0.5631627
0.341796875,-0.3256336,0.341796875,-0.26775783,0.341796875,0.10094239,0.341796875,1.0679816,0.341796875,-4.9178114e-12,0.341796875,0.43881214,0.341796875,-1.5268673,0.341796875,1.3840349
0.34375,0.19093774,0.34375,0.8472306,0.34375,-0.39198592,0.34375,0.9922028,0.34375,-5.6086884e-13,0.34375,0.41347796,0.34375,-1.3040295,0.34375,-0.5068753
0.345703125,-0.11326465,0.345703125,-2.6784518,0.345703125,0.05200294,0.345703125,0.82516557,0.345703125,-4.3106724e-13,0.345703125,0.49817026,0.345703125,0.6768816,0.345703125,-0.21423925
0.34765625,0.43673,0.34765625,0.6664523,0.34765625,0.3716954,0.34765625,0.5785069,0.34765625,-3.124747e-12,0.34765625,0.6501601,0.34765625,0.5011585,0.34765625,-1.1095232
0.349609375,-0.36247906,0.349609375,-0.8066188,0.349609375,-0.19703129,0.349609375,0.27164158,0.349609375,-3.1069153e-12,0.349609375,0.56934583,0.349609375,-0.67738175,0.349609375,1.0964584
0.3515625,-0.15893365,0.3515625,0.41222107,0.3515625,-0.2948176,0.3515625,-0.06969912,0.3515625,1.5400615e-12,0.3515625,0.6177091,0.3515625,-0.7169987,0.3515625,0.5995828
0.353515625,-0.38652647,0.353515625,0.3315378,0.353515625,0.3120634,0.353515625,-0.4155931,0.353515625,1.4092773e-13,0.353515625,0.4819501,0.353515625,-0.56998473,0.353515625,-1.2928203
0.35546875,0.4246936,0.35546875,0.4424768,0.35546875,0.1730565,0.35546875,-0.73454714,0.35546875,1.501443e-12,0.35546875,0.38311544,0.35546875,-0.70464325,0.35546875,1.0043232
0.357421875,0.37733936,0.357421875,0.83614534,0.357421875,-0.3795867,0.357421875,-0.99638456,0.357421875,3.8106697e-12,0.357421875,0.23540445,0.357421875,-0.59297717,0.357421875,-0.15537359
0.359375,-0.24205837,0.359375,0.9434509,0.359375,-0.024949113,0.359375,-1.1751347,0.359375,-3.2497724e-12,0.359375,0.15753318,0.359375,0.73181456,0.359375,-0.71372366
0.361328125,0.15998405,0.361328125,1.678166,0.361328125,0.38932136,0.361328125,-1.2516474,0.361328125,-9.4853595e-12,0.361328125,0.060959745,0.361328125,-0.3972461,0.361328125,-1.7646391
0.36328125,0.3172222,0.36328125,-0.31528607,0.36328125,-0.12695655,0.36328125,-1.2156653,0.36328125,-9.510793e-12,0.36328125,0.057616714,0.36328125,-0.2238678,0.36328125,-1.0903932
0.365234375,0.05520081,0.365234375,-0.6914644,0.365234375,-0.33978537,0.365234375,-1.0671316,0.365234375,-1.24994225e-11,0.365234375,0.014841303,0.365234375,-1.4325223,0.365234375,-1.0670316
0.3671875,0.029650578,0.3671875,-2.7225814,0.3671875,0.25953424,0.3671875,-0.81656814,0.3671875,-6.9321692e-12,0.3671875,0.14953083,0.3671875,-0.0022613343,0.3671875,0.729249
0.369140625,-0.25814772,0.369140625,0.009677916,0.369140625,0.23852015,0.369140625,-0.48445165,0.369140625,-1.1001592e-12,0.369140625,0.26651272,0.369140625,0.053582862,0.369140625,-0.46982318
0.37109375,-0.40689725,0.37109375,0.48627096,0.37109375,-0.35260016,0.37109375,-0.09960421,0.37109375,-3.3209004e-12,0.37109375,0.35716888,0.37109375,0.56567603,0.37109375,-1.7785132
0.373046875,0.39721575,0.373046875,1.0539856,0.373046875,-0.10094239,0.373046875,0.3032848,0.373046875,-3.3855074e-12,0.373046875,0.31821933,0.373046875,-0.11671415,0.373046875,-3.239325
0.375,0.40041804,0.375,0.5233437,0.375,0.39198592,0.375,0.6867963,0.375,-2.873417e-13,0.375,0.28870213,0.375,-0.12819865,0.375,-0.45661288
0.376953125,0.13310146,0.376953125,0.25772366,0.376953125,-0.05200294,0.376953125,1.0142964,0.376953125,-2.0746343e-12,0.376953125,0.39984784,0.376953125,0.10801959,0.376953125,1.4612069
0.37890625,-0.16097021,0.37890625,-0.34305716,0.37890625,-0.3716954,0.37890625,1.2534965,0.37890625,-5.3040927e-12,0.37890625,0.47083512,0.37890625,0.4468938,0.37890625,-0.5204142
0.380859375,-0.15079042,0.380859375,-0.4787654,0.380859375,0.19703129,0.380859375,1.3797078,0.380859375,-3.820475e-12,0.380859375,0.4802141,0.380859375,0.5834561,0.380859375,-1.7681206
0.3828125,0.22595568,0.3828125,-1.492896,0.3828125,0.2948176,0.3828125,1.3784581,0.3828125,-2.7875024e-12,0.3828125,0.4876102,0.3828125,0.8510274,0.3828125,-1.8827502
0.384765625,0.39711025,0.384765625,-0.87627524,0.384765625,-0.3120634,0.384765625,1.2471871,0.384765625,-2.3479294e-12,0.384765625,0.38488188,0.384765625,1.1826702,0.384765625,-1.165637
0.38671875,0.38708642,0.38671875,-2.0519083,0.38671875,-0.1730565,0.38671875,0.9958215,0.38671875,1.6007855e-12,0.38671875,0.39001176,0.38671875,0.07659198,0.38671875,0.7104694
0.388671875,0.27987555,0.388671875,0.09795973,0.388671875,0.3795867,0.388671875,0.6461329,0.388671875,4.1874906e-12,0.388671875,0.43220708,0.388671875,-0.11299525,0.388671875,-0.56637055
0.390625,0.14203164,0.390625,0.6555819,0.390625,0.024949113,0.390625,0.22990616,0.390625,2.9209072e-12,0.390625,0.46816984,0.390625,0.4257621,0.390625,0.7421643
0.392578125,-0.41586003,0.392578125,-0.7788201,0.392578125,-0.38932136,0.392578125,-0.21393818,0.392578125,6.917886e-13,0.392578125,0.43415847,0.392578125,2.176708,0.392578125,-1.1781986
0.39453125,-0.33837128,0.39453125,0.86600953,0.39453125,0.12695655,0.39453125,-0.6430086,0.39453125,2.138693e-13,0.39453125,0.55924886,0.39453125,0.7018525,0.39453125,-0.71470267
0.396484375,0.39855418,0.396484375,0.5661357,0.396484375,0.33978537,0.396484375,-1.0155492,0.396484375,-3.0440173e-12,0.396484375,0.5356907,0.396484375,-0.9154605,0.396484375,-0.50902474
0.3984375,0.10642906,0.3984375,-1.1164308,0.3984375,-0.25953424,0.3984375,-1.2945862,0.3984375,1.0469012e-12,0.3984375,0.39054155,0.3984375,0.9866924,0.3984375,0.6930681
0.400390625,-0.49080294,0.400390625,1.4613837,0.400390625,-0.23852015,0.400390625,-1.4516952,0.400390625,3.4962562e-12,0.400390625,0.44388485,0.400390625,0.035912164,0.400390625,1.3617935
0.40234375,-0.39852846,0.40234375,-0.27920392,0.40234375,0.35260016,0.40234375,-1.4699986,0.40234375,7.9182646e-13,0.40234375,0.44464076,0.40234375,1.7801408,0.40234375,0.2234238
0.404296875,0.16350177,0.404296875,-0.32157746,0.404296875,0.10094239,0.404296875,-1.3460662,0.404296875,8.907488e-12,0.404296875,0.54219824,0.404296875,1.1035992,0.404296875,1.6786658
0.40625,-0.4949384,0.40625,0.1505211,0.40625,-0.39198592,0.40625,-1.0905002,0.40625,1.4257105e-11,0.40625,0.65212417,0.40625,0.25603122,0.40625,-0.6284099
0.408203125,-0.33919194,0.408203125,1.5574468,0.408203125,0.05200294,0.408203125,-0.7271114,0.408203125,3.8409602e-13,0.408203125,0.64482236,0.408203125,-0.26495272,0.408203125,-0.6144747
0.41015625,0.04873379,0.41015625,0.30175975,0.41015625,0.3716954,0.41015625,-0.29074052,0.41015625,-1.56903e-12,0.41015625,0.65109867,0.41015625,1.8467648,0.41015625,0.9581631
0.412109375,0.1918952,0.412109375,-0.27966353,0.412109375,-0.19703129,0.412109375,0.17608315,0.412109375,5.0548793e-12,0.412109375,0.7054777,0.412109375,0.9378111,0.412109375,0.34667492
0.4140625,0.15196125,0.4140625,0.6173451,0.4140625,-0.2948176,0.4140625,0.627326,0.4140625,1.4790506e-12,0.4140625,0.5392174,0.4140625,0.72663826,0.4140625,1.018443
0.416015625,-0.2757307,0.416015625,-0.11318933,0.416015625,0.3120634,0.416015625,1.0180626,0.416015625,3.3777393e-12,0.416015625,0.4685104,0.416015625,-0.5693529,0.416015625,-0.41940358
0.41796875,0.21217923,0.41796875,-0.13671641,0.41796875,0.1730565,0.41796875,1.3090482,0.41796875,1.0684995e-11,0.41796875,0.45897108,0.41796875,-1.6974444,0.41796875,0.38128453
0.419921875,-0.26275092,0.419921875,0.35079503,0.419921875,-0.3795867,0.419921875,1.4707761,0.419921875,5.4672694e-12,0.419921875,0.44235098,0.419921875,0.85841584,0.419921875,0.8529929
0.421875,-0.1746003,0.421875,1.9424865,0.421875,-0.024949113,0.421875,1.4865898,0.421875,5.927564e-12,0.421875,0.5286998,0.421875,-0.10569198,0.421875,2.4243176
0.423828125,0.2464914,0.423828125,-0.06474025,0.423828125,0.38932136,0.423828125,1.354511,0.423828125,5.965795e-12,0.423828125,0.48463893,0.423828125,-0.57212883,0.423828125,2.160728
0.42578125,0.1496329,0.42578125,1.020639,0.42578125,-0.12695655,0.42578125,1.0875702,0.42578125,2.2282389e-12,0.42578125,0.39989936,0.42578125,-0.48784843,0.42578125,1.5357099
0.427734375,0.3492234,0.427734375,0.6749964,0.427734375,-0.33978537,0.427734375,0.71258664,0.427734375,4.7786827e-12,0.427734375,0.46318117,0.427734375,0.012243036,0.427734375,-1.5329559
0.4296875,0.15761289,0.4296875,-0.054892745,0.4296875,0.25953424,0.4296875,0.26750103,0.4296875,1.089992e-11,0.4296875,0.56631213,0.4296875,-0.18913862,0.4296875,-0.41796267
0.431640625,0.06830861,0.431640625,1.6401533,0.431640625,0.23852015,0.431640625,-0.20247461,0.431640625,5.8874273e-12,0.431640625,0.51411265,0.431640625,-1.0505855,0.431640625,2.2718256
0.43359375,-0.40632522,0.43359375,-1.1988902,0.43359375,-0.35260016,0.43359375,-0.6495,0.43359375,-6.082257e-13,0.43359375,0.6153606,0.43359375,-0.6627884,0.43359375,1.8681072
0.435546875,-0.1322842,0.435546875,0.84493834,0.435546875,-0.10094239,0.435546875,-1.0280602,0.435546875,8.7874375e-13,0.435546875,0.58306444,0.435546875,-0.7691966,0.435546875,-1.4440761
0.4375,-0.23479763,0.4375,-0.81777376,0.4375,0.39198592,0.4375,-1.299708,0.4375,1.691085e-12,0.4375,0.6652476,0.4375,-0.4724164,0.4375,-2.346842
0.439453125,-0.25601035,0.439453125,-1.5296626,0.439453125,-0.05200294,0.439453125,-1.4370908,0.439453125,8.948114e-14,0.439453125,0.60356575,0.439453125,-1.1760427,0.439453125,0.6533266
0.44140625,0.47301054,0.44140625,0.88465226,0.44140625,-0.3716954,0.44140625,-1.426826,0.44140625,2.0531445e-12,0.44140625,0.7078938,0.44140625,-0.057598576,0.44140625,1.53683
0.443359375,-0.10690228,0.443359375,-0.52926874,0.443359375,0.19703129,0.443359375,-1.270912,0.443359375,4.0950836e-12,0.443359375,0.74401903,0.443359375,-0.26509854,0.443359375,0.5202209
0.4453125,0.39204654,0.4453125,-1.8245757,0.4453125,0.2948176,0.4453125,-0.98651236,0.4453125,3.6209336e-12,0.4453125,0.71728754,0.4453125,0.1758673,0.4453125,0.4587679
0.447265625,0.13113862,0.447265625,1.7784714,0.447265625,-0.3120634,0.447265625,-0.6041287,0.447265625,4.0581552e-13,0.447265625,0.51138306,0.447265625,0.08791899,0.447265625,-1.0152249
0.44921875,0.2948113,0.44921875,-0.9038801,0.44921875,-0.1730565,0.44921875,-0.16435114,0.44921875,-5.1069904e-12,0.44921875,0.46661213,0.44921875,-1.0354848,0.44921875,-1.2488594
0.451171875,0.0026370932,0.451171875,0.21674725,0.451171875,0.3795867,0.451171875,0.28647003,0.451171875,3.1984805e-12,0.451171875,0.42435214,0.451171875,-0.66031027,0.451171875,-0.73811126
0.453125,0.07690389,0.453125,-1.193955,0.453125,0.024949113,0.453125,0.70116544,0.453125,7.783226e-12,0.453125,0.48259538,0.453125,-0.39375198,0.453125,-0.71921235
0.455078125,-0.007482306,0.455078125,1.9712197,0.455078125,-0.38932136,0.455078125,1.0367689,0.455078125,6.959024e-12,0.455078125,0.4364008,0.455078125,-0.6056451,0.455078125,1.2762955e-06
0.45703125,-0.304757,0.45703125,-0.13596459,0.45703125,0.12695655,0.45703125,1.2590746,0.45703125,7.1273534e-12,0.45703125,0.37240395,0.45703125,-0.28933758,0.45703125,-0.7306281
0.458984375,0.22245212,0.458984375,1.5254322,0.458984375,0.33978537,0.458984375,1.3462355,0.458984375,2.989537e-12,0.458984375,0.57725155,0.458984375,0.14970176,0.458984375,1.2042129
0.4609375,-0.21922764,0.4609375,1.6087317,0.4609375,-0.25953424,0.4609375,1.2910098,0.4609375,3.491431e-12,0.4609375,0.78139967,0.4609375,1.0963573,0.4609375,-1.7285516
0.462890625,-0.47568405,0.462890625,1.5387197,0.462890625,-0.23852015,0.462890625,1.1014148,0.462890625,3.89371e-12,0.462890625,0.88309467,0.462890625,2.116234,0.462890625,-1.2778368
0.46484375,0.1454723,0.46484375,-1.3369904,0.46484375,0.35260016,0.46484375,0.7997194,0.46484375,3.866853e-12,0.46484375,0.7657342,0.46484375,1.2867349,0.46484375,0.076639615
0.466796875,-0.32288933,0.466796875,1.2420323,0.466796875,0.10094239,0.466796875,0.4198933,0.466796875,2.8353674e-12,0.466796875,0.7378646,0.466796875,-1.2666591,0.466796875,0.40681887
0.46875,0.4404586,0.46875,1.1272942,0.46875,-0.39198592,0.46875,0.003799539,0.46875,5.1863185e-13,0.46875,0.77839315,0.46875,-1.257411,0.46875,-0.43838316
0.470703125,0.4539286,0.470703125,0.8970883,0.470703125,0.05200294,0.470703125,-0.403442,0.470703125,7.428992e-13,0.470703125,0.760356,0.470703125,-0.11413507,0.470703125,-0.1494601
0.47265625,0.4148644,0.47265625,-0.9671015,0.47265625,0.3716954,0.47265625,-0.75840276,0.47265625,4.5703567e-12,0.47265625,0.7076753,0.47265625,0.3274769,0.47265625,-1.8461056
0.474609375,-0.1298413,0.474609375,-1.944902,0.474609375,-0.19703129,0.474609375,-1.024055,0.474609375,3.966788e-12,0.474609375,0.73213065,0.474609375,0.14428057,0.474609375,-2.9343536
0.4765625,-0.48454338,0.4765625,0.60321784,0.4765625,-0.2948176,0.4765625,-1.1737221,0.4765625,4.828881e-12,0.4765625,0.79089916,0.4765625,-0.70057696,0.4765625,-0.4128903
0.478515625,0.42831856,0.478515625,-0.42037815,0.478515625,0.3120634,0.478515625,-1.1938374,0.478515625,3.3732036e-12,0.478515625,0.94966567,0.478515625,-0.29316792,0.478515625,0.50782055
0.48046875,-0.07181585,0.48046875,-0.74476343,0.48046875,0.1730565,0.48046875,-1.0852156,0.48046875,3.1167885e-12,0.48046875,0.8472205,0.48046875,1.3394204,0.48046875,-1.7064203
0.482421875,0.4666548,0.482421875,0.85094434,0.482421875,-0.3795867,0.482421875,-0.8627123,0.482421875,8.6725375e-12,0.482421875,0.8988603,0.482421875,-0.36919504,0.482421875,-1.5451277
0.484375,0.46361998,0.484375,-0.41078088,0.484375,-0.024949113,0.484375,-0.55332947,0.484375,3.2596246e-12,0.484375,1.0175333,0.484375,0.88576406,0.484375,-0.8331403
0.486328125,0.35300946,0.486328125,-0.6367956,0.486328125,0.38932136,0.486328125,-0.19299777,0.486328125,2.4270904e-12,0.486328125,1.1423842,0.486328125,-0.33307692,0.486328125,0.53558755
0.48828125,-0.2055511,0.48828125,0.085281804,0.48828125,-0.12695655,0.48828125,0.17758106,0.48828125,3.800896e-12,0.48828125,1.1289707,0.48828125,1.0589429,0.48828125,0.8167591
0.490234375,-0.11490227,0.490234375,1.2393751,0.490234375,-0.33978537,0.490234375,0.5175518,0.490234375,3.2670665e-12,0.490234375,0.9558867,0.490234375,0.54080683,0.490234375,-2.0352046
0.4921875,0.35113668,0.4921875,-1.7258842,0.4921875,0.25953424,0.4921875,0.7904533,0.4921875,1.1156349e-11,0.4921875,1.014266,0.4921875,0.9751486,0.4921875,-0.10560231
0.494140625,-0.18307799,0.494140625,-0.08058501,0.494140625,0.23852015,0.494140625,0.968184,0.494140625,1.5249708e-11,0.494140625,1.0517912,0.494140625,-0.8632201,0.494140625,0.03999331
0.49609375,-0.33050725,0.49609375,-1.0460992,0.49609375,-0.35260016,0.49609375,1.0339446,0.49609375,4.454722e-12,0.49609375,0.9677054,0.49609375,-1.2550787,0.49609375,-0.6601323
0.498046875,0.056801263,0.498046875,-0.8568263,0.498046875,-0.10094239,0.498046875,0.9838457,0.498046875,-9.642567e-13,0.498046875,0.9046599,0.498046875,-1.8384391,0.498046875,-1.0537409
0.5,0.43615478,0.5,-1.2099673,0.5,0.39198592,0.5,0.82702017,0.5,9.517617e-12,0.5,1.0602692,0.5,-0.23273061,0.5,-0.4287775
0.501953125,0.1960298,0.501953125,0.15099475,0.501953125,-0.05200294,0.501953125,0.5842612,0.501953125,1.0742663e-11,0.501953125,1.0623803,0.501953125,-0.035667203,0.501953125,0.14080255
0.50390625,0.07006117,0.50390625,0.5462078,0.50390625,-0.3716954,0.50390625,0.28537086,0.50390625,5.0849277e-12,0.50390625,0.8783183,0.50390625,-0.9913504,0.50390625,0.28120822
0.505859375,-0.4028235,0.505859375,-0.13553125,0.505859375,0.19703129,0.505859375,-0.034447577,0.505859375,9.361749e-12,0.505859375,0.94111884,0.505859375,-0.48649344,0.505859375,0.030613998
0.5078125,0.11500723,0.5078125,2.1743631,0.5078125,0.2948176,0.5078125,-0.3387199,0.5078125,1.249831e-11,0.5078125,0.8651957,0.5078125,-0.10431975,0.5078125,0.29613146
0.509765625,0.49005386,0.509765625,1.2721595,0.509765625,-0.3120634,0.509765625,-0.5938666,0.509765625,4.438448e-12,0.509765625,0.8069936,0.509765625,-0.07764631,0.509765625,0.11122048
0.51171875,-0.35991597,0.51171875,1.7670043,0.51171875,-0.1730565,0.51171875,-0.772925,0.51171875,-9.783848e-15,0.51171875,0.84099543,0.51171875,0.028076561,0.51171875,1.3642412
0.513671875,0.018329652,0.513671875,0.55564976,0.513671875,0.3795867,0.513671875,-0.8584128,0.513671875,1.0224772e-11,0.513671875,0.7280524,0.513671875,-0.29608327,0.513671875,1.921235
0.515625,0.37737307,0.515625,-0.08687201,0.515625,0.024949113,0.515625,-0.8440242,0.515625,9.052646e-12,0.515625,0.7624698,0.515625,-1.7628106,0.515625,1.286005
0.517578125,0.24076861,0.517578125,2.872259,0.517578125,-0.38932136,0.517578125,-0.7349975,0.517578125,1.1453503e-11,0.517578125,0.70957446,0.517578125,-1.1960092,0.517578125,0.16144569
0.51953125,0.19701575,0.51953125,0.07794168,0.51953125,0.12695655,0.51953125,-0.5471489,0.51953125,1.1241695e-11,0.51953125,0.6881296,0.51953125,-0.6409609,0.51953125,-0.26030666
0.521484375,0.20248409,0.521484375,-2.7683527,0.521484375,0.33978537,0.521484375,-0.30472153,0.521484375,2.1009659e-12,0.521484375,0.77660584,0.521484375,-1.2725384,0.521484375,1.2122096
0.5234375,-0.14050885,0.5234375,1.0129101,0.5234375,-0.25953424,0.5234375,-0.037335213,0.5234375,2.2387268e-12,0.5234375,0.699451,0.5234375,0.37888747,0.5234375,2.519627
0.525390625,-0.20640816,0.525390625,-1.453992,0.525390625,-0.23852015,0.525390625,0.22358452,0.525390625,2.6588493e-12,0.525390625,0.75038165,0.525390625,-0.9012211,0.525390625,1.0243043
0.52734375,0.30936116,0.52734375,0.7704879,0.52734375,0.35260016,0.52734375,0.44846871,0.52734375,3.3470156e-12,0.52734375,0.87328446,0.52734375,-0.59656507,0.52734375,-0.29074138
0.529296875,0.3101134,0.529296875,-0.22176237,0.529296875,0.10094239,0.529296875,0.6129331,0.529296875,7.313773e-13,0.529296875,0.91553986,0.529296875,-0.3526139,0.529296875,0.8576935
0.53125,0.3670723,0.53125,0.10418493,0.53125,-0.39198592,0.53125,0.70039815,0.53125,-1.6036994e-12,0.53125,0.94867563,0.53125,-1.121534,0.53125,1.6129215
0.533203125,0.41324055,0.533203125,-0.8821785,0.533203125,0.05200294,0.533203125,0.70372254,0.533203125,2.7193718e-12,0.533203125,0.8248641,0.533203125,1.5955124,0.533203125,1.2323487
0.53515625,0.011342399,0.53515625,-0.4483729,0.53515625,0.3716954,0.53515625,0.62569475,0.53515625,4.496551e-12,0.53515625,0.6686896,0.53515625,-1.2337526,0.53515625,0.34633338
0.537109375,0.0015162947,0.537109375,-0.103444226,0.537109375,-0.19703129,0.537109375,0.4783657,0.537109375,-1.5207599e-12,0.537109375,0.58416957,0.537109375,-0.20908237,0.537109375,0.3259238
0.5390625,0.29829517,0.5390625,-0.23307021,0.5390625,-0.2948176,0.5390625,0.28133872,0.5390625,-3.4308682e-12,0.5390625,0.5353562,0.5390625,-0.5091879,0.5390625,0.16977704
0.541015625,0.14996393,0.541015625,0.14518327,0.541015625,0.3120634,0.541015625,0.059252076,0.541015625,3.6027056e-12,0.541015625,0.58956105,0.541015625,-0.56974435,0.541015625,0.6711247
0.54296875,0.20196688,0.54296875,-0.7579364,0.54296875,0.1730565,0.54296875,-0.16123012,0.54296875,1.13920835e-11,0.54296875,0.68741304,0.54296875,1.7415882,0.54296875,1.1214869
0.544921875,0.29579267,0.544921875,0.20739655,0.544921875,-0.3795867,0.544921875,-0.3545544,0.544921875,4.4553185e-12,0.544921875,0.7199833,0.544921875,-0.76515293,0.544921875,0.82236046
0.546875,0.39000535,0.546875,-0.7549726,0.546875,-0.024949113,0.546875,-0.49917942,0.546875,-2.3460528e-12,0.546875,0.495264,0.546875,0.20209631,0.546875,-0.064737044
0.548828125,-0.16200484,0.548828125,0.64561075,0.548828125,0.38932136,0.548828125,-0.5799185,0.548828125,2.1249163e-13,0.548828125,0.35921723,0.548828125,-0.44408086,0.548828125,0.40510833
0.55078125,-0.124417044,0.55078125,0.39211753,0.55078125,-0.12695655,0.55078125,-0.58947754,0.55078125,1.9484934e-12,0.55078125,0.29875296,0.55078125,-0.39227837,0.55078125,0.6302256
0.552734375,-0.40601805,0.552734375,-0.048825588,0.552734375,-0.33978537,0.552734375,-0.52904075,0.552734375,-1.0385542e-12,0.552734375,0.31730485,0.552734375,1.5498497,0.552734375,0.22090033
0.5546875,0.07828014,0.5546875,0.9950019,0.5546875,0.25953424,0.5546875,-0.40787208,0.5546875,-2.8219582e-12,0.5546875,0.38775736,0.5546875,0.6678971,0.5546875,0.251853
0.556640625,-0.4640577,0.556640625,-0.6629702,0.556640625,0.23852015,0.556640625,-0.24201009,0.556640625,-3.9341304e-12,0.556640625,0.33658782,0.556640625,-0.36599323,0.556640625,-0.31681973
0.55859375,-0.034401983,0.55859375,-0.4322361,0.55859375,-0.35260016,0.55859375,-0.052233763,0.55859375,-4.3749327e-12,0.55859375,0.38061994,0.55859375,-1.1138829,0.55859375,0.5816705
0.560546875,0.042644635,0.560546875,0.050023858,0.560546875,-0.10094239,0.560546875,0.13844967,0.560546875,5.413592e-13,0.560546875,0.34695348,0.560546875,0.05647319,0.560546875,-1.3400931
0.5625,-0.21345875,0.5625,-0.065575056,0.5625,0.39198592,0.5625,0.30749968,0.5625,4.319902e-12,0.5625,0.3478625,0.5625,1.5633266,0.5625,-1.3953958
0.564453125,0.09083326,0.564453125,-0.34702182,0.564453125,-0.05200294,0.564453125,0.43541506,0.564453125,3.6714963e-12,0.564453125,0.28142217,0.564453125,1.0739948,0.564453125,-0.83477604
0.56640625,-0.46949974,0.56640625,0.7535888,0.56640625,-0.3716954,0.56640625,0.5079028,0.56640625,2.6626863e-12,0.56640625,0.21982548,0.56640625,0.07936361,0.56640625,-1.6110119
0.568359375,-0.46265182,0.568359375,-0.37714717,0.568359375,0.19703129,0.568359375,0.5174137,0.568359375,3.7160986e-12,0.568359375,0.16626345,0.568359375,-0.33169842,0.568359375,0.15366298
0.5703125,0.32260057,0.5703125,-0.33612177,0.5703125,0.2948176,0.5703125,0.4638907,0.5703125,3.9280116e-12,0.5703125,0.12272313,0.5703125,0.77532095,0.5703125,-1.1723305
0.572265625,-0.13980936,0.572265625,-0.8523024,0.572265625,-0.3120634,0.572265625,0.3546636,0.572265625,1.3046666e-11,0.572265625,0.027710956,0.572265625,-0.14156267,0.572265625,-1.4596249
0.57421875,-0.3729395,0.57421875,-0.6490636,0.57421875,-0.1730565,0.57421875,0.20351611,0.57421875,8.726636e-12,0.57421875,0.13510993,0.57421875,0.62011343,0.57421875,-2.4703336
0.576171875,0.02224326,0.576171875,1.19009,0.576171875,0.3795867,0.576171875,0.02903856,0.576171875,3.2362357e-12,0.576171875,0.37827832,0.576171875,1.0380509,0.576171875,0.5002599
0.578125,0.26999354,0.578125,-0.75142103,0.578125,0.024949113,0.578125,-0.14754662,0.578125,3.5699443e-12,0.578125,0.4372585,0.578125,-1.1297897,0.578125,0.551708
0.580078125,-0.28417897,0.580078125,1.1884341,0.580078125,-0.38932136,0.580078125,-0.3048467,0.580078125,1.00026775e-11,0.580078125,0.4741238,0.580078125,0.23141612,0.580078125,-1.6901512
0.58203125,0.12289047,0.58203125,-0.0829617,0.58203125,0.12695655,0.58203125,-0.42377833,0.58203125,9.622694e-12,0.58203125,0.47522196,0.58203125,1.5707225,0.58203125,-1.6964198
0.583984375,-0.41465253,0.583984375,0.5882249,0.583984375,0.33978537,0.583984375,-0.48979402,0.583984375,3.82124e-12,0.583984375,0.3689414,0.583984375,0.46000835,0.583984375,-2.3375778
0.5859375,-0.44831827,0.5859375,-1.2618876,0.5859375,-0.25953424,0.5859375,-0.49460948,0.5859375,1.3505658e-12,0.5859375,0.4179545,0.5859375,0.5421697,0.5859375,1.1824507
0.587890625,0.031354632,0.587890625,-0.078912854,0.587890625,-0.23852015,0.587890625,-0.4372359,0.587890625,3.7169365e-12,0.587890625,0.26127353,0.587890625,-0.07149719,0.587890625,0.04397283
0.58984375,0.04063512,0.58984375,-0.43743014,0.58984375,0.35260016,0.58984375,-0.32419112,0.58984375,1.2168707e-12,0.58984375,0.30465603,0.58984375,-0.73752916,0.58984375,-0.30308938
0.591796875,0.13742991,0.591796875,-0.65650463,0.591796875,0.10094239,0.591796875,-0.16884935,0.591796875,-9.888904e-13,0.591796875,0.5432864,0.591796875,0.6542276,0.591796875,-0.30606693
0.59375,0.22609134,0.59375,-0.7343011,0.59375,-0.39198592,0.59375,0.010020136,0.59375,-1.1800253e-12,0.59375,0.096499994,0.59375,0.9496141,0.59375,-0.17351334
0.595703125,0.47585207,0.595703125,-0.7126255,0.595703125,0.05200294,0.595703125,0.19038378,0.595703125,-2.3481009e-12,0.595703125,0.67780906,0.595703125,-0.40587065,0.595703125,0.5495691
0.59765625,0.016300349,0.59765625,1.6107112,0.59765625,0.3716954,0.59765625,0.3495232,0.59765625,-3.647629e-12,0.59765625,0.34258634,0.59765625,0.015093605,0.59765625,-0.07102949
0.599609375,-0.17704353,0.599609375,0.22606467,0.599609375,-0.19703129,0.599609375,0.46678224,0.599609375,-3.1848638e-12,0.599609375,0.2346708,0.599609375,-1.2633779,0.599609375,-1.6842774
0.6015625,0.2951862,0.6015625,0.1699626,0.6015625,-0.2948176,0.6015625,0.52616733,0.6015625,-1.8993492e-12,0.6015625,1.0924085,0.6015625,0.9293358,0.6015625,0.45641032
0.603515625,-0.22916774,0.603515625,-1.28405,0.603515625,0.3120634,0.603515625,0.5184863,0.603515625,2.355522e-13,0.603515625,-0.27551347,0.603515625,0.20726039,0.603515625,-0.19672938
0.60546875,-0.06102858,0.60546875,0.37304294,0.60546875,0.1730565,0.60546875,0.4427468,0.60546875,-9.005906e-13,0.60546875,0.7809171,0.60546875,-1.0717907,0.60546875,1.3278923
0.607421875,-0.42154363,0.607421875,1.0637686,0.607421875,-0.3795867,0.607421875,0.30660537,0.607421875,-3.3802319e-12,0.607421875,0.46254984,0.607421875,0.62571096,0.607421875,-0.47197035
0.609375,-0.47464925,0.609375,0.05463553,0.609375,-0.024949113,0.609375,0.12576056,0.609375,-2.0210621e-12,0.609375,-0.41238853,0.609375,-0.42954493,0.609375,0.4066493
0.611328125,0.46264842,0.611328125,0.3293163,0.611328125,0.38932136,0.611328125,-0.077697024,0.611328125,-2.677533e-12,0.611328125,1.8694413,0.611328125,0.60727113,0.611328125,0.821965
0.61328125,0.33598012,0.61328125,-0.024501124,0.61328125,-0.12695655,0.61328125,-0.27783185,0.61328125,-4.827928e-12,0.61328125,-1.038048,0.61328125,-1.4221088,0.61328125,2.7737584
0.615234375,0.1959742,0.615234375,-1.3327101,0.615234375,-0.33978537,0.615234375,-0.44804063,0.615234375,-5.7611194e-12,0.615234375,0.8535135,0.615234375,-0.3335015,0.615234375,2.169092
0.6171875,-0.091047056,0.6171875,-0.33122975,0.6171875,0.25953424,0.6171875,-0.56449115,0.6171875,-4.1478435e-12,0.6171875,1.124136,0.6171875,-0.047796387,0.6171875,-0.013546991
0.619140625,-0.3267057,0.619140625,0.40256235,0.619140625,0.23852015,0.619140625,-0.60939467,0.619140625,-1.7927042e-12,0.619140625,-1.5048729,0.619140625,-0.8059624,0.619140625,1.1485112
0.62109375,-0.34356296,0.62109375,-1.9536088,0.62109375,-0.35260016,0.62109375,-0.57367176,0.62109375,-5.797676e-13,0.62109375,2.5195801,0.62109375,-0.52443564,0.62109375,2.4637465
0.623046875,-0.2497571,0.623046875,0.6436641,0.623046875,-0.10094239,0.623046875,-0.45861995,0.623046875,-4.252141e-12,0.623046875,-1.2254598,0.623046875,0.9812488,0.623046875,2.7710426
0.625,0.049226664,0.625,0.12978433,0.625,0.39198592,0.625,-0.27629346,0.625,-3.780053e-12,0.625,0.02871213,0.625,-0.59829825,0.625,0.24693659
0.626953125,0.21459593,0.626953125,-0.70517737,0.626953125,-0.05200294,0.626953125,-0.048457537,0.626953125,7.692141e-12,0.626953125,1.5330015,0.626953125,0.17829819,0.626953125,0.62938666
0.62890625,0.16019738,0.62890625,1.5222887,0.62890625,-0.3716954,0.62890625,0.19583704,0.62890625,1.2754914e-11,0.62890625,-2.5199928,0.62890625,1.0047634,0.62890625,0.27070385
0.630859375,-0.2200661,0.630859375,-0.25475994,0.630859375,0.19703129,0.630859375,0.423822,0.630859375,1.5889993e-12,0.630859375,2.1495898,0.630859375,-0.12154787,0.630859375,2.2050853
0.6328125,0.45486528,0.6328125,0.7463772,0.6328125,0.2948176,0.6328125,0.6033079,0.6328125,-4.8087584e-12,0.6328125,-1.0746094,0.6328125,0.25008088,0.6328125,0.74629486
0.634765625,0.23789692,0.634765625,0.62244225,0.634765625,-0.3120634,0.634765625,0.7071636,0.634765625,-1.4460242e-12,0.634765625,-0.8644548,0.634765625,-0.82835656,0.634765625,1.023641
0.63671875,0.054354053,0.63671875,-0.04106887,0.63671875,-0.1730565,0.63671875,0.71736556,0.63671875,1.0391122e-12,0.63671875,1.4950564,0.63671875,0.82587755,0.63671875,0.46379235
0.638671875,0.11172075,0.638671875,0.23161286,0.638671875,0.3795867,0.638671875,0.628022,0.638671875,-1.7796206e-12,0.638671875,-2.5571413,0.638671875,-1.239776,0.638671875,-1.658583
0.640625,-0.08039994,0.640625,1.2681005,0.640625,0.024949113,0.640625,0.44687545,0.640625,-2.752075e-12,0.640625,1.0547097,0.640625,-0.32695612,0.640625,1.148563
0.642578125,-0.252269,0.642578125,0.40249646,0.642578125,-0.38932136,0.642578125,0.19497031,0.642578125,-2.7557823e-13,0.642578125,-0.4287321,0.642578125,0.87365,0.642578125,-0.35486203
0.64453125,-0.14402732,0.64453125,1.0981607,0.64453125,0.12695655,0.64453125,-0.09558632,0.64453125,2.7235918e-12,0.64453125,-1.2197176,0.64453125,-2.9777594,0.64453125,0.39571822
0.646484375,0.25784612,0.646484375,0.50282174,0.646484375,0.33978537,0.646484375,-0.38557535,0.646484375,3.6997883e-12,0.646484375,1.1411312,0.646484375,-0.10797713,0.646484375,-2.0103087
0.6484375,-0.48560652,0.6484375,-0.44849446,0.6484375,-0.25953424,0.6484375,-0.6338683,0.6484375,2.7054307e-12,0.6484375,-1.304287,0.6484375,-0.19883472,0.6484375,0.37420708
0.650390625,-0.38392735,0.650390625,0.2954796,0.650390625,-0.23852015,0.650390625,-0.80321026,0.650390625,-8.2536126e-13,0.650390625,0.46237233,0.650390625,0.12353039,0.650390625,0.017905543
0.65234375,-0.45399734,0.65234375,0.14423665,0.65234375,0.35260016,0.65234375,-0.8657798,0.65234375,-9.9546944e-14,0.65234375,0.09873244,0.65234375,0.7964515,0.65234375,0.9594504
0.654296875,-0.4592712,0.654296875,-0.83612144,0.654296875,0.10094239,0.654296875,-0.80770314,0.654296875,2.9963406e-12,0.654296875,-0.62511885,0.654296875,0.048857845,0.654296875,-0.60231304
0.65625,0.35546058,0.65625,0.20091791,0.65625,-0.39198592,0.65625,-0.63179624,0.65625,9.304966e-12,0.65625,0.6572128,0.65625,-1.0125948,0.65625,0.12155684
0.658203125,0.20365787,0.658203125,-0.06514776,0.658203125,0.05200294,0.658203125,-0.358028,0.658203125,4.0840504e-12,0.658203125,-0.24019219,0.658203125,-0.8078029,0.658203125,1.4921743
0.66015625,-0.025826171,0.66015625,-0.6611024,0.66015625,0.3716954,0.66015625,-0.021497507,0.66015625,3.659379e-12,0.66015625,0.18103111,0.66015625,0.23765379,0.66015625,-0.87237877
0.662109375,-0.40216583,0.662109375,-1.6096483,0.662109375,-0.19703129,0.662109375,0.33191985,0.662109375,9.545289e-12,0.662109375,0.41978186,0.662109375,1.3133404,0.662109375,-1.9720471
0.6640625,-0.008384125,0.6640625,0.36724058,0.6640625,-0.2948176,0.6640625,0.6517483,0.6640625,4.530868e-12,0.6640625,0.06677107,0.6640625,0.07881149,0.6640625,-2.2397168
0.666015625,-0.02652823,0.666015625,-0.21555269,0.666015625,0.3120634,0.666015625,0.89009535,0.666015625,1.634808e-13,0.666015625,0.2802102,0.666015625,0.9554135,0.666015625,-1.8689959
0.66796875,-0.32679814,0.66796875,-0.88004595,0.66796875,0.1730565,0.66796875,1.0088284,0.66796875,3.740658e-14,0.66796875,0.083110794,0.66796875,-2.3449192,0.66796875,-1.0265088
0.669921875,-0.06614835,0.669921875,0.6499302,0.669921875,-0.3795867,0.669921875,0.9856713,0.669921875,-5.2819423e-14,0.669921875,-0.0812723,0.669921875,-0.42782822,0.669921875,-0.02115618
0.671875,-0.101495266,0.671875,-0.7591471,0.671875,-0.024949113,0.671875,0.8182489,0.671875,1.0885364e-13,0.671875,-0.1297021,0.671875,1.4782668,0.671875,-1.332534
0.673828125,0.1158501,0.673828125,-0.3180569,0.673828125,0.38932136,0.673828125,0.52536106,0.673828125,2.0407892e-12,0.673828125,-0.32682273,0.673828125,0.73564374,0.673828125,-2.002145
0.67578125,0.13509364,0.67578125,0.78444004,0.67578125,-0.12695655,0.67578125,0.14514974,0.67578125,6.9050694e-12,0.67578125,-0.30617124,0.67578125,0.17835206,0.67578125,-1.126209
0.677734375,-0.454696,0.677734375,-1.0044084,0.677734375,-0.33978537,0.677734375,-0.2697238,0.677734375,2.2861411e-12,0.677734375,-0.34609663,0.677734375,-2.0328379,0.677734375,1.6602345
0.6796875,-0.12538739,0.6796875,-1.4275434,0.6796875,0.25953424,0.6796875,-0.65931284,0.6796875,-4.756274e-12,0.6796875,-0.18901435,0.6796875,-0.34221005,0.6796875,-1.168796
0.681640625,0.12585992,0.681640625,-0.2857385,0.681640625,0.23852015,0.681640625,-0.9650516,0.681640625,-3.4992439e-12,0.681640625,0.0353175,0.681640625,1.3831598,0.681640625,-0.06276517
0.68359375,0.0031362586,0.68359375,0.62595344,0.68359375,-0.35260016,0.68359375,-1.1386057,0.68359375,6.0264234e-13,0.68359375,-0.07470415,0.68359375,1.3806627,0.68359375,-2.3576412
0.685546875,0.35648984,0.685546875,-0.008647895,0.685546875,-0.10094239,0.685546875,-1.1495658,0.685546875,1.0382535e-13,0.685546875,-0.14724347,0.685546875,0.29523253,0.685546875,-1.0174059
0.6875,0.15869363,0.6875,-0.7796105,0.6875,0.39198592,0.6875,-0.99075484,0.6875,-4.0490207e-12,0.6875,-0.07725162,0.6875,-1.0129981,0.6875,-0.65722954
0.689453125,-0.33706558,0.689453125,1.5443878,0.689453125,-0.05200294,0.689453125,-0.6802278,0.689453125,-3.239277e-12,0.689453125,-0.2631306,0.689453125,1.4328647,0.689453125,0.5210648
0.69140625,-0.42943126,0.69140625,-0.26333985,0.69140625,-0.3716954,0.69140625,-0.25950837,0.69140625,3.6915427e-12,0.69140625,-0.4373514,0.69140625,0.3187075,0.69140625,-1.9454583
0.693359375,0.14241928,0.693359375,0.33418977,0.693359375,0.19703129,0.693359375,0.21183118,0.693359375,5.7748775e-12,0.693359375,-0.37017202,0.693359375,1.1886774,0.693359375,-1.6941005
0.6953125,-0.4734887,0.6953125,0.8911049,0.6953125,0.2948176,0.6953125,0.66456765,0.6953125,1.0262748e-11,0.6953125,-0.3429781,0.6953125,-0.7653408,0.6953125,-0.332945
0.697265625,0.085775584,0.697265625,-0.7911824,0.697265625,-0.3120634,0.697265625,1.030031,0.697265625,9.1979774e-12,0.697265625,-0.3644613,0.697265625,-2.434093,0.697265625,0.071735024
0.69921875,0.44023025,0.69921875,1.4763597,0.69921875,-0.1730565,0.69921875,1.2506095,0.69921875,1.4421295e-12,0.69921875,-0.3263205,0.69921875,-1.0347923,0.69921875,-0.09969221
0.701171875,0.07547418,0.701171875,0.16206855,0.701171875,0.3795867,0.701171875,1.2889396,0.701171875,1.1187775e-12,0.701171875,-0.5149162,0.701171875,0.9359106,0.701171875,-0.21813865
0.703125,-0.11183007,0.703125,-0.781389,0.703125,0.024949113,0.703125,1.1343025,0.703125,-8.670179e-13,0.703125,-0.62048686,0.703125,1.8976544,0.703125,1.01878
0.705078125,0.14328822,0.705078125,-0.564885,0.705078125,-0.38932136,0.705078125,0.8051239,0.705078125,1.4249921e-12,0.705078125,-0.7324481,0.705078125,0.88226587,0.705078125,0.86183864
0.70703125,-0.041747108,0.70703125,-0.018029004,0.70703125,0.12695655,0.70703125,0.34704491,0.70703125,4.091664e-12,0.70703125,-0.65018463,0.70703125,0.10267565,0.70703125,0.22329886
0.708984375,0.04561679,0.708984375,1.6264817,0.708984375,0.33978537,0.708984375,-0.17329635,0.708984375,1.9516973e-12,0.708984375,-0.75482005,0.708984375,-0.46170938,0.708984375,-0.19706947
0.7109375,0.4414648,0.7109375,0.9661267,0.7109375,-0.25953424,0.7109375,-0.67794836,0.7109375,7.034062e-12,0.7109375,-0.8333157,0.7109375,-0.14039092,0.7109375,1.6293105
0.712890625,-0.11389736,0.712890625,0.72231156,0.712890625,-0.23852015,0.712890625,-1.0893962,0.712890625,5.5553357e-12,0.712890625,-0.658161,0.712890625,1.4983026,0.712890625,0.43980455
0.71484375,0.46119055,0.71484375,-1.4961293,0.71484375,0.35260016,0.71484375,-1.3425997,0.71484375,-3.2232864e-12,0.71484375,-0.56044424,0.71484375,0.23911098,0.71484375,3.067216
0.716796875,0.40535066,0.716796875,0.53816044,0.716796875,0.10094239,0.716796875,-1.3954333,0.716796875,-8.8192534e-13,0.716796875,-0.42031085,0.716796875,-0.8688043,0.716796875,-1.1041783
0.71875,-0.30420887,0.71875,0.6120649,0.71875,-0.39198592,0.71875,-1.2358329,0.71875,4.199014e-12,0.71875,-0.448081,0.71875,1.3583599,0.71875,0.04963041
0.720703125,-0.4306387,0.720703125,0.07583507,0.720703125,0.05200294,0.720703125,-0.88441736,0.720703125,5.697401e-12,0.720703125,-0.4671584,0.720703125,0.5065585,0.720703125,1.7580405
0.72265625,-0.399222,0.72265625,-0.76562697,0.72265625,0.3716954,0.72265625,-0.39203873,0.72265625,4.8141794e-12,0.72265625,-0.39113507,0.72265625,-0.5509483,0.72265625,1.9892957
0.724609375,-0.48177817,0.724609375,1.1171192,0.724609375,-0.19703129,0.724609375,0.16749609,0.724609375,8.718438e-12,0.724609375,-0.44477648,0.724609375,-0.37466118,0.724609375,0.8020568
0.7265625,-0.40555704,0.7265625,0.010560562,0.7265625,-0.2948176,0.7265625,0.70850915,0.7265625,6.435828e-13,0.7265625,-0.55472726,0.7265625,-0.20431934,0.7265625,-0.64258695
0.728515625,0.18300678,0.728515625,-1.2117034,0.728515625,0.3120634,0.728515625,1.1466767,0.728515625,-3.9401776e-12,0.728515625,-0.59946567,0.728515625,-1.2880371,0.728515625,0.20335567
0.73046875,-0.42881134,0.73046875,-1.1310995,0.73046875,0.1730565,0.73046875,1.4123422,0.73046875,-2.5728684e-12,0.73046875,-0.4299275,0.73046875,-0.785716,0.73046875,1.7599226
0.732421875,-0.18102437,0.732421875,0.65743816,0.732421875,-0.3795867,0.732421875,1.4617918,0.732421875,-3.2801422e-12,0.732421875,-0.36763975,0.732421875,-1.519753,0.732421875,1.6414576
0.734375,0.3448753,0.734375,0.7923252,0.734375,-0.024949113,0.734375,1.2846377,0.734375,-6.9351914e-13,0.734375,-0.48649123,0.734375,-0.8249448,0.734375,1.1013942
0.736328125,-0.47672805,0.736328125,-0.44656128,0.736328125,0.38932136,0.736328125,0.90603805,0.736328125,-2.1440842e-12,0.736328125,-0.68674004,0.736328125,-0.76598537,0.736328125,-0.07741186
0.73828125,0.31446847,0.73828125,-0.05502685,0.73828125,-0.12695655,0.73828125,0.3832803,0.73828125,-2.0987114e-12,0.73828125,-0.8206868,0.73828125,-0.27935484,0.73828125,-0.20862427
0.740234375,-0.21814522,0.740234375,0.62200624,0.740234375,-0.33978537,0.740234375,-0.2028384,0.740234375,4.57978e-12,0.740234375,-0.8712072,0.740234375,-0.23856945,0.740234375,2.1254706
0.7421875,-0.38183516,0.7421875,-0.4446248,0.7421875,0.25953424,0.7421875,-0.7605494,0.7421875,-3.1617642e-13,0.7421875,-0.96451,0.7421875,-0.85906756,0.7421875,0.6220431
0.744140625,0.19673717,0.744140625,1.4066426,0.744140625,0.23852015,0.744140625,-1.2016181,0.744140625,-6.5952803e-12,0.744140625,-1.0657804,0.744140625,0.21453734,0.744140625,0.25218925
0.74609375,0.12894285,0.74609375,-3.2928774,0.74609375,-0.35260016,0.74609375,-1.4555053,0.74609375,3.0022794e-12,0.74609375,-1.1234505,0.74609375,0.21051279,0.74609375,0.06590089
0.748046875,0.377472,0.748046875,-0.8876162,0.748046875,-0.10094239,0.748046875,-1.4808803,0.748046875,1.0460453e-12,0.748046875,-0.8994353,0.748046875,-0.6405703,0.748046875,0.5943713
0.75,0.23507105,0.75,1.019953,0.75,0.39198592,0.75,-1.2725735,0.75,-8.9215435e-13,0.75,-0.8255793,0.75,0.12780513,0.75,-1.1994783
0.751953125,0.30348092,0.751953125,1.3830175,0.751953125,-0.05200294,0.751953125,-0.8627636,0.751953125,1.1115271e-11,0.751953125,-0.83034205,0.751953125,-0.51311433,0.751953125,-1.56237
0.75390625,-0.21796542,0.75390625,-0.0037812495,0.75390625,-0.3716954,0.75390625,-0.31612372,0.75390625,8.368086e-12,0.75390625,-0.8687084,0.75390625,-1.0103055,0.75390625,-1.8898367
0.755859375,-0.32256046,0.755859375,-1.6035638,0.755859375,0.19703129,0.755859375,0.28036517,0.755859375,-8.726166e-14,0.755859375,-0.890653,0.755859375,0.78628737,0.755859375,0.040175967
0.7578125,0.25061476,0.7578125,-1.0069196,0.7578125,0.2948176,0.7578125,0.8313319,0.7578125,1.9136675e-13,0.7578125,-0.9315673,0.7578125,0.22410733,0.7578125,0.3497259
0.759765625,0.30683473,0.759765625,0.26922,0.759765625,-0.3120634,0.759765625,1.248427,0.759765625,7.6602535e-12,0.759765625,-0.82421404,0.759765625,-0.0902019,0.759765625,-0.45762077
0.76171875,0.49050513,0.76171875,0.74477077,0.76171875,-0.1730565,0.76171875,1.4647127,0.76171875,1.241586e-11,0.76171875,-0.81546175,0.76171875,0.06788508,0.76171875,-0.076933816
0.763671875,-0.087382324,0.763671875,-0.5554254,0.763671875,0.3795867,0.763671875,1.4456508,0.763671875,4.9464365e-12,0.763671875,-0.65302974,0.763671875,1.1288788,0.763671875,-0.26640758
0.765625,-0.12798192,0.765625,0.71037906,0.765625,0.024949113,0.765625,1.1948476,0.765625,-8.1982245e-14,0.765625,-0.6426421,0.765625,0.122882135,0.765625,-0.07379754
0.767578125,0.27641296,0.767578125,-0.53474355,0.767578125,-0.38932136,0.767578125,0.7535606,0.767578125,2.5981647e-13,0.767578125,-0.7968401,0.767578125,-1.053983,0.767578125,-0.45503107
0.76953125,-0.15919647,0.76953125,-0.6144258,0.76953125,0.12695655,0.76953125,0.19400759,0.76953125,-3.6488065e-12,0.76953125,-0.7871333,0.76953125,1.0017233,0.76953125,-0.54927367
0.771484375,0.4307573,0.771484375,-0.51397467,0.771484375,0.33978537,0.771484375,-0.39245653,0.771484375,-1.3955191e-11,0.771484375,-0.7410644,0.771484375,0.97752243,0.771484375,-2.375498
0.7734375,0.35841274,0.7734375,0.4628742,0.7734375,-0.25953424,0.7734375,-0.9103544,0.7734375,-1.5009792e-11,0.7734375,-0.7150597,0.7734375,-0.6163115,0.7734375,-1.9977149
0.775390625,-0.07100597,0.775390625,-3.1480525,0.775390625,-0.23852015,0.775390625,-1.2758098,0.775390625,-5.0302336e-12,0.775390625,-0.5326065,0.775390625,-0.7404484,0.775390625,-0.83847326
0.77734375,0.25087106,0.77734375,-0.38123086,0.77734375,0.35260016,0.77734375,-1.4303601,0.77734375,-3.1099565e-12,0.77734375,-0.4431047,0.77734375,-2.2579772,0.77734375,-1.5690742
0.779296875,0.2545429,0.779296875,-1.2217017,0.779296875,0.10094239,0.779296875,-1.3505441,0.779296875,-1.0288621e-11,0.779296875,-0.6009011,0.779296875,-0.26371908,0.779296875,0.796601
0.78125,-0.39687613,0.78125,1.3007005,0.78125,-0.39198592,0.78125,-1.0516536,0.78125,-1.4119573e-11,0.78125,-0.6324607,0.78125,-0.12930615,0.78125,-1.3309096
0.783203125,0.4025529,0.783203125,0.5259496,0.783203125,0.05200294,0.783203125,-0.58501405,0.783203125,-2.1385068e-12,0.783203125,-0.6936408,0.783203125,1.7124438,0.783203125,-2.2473145
0.78515625,0.0052523725,0.78515625,-1.2436725,0.78515625,0.3716954,0.78515625,-0.029251287,0.78515625,4.0893803e-12,0.78515625,-0.71171117,0.78515625,0.06910406,0.78515625,-1.9246361
0.787109375,0.32645747,0.787109375,1.255878,0.787109375,-0.19703129,0.787109375,0.5229788,0.787109375,2.198944e-12,0.787109375,-0.7794504,0.787109375,0.06415763,0.787109375,0.88295656
0.7890625,-0.1799504,0.7890625,-0.72637016,0.7890625,-0.2948176,0.7890625,0.98055303,0.7890625,6.008223e-12,0.7890625,-0.9123032,0.7890625,-0.4970584,0.7890625,-0.83191514
0.791015625,0.39552322,0.791015625,0.92897844,0.791015625,0.3120634,0.791015625,1.2690994,0.791015625,1.138483e-11,0.791015625,-1.0578245,0.791015625,-0.15853745,0.791015625,-0.57044935
0.79296875,-0.11079832,0.79296875,-1.1865065,0.79296875,0.1730565,0.79296875,1.3432972,0.79296875,1.472833e-11,0.79296875,-1.11745,0.79296875,-0.65825844,0.79296875,1.0435511
0.794921875,-0.48916236,0.794921875,-1.9573194,0.794921875,-0.3795867,0.794921875,1.1941881,0.794921875,2.1078894e-11,0.794921875,-1.0799958,0.794921875,0.018430052,0.794921875,0.05406898
0.796875,0.40538198,0.796875,1.1188828,0.796875,-0.024949113,0.796875,0.8502803,0.796875,2.3067185e-11,0.796875,-1.0825698,0.796875,0.2886039,0.796875,0.42658824
0.798828125,-0.4087133,0.798828125,2.1257958,0.798828125,0.38932136,0.798828125,0.37230262,0.798828125,2.836803e-11,0.798828125,-0.95156217,0.798828125,-0.2566133,0.798828125,1.0473137
0.80078125,-0.18068637,0.80078125,0.65069187,0.80078125,-0.12695655,0.80078125,-0.15745397,0.80078125,3.5666487e-11,0.80078125,-0.81109583,0.80078125,-1.1508386,0.80078125,-0.33572254
0.802734375,0.45006198,0.802734375,-1.5752965,0.802734375,-0.33978537,0.802734375,-0.6493416,0.802734375,3.274474e-11,0.802734375,-0.72460127,0.802734375,0.124802776,0.802734375,0.003744193
0.8046875,0.45060715,0.8046875,-0.5728332,0.8046875,0.25953424,0.8046875,-1.0216438,0.8046875,2.973891e-11,0.8046875,-0.6948777,0.8046875,0.9195494,0.8046875,-0.26835117
0.806640625,0.073437884,0.806640625,-1.5436128,0.806640625,0.23852015,0.806640625,-1.2143164,0.806640625,2.4390713e-11,0.806640625,-0.6935982,0.806640625,-2.0671756,0.806640625,1.63101
0.80859375,0.13183722,0.80859375,1.390823,0.80859375,-0.35260016,0.80859375,-1.19884,0.80859375,1.9452736e-11,0.80859375,-0.64517194,0.80859375,-0.025393639,0.80859375,-0.17241043
0.810546875,-0.05155448,0.810546875,1.537459,0.810546875,-0.10094239,0.810546875,-0.9825327,0.810546875,1.9228955e-11,0.810546875,-0.4336058,0.810546875,0.81966895,0.810546875,1.5573283
0.8125,-0.20678923,0.8125,0.9502028,0.8125,0.39198592,0.8125,-0.6066547,0.8125,1.6417359e-11,0.8125,-0.30537835,0.8125,0.20433766,0.8125,-0.9696003
0.814453125,-0.17133546,0.814453125,1.2812527,0.814453125,-0.05200294,0.814453125,-0.13871464,0.814453125,1.1737592e-11,0.814453125,-0.34366903,0.814453125,1.6537651,0.814453125,-0.12252893
0.81640625,0.17251846,0.81640625,0.62884104,0.81640625,-0.3716954,0.81640625,0.3396074,0.81640625,3.6754926e-12,0.81640625,-0.3727305,0.81640625,-0.04133201,0.81640625,0.99592525
0.818359375,0.25237453,0.818359375,-0.4720252,0.818359375,0.19703129,0.818359375,0.74675995,0.818359375,1.0897402e-12,0.818359375,-0.5408641,0.818359375,-0.9846896,0.818359375,0.42567927
0.8203125,0.29157904,0.8203125,-0.8811512,0.8203125,0.2948176,0.8203125,1.0153277,0.8203125,4.742569e-13,0.8203125,-0.4168342,0.8203125,-0.17614053,0.8203125,1.3938459
0.822265625,0.28961813,0.822265625,-0.03022483,0.822265625,-0.3120634,0.822265625,1.1033179,0.822265625,4.133664e-13,0.822265625,-0.3005943,0.822265625,0.2680383,0.822265625,3.9700062
0.82421875,-0.4087939,0.82421875,-0.64149755,0.82421875,-0.1730565,0.82421875,1.0008096,0.82421875,1.1931423e-12,0.82421875,-0.41510442,0.82421875,-1.3025367,0.82421875,1.0889149
0.826171875,-0.005579695,0.826171875,0.39871103,0.826171875,0.3795867,0.826171875,0.7308988,0.826171875,-1.3610236e-12,0.826171875,-0.4222014,0.826171875,0.22763172,0.826171875,0.053385694
0.828125,-0.44244125,0.828125,0.43305746,0.828125,0.024949113,0.828125,0.34488446,0.828125,-4.865891e-12,0.828125,-0.3312565,0.828125,-0.45615017,0.828125,-0.9244024
0.830078125,0.049528882,0.830078125,0.7234999,0.830078125,-0.38932136,0.830078125,-0.08734129,0.830078125,1.5722514e-12,0.830078125,-0.41312295,0.830078125,-0.38428643,0.830078125,0.062271636
0.83203125,-0.0584695,0.83203125,0.08962214,0.83203125,0.12695655,0.83203125,-0.48991236,0.83203125,-1.7585392e-12,0.83203125,-0.48751923,0.83203125,0.908437,0.83203125,0.8520848
0.833984375,0.3877042,0.833984375,0.96226764,0.833984375,0.33978537,0.833984375,-0.7943379,0.833984375,-1.09131116e-11,0.833984375,-0.43104342,0.833984375,-0.35084143,0.833984375,2.5451255
0.8359375,-0.14908499,0.8359375,0.6710183,0.8359375,-0.25953424,0.8359375,-0.95122063,0.8359375,-2.329161e-12,0.8359375,-0.43208385,0.8359375,-0.9000749,0.8359375,-0.70260936
0.837890625,-0.382933,0.837890625,0.84001076,0.837890625,-0.23852015,0.837890625,-0.93832326,0.837890625,-9.224142e-13,0.837890625,-0.34888616,0.837890625,-0.24418148,0.837890625,0.114791684
0.83984375,-0.3570083,0.83984375,-2.1255858,0.83984375,0.35260016,0.83984375,-0.76365525,0.83984375,-1.5013956e-12,0.83984375,-0.31938374,0.83984375,-1.2825227,0.83984375,1.5510544
0.841796875,0.26151064,0.841796875,-0.8423062,0.841796875,0.10094239,0.841796875,-0.46316367,0.841796875,7.8367526e-13,0.841796875,-0.32063964,0.841796875,-0.35117823,0.841796875,1.1399791
0.84375,0.118218064,0.84375,-0.603764,0.84375,-0.39198592,0.84375,-0.093580335,0.84375,-1.8161852e-12,0.84375,-0.31749842,0.84375,1.0380949,0.84375,0.3706807
0.845703125,-0.39887732,0.845703125,-0.6890353,0.845703125,0.05200294,0.845703125,0.27817988,0.845703125,-9.070607e-13,0.845703125,-0.52318895,0.845703125,-1.7177037,0.845703125,2.4788034
0.84765625,-0.4158932,0.84765625,0.96916384,0.84765625,0.3716954,0.84765625,0.58709615,0.84765625,1.0111083e-12,0.84765625,-0.67296237,0.84765625,-0.9385407,0.84765625,-0.14426422
0.849609375,0.20096913,0.849609375,0.754608,0.849609375,-0.19703129,0.849609375,0.7814147,0.849609375,-4.8903994e-15,0.849609375,-0.61759984,0.849609375,0.77867085,0.849609375,-1.6052364
0.8515625,-0.427237,0.8515625,-1.3945425,0.8515625,-0.2948176,0.8515625,0.8313231,0.8515625,-9.239497e-13,0.8515625,-0.52816325,0.8515625,0.1815083,0.8515625,0.18255591
0.853515625,0.32186005,0.853515625,-0.046851702,0.853515625,0.3120634,0.853515625,0.7334699,0.853515625,-9.004339e-13,0.853515625,-0.4043658,0.853515625,-0.3408732,0.853515625,-1.8693423
0.85546875,0.20624223,0.85546875,1.116199,0.85546875,0.1730565,0.85546875,0.51065516,0.85546875,6.0296126e-13,0.85546875,-0.3178244,0.85546875,-0.40852898,0.85546875,-0.4387147
0.857421875,-0.41865122,0.857421875,0.11726822,0.857421875,-0.3795867,0.857421875,0.20690078,0.857421875,-2.6395028e-12,0.857421875,-0.227112,0.857421875,-0.71723276,0.857421875,0.05288099
0.859375,-0.4151623,0.859375,-0.14621599,0.859375,-0.024949113,0.859375,-0.12107624,0.859375,-1.5681772e-12,0.859375,-0.064791635,0.859375,-0.13236077,0.859375,-0.9086385
0.861328125,0.4866396,0.861328125,3.212264,0.861328125,0.38932136,0.861328125,-0.41435298,0.861328125,7.7897905e-12,0.861328125,0.012379279,0.861328125,0.61036223,0.861328125,-2.2575762
0.86328125,-0.1257292,0.86328125,-0.28864905,0.86328125,-0.12695655,0.86328125,-0.6223228,0.86328125,6.8467285e-12,0.86328125,0.1891154,0.86328125,0.9305324,0.86328125,-0.10931751
0.865234375,-0.12935786,0.865234375,-0.4558227,0.865234375,-0.33978537,0.865234375,-0.7113774,0.865234375,2.2907943e-12,0.865234375,0.11748508,0.865234375,-0.2797448,0.865234375,-0.8713887
0.8671875,0.31279957,0.8671875,0.72383475,0.8671875,0.25953424,0.8671875,-0.670267,0.8671875,4.1101736e-12,0.8671875,0.12607922,0.8671875,0.39052638,0.8671875,-0.63727754
0.869140625,0.44724858,0.869140625,0.08552822,0.869140625,0.23852015,0.869140625,-0.5112996,0.869140625,3.9111154e-12,0.869140625,0.29644534,0.869140625,-0.65293777,0.869140625,-0.6922069
0.87109375,0.48600107,0.87109375,-1.4587907,0.87109375,-0.35260016,0.87109375,-0.2673108,0.87109375,9.629847e-13,0.87109375,0.41788825,0.87109375,0.7432326,0.87109375,-0.29910043
0.873046875,0.25337818,0.873046875,0.2582954,0.873046875,-0.10094239,0.873046875,0.014910773,0.873046875,2.0643383e-12,0.873046875,0.51380557,0.873046875,0.6142988,0.873046875,-1.5919503
0.875,-0.12374041,0.875,0.26921228,0.875,0.39198592,0.875,0.28344795,0.875,4.3224196e-12,0.875,0.59944683,0.875,0.73724824,0.875,-2.3138523
0.876953125,-0.4164993,0.876953125,0.24731342,0.876953125,-0.05200294,0.876953125,0.49068418,0.876953125,1.1852977e-11,0.876953125,0.7357431,0.876953125,-1.212295,0.876953125,0.93147343
0.87890625,0.2771469,0.87890625,-0.18000811,0.87890625,-0.3716954,0.87890625,0.60164154,0.87890625,1.6669712e-11,0.87890625,0.84413874,0.87890625,0.34548065,0.87890625,-0.651763
0.880859375,0.05840425,0.880859375,1.650165,0.880859375,0.19703129,0.880859375,0.5997861,0.880859375,5.4755254e-12,0.880859375,0.96515197,0.880859375,-0.09051262,0.880859375,-0.75670624
0.8828125,-0.07577799,0.8828125,0.45835334,0.8828125,0.2948176,0.8828125,0.48935944,0.8828125,2.1476724e-12,0.8828125,1.0273536,0.8828125,0.32527536,0.8828125,-1.1243335
0.884765625,0.4063544,0.884765625,-0.65915126,0.884765625,-0.3120634,0.884765625,0.29394066,0.884765625,6.56711e-12,0.884765625,1.013473,0.884765625,0.47381952,0.884765625,-1.4770514
0.88671875,-0.38880253,0.88671875,-1.3208312,0.88671875,-0.1730565,0.88671875,0.051620338,0.88671875,1.1741711e-11,0.88671875,0.9259877,0.88671875,0.35396257,0.88671875,0.35157928
0.888671875,-0.0073748957,0.888671875,0.08277661,0.888671875,0.3795867,0.888671875,-0.19225067,0.888671875,7.2139053e-12,0.888671875,0.944927,0.888671875,0.4794762,0.888671875,-0.31539539
0.890625,-0.48864636,0.890625,-0.7428675,0.890625,0.024949113,0.890625,-0.39338106,0.890625,3.1441557e-12,0.890625,1.0298669,0.890625,0.5114466,0.890625,-0.82531893
0.892578125,-0.03133936,0.892578125,1.3953623,0.892578125,-0.38932136,0.892578125,-0.51642805,0.892578125,9.679582e-12,0.892578125,1.0940586,0.892578125,2.0339177,0.892578125,1.27126
0.89453125,-0.44369674,0.89453125,-0.005250557,0.89453125,0.12695655,0.89453125,-0.54108,0.89453125,5.891965e-12,0.89453125,1.0843854,0.89453125,-0.15056166,0.89453125,-0.7937256
0.896484375,-0.38118207,0.896484375,-0.77036715,0.896484375,0.33978537,0.896484375,-0.46531382,0.896484375,-6.188822e-13,0.896484375,1.0855374,0.896484375,-1.791003,0.896484375,-0.18168388
0.8984375,-0.38247377,0.8984375,1.4813578,0.8984375,-0.25953424,0.8984375,-0.30533013,0.8984375,5.910802e-12,0.8984375,1.1573882,0.8984375,-0.9224906,0.8984375,-1.7506373
0.900390625,0.1492103,0.900390625,-0.78413504,0.900390625,-0.23852015,0.900390625,-0.09225787,0.900390625,1.3341893e-11,0.900390625,1.2892283,0.900390625,-0.47941437,0.900390625,0.5135139
0.90234375,0.24604487,0.90234375,1.0426631,0.90234375,0.35260016,0.90234375,0.13372117,0.90234375,5.0790223e-12,0.90234375,1.2972897,0.90234375,-0.13445126,0.90234375,-0.23269512
0.904296875,0.08336876,0.904296875,0.42014036,0.904296875,0.10094239,0.904296875,0.33074814,0.904296875,-5.537992e-13,0.904296875,1.3214663,0.904296875,-0.12992854,0.904296875,-0.063076615
0.90625,0.46217254,0.90625,-1.3019828,0.90625,-0.39198592,0.90625,0.46284553,0.90625,6.4997166e-12,0.90625,1.3309282,0.90625,-0.50683695,0.90625,1.5877002
0.908203125,-0.12512942,0.908203125,-0.7231192,0.908203125,0.05200294,0.908203125,0.50633305,0.908203125,5.9903046e-12,0.908203125,1.3062017,0.908203125,-0.5059572,0.908203125,0.34699425
0.91015625,-0.2142879,0.91015625,1.2937529,0.91015625,0.3716954,0.91015625,0.45398977,0.91015625,2.1725944e-12,0.91015625,1.4873716,0.91015625,1.267486,0.91015625,1.3147367
0.912109375,0.36859912,0.912109375,-1.376711,0.912109375,-0.19703129,0.912109375,0.31625336,0.912109375,8.115749e-12,0.912109375,1.3956871,0.912109375,2.3351529,0.912109375,1.6107785
0.9140625,-0.27640417,0.9140625,0.91434973,0.9140625,-0.2948176,0.9140625,0.119259454,0.9140625,2.5574816e-12,0.9140625,1.5361615,0.9140625,0.31345555,0.9140625,1.0975015
0.916015625,0.46322253,0.916015625,0.44564554,0.916015625,0.3120634,0.916015625,-0.09992846,0.916015625,-5.8862203e-12,0.916015625,1.4474994,0.916015625,-0.8421541,0.916015625,1.1216731
0.91796875,-0.48784554,0.91796875,0.23625992,0.91796875,0.1730565,0.91796875,-0.30006415,0.91796875,-8.330178e-13,0.91796875,1.3715672,0.91796875,-0.19127169,0.91796875,-0.44947433
0.919921875,0.46987882,0.919921875,-0.07719053,0.919921875,-0.3795867,0.919921875,-0.4432577,0.919921875,1.6377313e-12,0.919921875,1.4548256,0.919921875,-0.31831187,0.919921875,1.1431559
0.921875,-0.4568401,0.921875,-0.36761943,0.921875,-0.024949113,0.921875,-0.5019774,0.921875,1.5148464e-12,0.921875,1.3984039,0.921875,0.30428305,0.921875,1.2663587
0.923828125,0.3911431,0.923828125,0.8902585,0.923828125,0.38932136,0.923828125,-0.46425867,0.923828125,3.957387e-12,0.923828125,1.3731613,0.923828125,0.6935566,0.923828125,3.0149965
0.92578125,0.02770111,0.92578125,1.8178105,0.92578125,-0.12695655,0.92578125,-0.33615467,0.92578125,1.0198946e-11,0.92578125,1.3778301,0.92578125,-1.2878423,0.92578125,0.9163214
0.927734375,0.4929648,0.927734375,0.6091332,0.927734375,-0.33978537,0.927734375,-0.14092728,0.927734375,7.432578e-12,0.927734375,1.37963,0.927734375,-0.70668983,0.927734375,0.33208954
0.9296875,-0.42620343,0.9296875,0.5138252,0.9296875,0.25953424,0.9296875,0.08495661,0.9296875,4.5458412e-13,0.9296875,1.3652265,0.9296875,-0.7641193,0.9296875,1.5586711
0.931640625,0.053854283,0.931640625,1.519966,0.931640625,0.23852015,0.931640625,0.29838482,0.931640625,4.0903483e-12,0.931640625,1.4549974,0.931640625,1.3107195,0.931640625,2.4855947
0.93359375,0.46930254,0.93359375,0.40059,0.93359375,-0.35260016,0.93359375,0.4575926,0.93359375,5.493593e-12,0.93359375,1.4753382,0.93359375,0.060337942,0.93359375,1.4534671
0.935546875,0.023097845,0.935546875,-0.4619289,0.935546875,-0.10094239,0.935546875,0.53015924,0.935546875,3.954411e-12,0.935546875,1.5765353,0.935546875,0.11097673,0.935546875,0.2772855
0.9375,0.12939864,0.9375,0.5749461,0.9375,0.39198592,0.9375,0.4995167,0.9375,1.2307421e-12,0.9375,1.7140602,0.9375,-0.38647562,0.9375,-0.19995868
0.939453125,0.19574869,0.939453125,-0.39859712,0.939453125,-0.05200294,0.939453125,0.36868432,0.939453125,1.7418304e-12,0.939453125,1.7759118,0.939453125,1.9733915,0.939453125,-1.0148422
0.94140625,-0.045458935,0.94140625,1.1047665,0.94140625,-0.3716954,0.94140625,0.16039872,0.94140625,1.0000082e-11,0.94140625,1.7889376,0.94140625,0.663968,0.94140625,-0.36054167
0.943359375,0.12755808,0.943359375,0.42748615,0.943359375,0.19703129,0.943359375,-0.086555794,0.943359375,1.0336498e-11,0.943359375,1.9532807,0.943359375,-0.39840144,0.943359375,1.3045533
0.9453125,0.08431431,0.9453125,-2.258574,0.9453125,0.2948176,0.9453125,-0.32429725,0.9453125,2.9776106e-12,0.9453125,1.9180937,0.9453125,0.40190914,0.9453125,0.6594906
0.947265625,0.401158,0.947265625,2.087629,0.947265625,-0.3120634,0.947265625,-0.50489753,0.947265625,2.910938e-12,0.947265625,1.9612002,0.947265625,0.5530163,0.947265625,-1.0124147
0.94921875,-0.45455363,0.94921875,1.1780246,0.94921875,-0.1730565,0.94921875,-0.5898792,0.94921875,1.0720572e-12,0.94921875,1.9713979,0.94921875,0.15651016,0.94921875,0.5511367
0.951171875,-0.21903682,0.951171875,0.8676142,0.951171875,0.3795867,0.951171875,-0.5583131,0.951171875,8.356602e-12,0.951171875,1.965306,0.951171875,-0.3738257,0.951171875,-0.16791822
0.953125,0.4504115,0.953125,-0.13866605,0.953125,0.024949113,0.953125,-0.41183436,0.953125,5.209073e-12,0.953125,1.8857844,0.953125,1.7659342,0.953125,-1.696142
0.955078125,0.3902638,0.955078125,0.15987886,0.955078125,-0.38932136,0.955078125,-0.1753993,0.955078125,1.3152524e-12,0.955078125,1.8671172,0.955078125,-0.40446404,0.955078125,2.2088108
0.95703125,-0.044343248,0.95703125,-0.9888672,0.95703125,0.12695655,0.95703125,0.106617756,0.95703125,1.9859587e-13,0.95703125,1.845625,0.95703125,-0.54063874,0.95703125,-0.31904975
0.958984375,0.120132595,0.958984375,-1.2302468,0.958984375,0.33978537,0.958984375,0.3784737,0.958984375,7.903005e-12,0.958984375,1.8267995,0.958984375,0.1481263,0.958984375,0.192982
0.9609375,-0.22261882,0.9609375,0.17428651,0.9609375,-0.25953424,0.9609375,0.5838646,0.9609375,7.2437607e-12,0.9609375,1.6942816,0.9609375,-0.436681,0.9609375,0.2382701
0.962890625,-0.31187883,0.962890625,-0.26161793,0.962890625,-0.23852015,0.962890625,0.6774485,0.962890625,-9.157239e-13,0.962890625,1.6101048,0.962890625,0.37761188,0.962890625,-1.2730216
0.96484375,-0.036301594,0.96484375,0.2505983,0.96484375,0.35260016,0.96484375,0.63475794,0.96484375,-4.981772e-12,0.96484375,1.6670759,0.96484375,0.6468835,0.96484375,-2.1859915
0.966796875,-0.14664777,0.966796875,0.055978615,0.966796875,0.10094239,0.966796875,0.45835546,0.966796875,-1.069194e-12,0.966796875,1.7434374,0.966796875,-0.66490054,0.966796875,-1.1752363
0.96875,0.08365611,0.96875,-2.509833,0.96875,-0.39198592,0.96875,0.17872438,0.96875,2.3658762e-12,0.96875,1.8182589,0.96875,-0.7999496,0.96875,0.58363307
0.970703125,-0.42226535,0.970703125,-0.843342,0.970703125,0.05200294,0.970703125,-0.15061228,0.970703125,2.16273e-12,0.970703125,1.8335171,0.970703125,0.3373802,0.970703125,-1.254914
0.97265625,0.4743948,0.97265625,-0.98966146,0.97265625,0.3716954,0.97265625,-0.4630739,0.97265625,5.400286e-12,0.97265625,1.7325675,0.97265625,0.19652627,0.97265625,-0.6406654
0.974609375,0.48621073,0.974609375,-0.7258272,0.974609375,-0.19703129,0.974609375,-0.69231415,0.974609375,1.098345e-11,0.974609375,1.7671618,0.974609375,-1.0119476,0.974609375,-0.9809139
0.9765625,0.19816172,0.9765625,-0.46712196,0.9765625,-0.2948176,0.9765625,-0.78621334,0.9765625,2.5815994e-12,0.9765625,1.6886964,0.9765625,-0.29351833,0.9765625,0.894862
0.978515625,0.036096368,0.978515625,2.0419393,0.978515625,0.3120634,0.978515625,-0.7186459,0.978515625,9.870203e-13,0.978515625,1.7932802,0.978515625,-0.02830843,0.978515625,-1.5120339
0.98046875,-0.19047238,0.98046875,-0.8059035,0.98046875,0.1730565,0.98046875,-0.49638256,0.98046875,4.422645e-12,0.98046875,1.9289446,0.98046875,0.48012865,0.98046875,-1.0928637
0.982421875,0.31379503,0.982421875,-0.28348023,0.982421875,-0.3795867,0.982421875,-0.1593655,0.982421875,1.9000467e-13,0.982421875,1.9393302,0.982421875,1.1498735,0.982421875,-2.3441684
0.984375,0.18473117,0.984375,-0.76931965,0.984375,-0.024949113,0.984375,0.22609428,0.984375,2.4946757e-12,0.984375,1.7993071,0.984375,-0.48138157,0.984375,-0.9675476
0.986328125,-0.33738306,0.986328125,-1.7284918,0.986328125,0.38932136,0.986328125,0.5801447,0.986328125,1.4482205e-11,0.986328125,1.867766,0.986328125,0.077287205,0.986328125,-1.8804659
0.98828125,0.41092718,0.98828125,0.5685104,0.98828125,-0.12695655,0.98828125,0.8258268,0.98828125,1.9371543e-11,0.98828125,1.8528113,0.98828125,-0.057837173,0.98828125,0.42115045
0.990234375,0.32253724,0.990234375,0.7914141,0.990234375,-0.33978537,0.990234375,0.9057653,0.990234375,8.705946e-12,0.990234375,1.7994467,0.990234375,0.33300838,0.990234375,0.24411005
0.9921875,0.44979993,0.9921875,-0.018015428,0.9921875,0.25953424,0.9921875,0.79550856,0.9921875,6.7264467e-12,0.9921875,1.7469277,0.9921875,1.6194,0.9921875,-0.9616093
0.994140625,0.22571951,0.994140625,1.4511577,0.994140625,0.23852015,0.994140625,0.51043063,0.994140625,1.0886193e-11,0.994140625,1.7512767,0.994140625,-0.56050783,0.994140625,-0.82872397
0.99609375,0.1134152,0.99609375,1.4356195,0.99609375,-0.35260016,0.99609375,0.10433694,0.99609375,3.2538922e-12,0.99609375,1.8700405,0.99609375,-1.558827,0.99609375,-0.78495044
0.998046875,-0.081756964,0.998046875,1.6933825,0.998046875,-0.10094239,0.998046875,-0.3403705,0.998046875,1.0063868e-12,0.998046875,1.7396477,0.998046875,0.07645765,0.998046875,-0.18070842
1.0,0.43272847,1.0,1.0161921,1.0,0.39198592,1.0,-0.7292627,1.0,2.728965e-12,1.0,1.7689656,1.0,-1.5120695,1.0,-1.2937312
1.001953125,0.3660639,1.001953125,-0.6494402,1.001953125,-0.05200294,1.001953125,-0.97590315,1.001953125,9.5604115e-12,1.001953125,1.7855195,1.001953125,-0.116386935,1.001953125,-0.3746728
1.00390625,-0.45478132,1.00390625,0.02666829,1.00390625,-0.3716954,1.00390625,-1.0210882,1.00390625,1.0558931e-11,1.00390625,1.7525553,1.00390625,0.15109876,1.00390625,0.16861524
1.005859375,-0.47363302,1.005859375,-1.9030021,1.005859375,0.19703129,1.005859375,-0.84702647,1.005859375,5.2532458e-12,1.005859375,1.8034751,1.005859375,-0.49405423,1.005859375,0.2616071
1.0078125,-0.12353663,1.0078125,0.5315752,1.0078125,0.2948176,1.0078125,-0.48306844,1.0078125,3.1766861e-12,1.0078125,1.781047,1.0078125,-0.10524856,1.0078125,0.08426035
1.009765625,0.31055334,1.009765625,-0.23755369,1.009765625,-0.3120634,1.009765625,-0.001305469,1.009765625,5.5838716e-13,1.009765625,1.7368915,1.009765625,-0.5009801,1.009765625,0.93975675
1.01171875,0.48727614,1.01171875,0.8942143,1.01171875,-0.1730565,1.01171875,0.4974757,1.01171875,5.36956e-12,1.01171875,1.7298468,1.01171875,-0.8829771,1.01171875,1.6501498
1.013671875,-0.34958312,1.013671875,-0.5323379,1.013671875,0.3795867,1.013671875,0.9048151,1.013671875,9.088487e-12,1.013671875,1.628957,1.013671875,0.278825,1.013671875,1.9242452
1.015625,0.09413072,1.015625,-1.7544305,1.015625,0.024949113,1.015625,1.1282197,1.015625,1.8435568e-12,1.015625,1.6301619,1.015625,-2.6675928,1.015625,0.54177547
1.017578125,-0.11910915,1.017578125,1.0261841,1.017578125,-0.38932136,1.017578125,1.1122663,1.017578125,9.754559e-13,1.017578125,1.7012043,1.017578125,-0.8271732,1.017578125,0.27152252
1.01953125,0.4699144,1.01953125,-0.6675191,1.01953125,0.12695655,1.01953125,0.85233635,1.01953125,2.496378e-12,1.01953125,1.7940905,1.01953125,-1.3684359,1.01953125,-0.19264562
1.021484375,0.34211892,1.021484375,0.81358063,1.021484375,0.33978537,1.021484375,0.39758536,1.021484375,3.930764e-12,1.021484375,1.7674439,1.021484375,-0.41116714,1.021484375,0.80641276
1.0234375,0.33832872,1.0234375,1.1758218,1.0234375,-0.25953424,1.0234375,-0.15797766,1.0234375,1.1211398e-11,1.0234375,1.6905028,1.0234375,1.2329108,1.0234375,2.1558416
1.025390625,-0.03130684,1.025390625,1.5394531,1.025390625,-0.23852015,1.025390625,-0.6947948,1.025390625,6.9297055e-12,1.025390625,1.7244182,1.025390625,-0.9934857,1.025390625,1.105388
1.02734375,-0.0851805,1.02734375,-0.7247347,1.02734375,0.35260016,1.02734375,-1.0935261,1.02734375,-3.7147413e-14,1.02734375,1.574593,1.02734375,-1.3588152,1.02734375,-0.5662146
1.029296875,-0.22659293,1.029296875,0.51277465,1.029296875,0.10094239,1.029296875,-1.2617284,1.029296875,1.0083208e-12,1.029296875,1.4478589,1.029296875,1.5534592,1.029296875,0.9892467
1.03125,-0.4436245,1.03125,0.91239506,1.03125,-0.39198592,1.03125,-1.1554575,1.03125,2.6432513e-12,1.03125,1.4176061,1.03125,0.18729895,1.03125,0.379914
1.033203125,0.36472237,1.033203125,0.6868911,1.033203125,0.05200294,1.033203125,-0.7907157,1.033203125,4.663897e-12,1.033203125,1.377597,1.033203125,0.2143089,1.033203125,1.1054765
1.03515625,0.31290102,1.03515625,0.3916188,1.03515625,0.3716954,1.03515625,-0.24177305,1.03515625,8.555335e-12,1.03515625,1.3185108,1.03515625,1.3315252,1.03515625,-0.10566909
1.037109375,0.49971768,1.037109375,0.17638378,1.037109375,-0.19703129,1.037109375,0.3737285,1.037109375,4.5789483e-12,1.037109375,1.2841176,1.037109375,-0.7763778,1.037109375,-0.031920373
1.0390625,0.49663684,1.0390625,1.3168633,1.0390625,-0.2948176,1.0390625,0.9199715,1.0390625,1.5483116e-12,1.0390625,1.1512905,1.0390625,-0.21501616,1.0390625,-0.16039102
1.041015625,0.055431705,1.041015625,0.09836747,1.041015625,0.3120634,1.041015625,1.273077,1.041015625,7.5525645e-12,1.041015625,1.030165,1.041015625,1.9999655,1.041015625,2.151454
1.04296875,0.26898742,1.04296875,-0.38450393,1.04296875,0.1730565,1.04296875,1.3494366,1.04296875,3.6018885e-12,1.04296875,1.0474199,1.04296875,1.6748616,1.04296875,2.2941701
1.044921875,0.44476572,1.044921875,-0.85529953,1.044921875,-0.3795867,1.044921875,1.1257374,1.044921875,2.100497e-12,1.044921875,0.9223993,1.044921875,0.64086825,1.044921875,1.7453433
1.046875,0.3496474,1.046875,-0.66671425,1.046875,-0.024949113,1.046875,0.6458398,1.046875,5.813656e-12,1.046875,0.87851965,1.046875,0.42162988,1.046875,0.07978167
1.048828125,-0.2526519,1.048828125,2.521152,1.048828125,0.38932136,1.048828125,0.012532985,1.048828125,1.3349945e-11,1.048828125,1.002154,1.048828125,-2.4934542,1.048828125,-1.9684657
1.05078125,-0.049455866,1.05078125,0.77522546,1.05078125,-0.12695655,1.05078125,-0.6343896,1.05078125,1.1620579e-11,1.05078125,1.146763,1.05078125,-0.7315582,1.05078125,-0.46888286
1.052734375,-0.37084058,1.052734375,0.029726498,1.052734375,-0.33978537,1.052734375,-1.1490898,1.052734375,1.4115569e-12,1.052734375,1.2919506,1.052734375,0.58888614,1.052734375,-0.31709906
1.0546875,0.45405102,1.0546875,0.23657645,1.0546875,0.25953424,1.0546875,-1.4128103,1.0546875,7.44241e-12,1.0546875,1.3007058,1.0546875,1.2266811,1.0546875,-2.3056893
1.056640625,0.10617463,1.056640625,0.12666112,1.056640625,0.23852015,1.056640625,-1.3615917,1.056640625,6.315749e-12,1.056640625,1.2940087,1.056640625,0.005554938,1.056640625,1.9073493
1.05859375,-0.2713572,1.05859375,2.389412,1.05859375,-0.35260016,1.05859375,-1.0020483,1.05859375,-4.5296805e-12,1.05859375,1.3723339,1.05859375,-0.344923,1.05859375,0.13811353
1.060546875,0.17170069,1.060546875,-0.9261865,1.060546875,-0.10094239,1.060546875,-0.4112612,1.060546875,1.1367025e-12,1.060546875,1.437182,1.060546875,1.2185671,1.060546875,-2.494345
1.0625,0.11812824,1.0625,-0.5664698,1.0625,0.39198592,1.0625,0.27956915,1.0625,-1.6088842e-12,1.0625,1.4643058,1.0625,1.9642514,1.0625,-0.8682843
1.064453125,-0.14183728,1.064453125,-0.5391614,1.064453125,-0.05200294,1.064453125,0.91429496,1.064453125,-7.418204e-12,1.064453125,1.4073869,1.064453125,-0.40285936,1.064453125,-2.9575813
1.06640625,-0.3864424,1.06640625,-0.47106943,1.06640625,-0.3716954,1.06640625,1.3473321,1.06640625,-1.2616867e-12,1.06640625,1.3443339,1.06640625,-1.4117129,1.06640625,0.40976486
1.068359375,0.17157319,1.068359375,-1.2611907,1.068359375,0.19703129,1.068359375,1.4773906,1.068359375,4.704712e-13,1.068359375,1.3294159,1.068359375,-0.29115036,1.068359375,-0.17568047
1.0703125,0.020307701,1.0703125,1.0780346,1.0703125,0.2948176,1.0703125,1.2715383,1.0703125,-2.7306193e-12,1.0703125,1.4220004,1.0703125,-1.0793675,1.0703125,-1.0974851
1.072265625,0.2723184,1.072265625,-0.05387716,1.072265625,-0.3120634,1.072265625,0.77380013,1.072265625,-7.658935e-13,1.072265625,1.4249598,1.072265625,1.1755625,1.072265625,-2.099253
1.07421875,0.0201635,1.07421875,1.6568592,1.07421875,-0.1730565,1.07421875,0.09600402,1.07421875,-7.8801885e-13,1.07421875,1.3859998,1.07421875,0.8416058,1.07421875,-1.2456635
1.076171875,0.3521815,1.076171875,0.5786604,1.076171875,0.3795867,1.076171875,-0.6073011,1.076171875,8.931752e-12,1.076171875,1.343945,1.076171875,-1.1087732,1.076171875,-0.39268872
1.078125,0.05190684,1.078125,-0.50997746,1.078125,0.024949113,1.078125,-1.1742414,1.078125,9.0626204e-12,1.078125,1.3312099,1.078125,-1.0649098,1.078125,-0.032377377
1.080078125,0.06093797,1.080078125,-0.0017523296,1.080078125,-0.38932136,1.080078125,-1.4731933,1.080078125,-1.2033545e-12,1.080078125,1.3303789,1.080078125,0.9773535,1.080078125,-1.6736338
1.08203125,0.3766536,1.08203125,0.025116906,1.08203125,0.12695655,1.08203125,-1.4337438,1.08203125,2.3674075e-12,1.08203125,1.1762489,1.08203125,1.3530403,1.08203125,-1.6514734
1.083984375,-0.09651713,1.083984375,1.4009764,1.083984375,0.33978537,1.083984375,-1.0636654,1.083984375,8.160231e-12,1.083984375,1.2047507,1.083984375,1.9859604,1.083984375,-2.0708008
1.0859375,-0.36598477,1.0859375,2.2265573,1.0859375,-0.25953424,1.0859375,-0.44772547,1.0859375,4.2379173e-12,1.0859375,1.2483349,1.0859375,-1.0719495,1.0859375,-0.25012898
1.087890625,-0.47121733,1.087890625,0.45494652,1.087890625,-0.23852015,1.087890625,0.2716039,1.087890625,2.956785e-12,1.087890625,1.2717314,1.087890625,-1.1397554,1.087890625,-0.5369035
1.08984375,0.25513726,1.08984375,1.9480791,1.08984375,0.35260016,1.08984375,0.9271806,1.08984375,5.575268e-12,1.08984375,1.2633977,1.08984375,-0.8281409,1.08984375,-1.0243598
1.091796875,0.120309554,1.091796875,-1.7242347,1.091796875,0.10094239,1.091796875,1.3662945,1.091796875,7.309186e-12,1.091796875,1.1490933,1.091796875,1.3473251,1.091796875,0.018046327
1.09375,0.20407976,1.09375,-0.5567841,1.09375,-0.39198592,1.09375,1.4866295,1.09375,3.8296415e-12,1.09375,1.2840093,1.09375,0.22980542,1.09375,0.6676571
1.095703125,-0.28703585,1.095703125,0.38272822,1.095703125,0.05200294,1.095703125,1.260526,1.095703125,1.10875545e-11,1.095703125,1.3277276,1.095703125,-1.1626257,1.095703125,-0.273524
1.09765625,-0.36362854,1.09765625,-0.8914157,1.09765625,0.3716954,1.09765625,0.7416927,1.09765625,4.6997666e-12,1.09765625,1.3840339,1.09765625,-0.44357723,1.09765625,0.028031247
1.099609375,-0.48545533,1.099609375,2.0100708,1.099609375,-0.19703129,1.099609375,0.05265734,1.099609375,5.972911e-13,1.099609375,1.5038949,1.099609375,-0.7188623,1.099609375,0.64105725
1.1015625,-0.14941244,1.1015625,0.57190055,1.1015625,-0.2948176,1.1015625,-0.6441614,1.1015625,8.686884e-12,1.1015625,1.5069118,1.1015625,2.6302357,1.1015625,-0.7267403
1.103515625,0.08991769,1.103515625,0.83347374,1.103515625,0.3120634,1.103515625,-1.1849301,1.103515625,5.902573e-12,1.103515625,1.5695069,1.103515625,1.0842471,1.103515625,-1.5313047
1.10546875,-0.10775595,1.10546875,-0.25752863,1.10546875,0.1730565,1.10546875,-1.4432656,1.10546875,2.8466563e-12,1.10546875,1.4306595,1.10546875,-0.83103275,1.10546875,-0.16501677
1.107421875,-0.06252508,1.107421875,-1.3260182,1.107421875,-0.3795867,1.107421875,-1.3601855,1.107421875,3.7120897e-12,1.107421875,1.5259824,1.107421875,-2.1490502,1.107421875,-0.15330547
1.109375,0.40415868,1.109375,-0.7243199,1.109375,-0.024949113,1.109375,-0.9579466,1.109375,3.83801e-12,1.109375,1.5559024,1.109375,0.82939017,1.109375,-0.6486059
1.111328125,-0.15174453,1.111328125,0.07145061,1.111328125,0.38932136,1.111328125,-0.33443335,1.111328125,6.08363e-12,1.111328125,1.6342537,1.111328125,-0.21841705,1.111328125,0.7196276
1.11328125,0.0139894895,1.11328125,0.2549826,1.11328125,-0.12695655,1.11328125,0.3605566,1.11328125,4.5695557e-12,1.11328125,1.5806205,1.11328125,1.0821247,1.11328125,0.61208534
1.115234375,0.28365302,1.115234375,-0.9428173,1.115234375,-0.33978537,1.115234375,0.96140456,1.115234375,-1.0962572e-12,1.115234375,1.484841,1.115234375,-0.61375153,1.115234375,0.5510879
1.1171875,-0.10345722,1.1171875,1.0777255,1.1171875,0.25953424,1.1171875,1.3264157,1.1171875,-4.533464e-12,1.1171875,1.4807632,1.1171875,-0.2865768,1.1171875,-0.09261733
1.119140625,0.122086704,1.119140625,-0.0756444,1.119140625,0.23852015,1.119140625,1.3716085,1.119140625,-2.7306057e-12,1.119140625,1.3751193,1.119140625,-0.055976734,1.119140625,0.7529867
1.12109375,0.3623637,1.12109375,-1.2720251,1.12109375,-0.35260016,1.12109375,1.090398,1.12109375,4.801783e-14,1.12109375,1.2553543,1.12109375,1.9492861,1.12109375,1.9065241
1.123046875,0.44952062,1.123046875,0.5171181,1.123046875,-0.10094239,1.123046875,0.55446714,1.123046875,-2.026555e-12,1.123046875,1.0162597,1.123046875,1.4511782,1.123046875,2.852069
1.125,-0.35292652,1.125,-1.7161179,1.125,0.39198592,1.125,-0.104282856,1.125,1.2286626e-12,1.125,0.9626014,1.125,0.570418,1.125,1.8310627
1.126953125,0.4265876,1.126953125,-0.7307258,1.126953125,-0.05200294,1.126953125,-0.7262019,1.126953125,5.8202466e-13,1.126953125,0.98956454,1.126953125,0.15062559,1.126953125,1.1380928
1.12890625,-0.007883707,1.12890625,0.25039023,1.12890625,-0.3716954,1.12890625,-1.1627766,1.12890625,-5.81303e-13,1.12890625,0.9462893,1.12890625,-0.004113639,1.12890625,0.47547242
1.130859375,-0.2417556,1.130859375,0.035626143,1.130859375,0.19703129,1.130859375,-1.3124081,1.130859375,6.245007e-12,1.130859375,0.8263072,1.130859375,0.42908302,1.130859375,1.0417256
1.1328125,-0.040864244,1.1328125,-0.6384375,1.1328125,0.2948176,1.1328125,-1.144381,1.1328125,1.0004248e-12,1.1328125,0.75627214,1.1328125,0.2793559,1.1328125,2.4286606
1.134765625,0.48003256,1.134765625,-0.13662286,1.134765625,-0.3120634,1.134765625,-0.7052839,1.134765625,-3.847974e-12,1.134765625,0.78660566,1.134765625,-0.102836475,1.134765625,1.0453366
1.13671875,-0.007381906,1.13671875,2.164917,1.13671875,-0.1730565,1.13671875,-0.10649933,1.13671875,4.1614715e-12,1.13671875,0.7056633,1.13671875,-0.5529427,1.13671875,0.020408578
1.138671875,-0.17124839,1.138671875,0.3349959,1.138671875,0.3795867,1.138671875,0.50394934,1.138671875,4.663563e-12,1.138671875,0.68791384,1.138671875,-0.56467545,1.138671875,-0.34550348
1.140625,0.13340086,1.140625,0.38107124,1.140625,0.024949113,1.140625,0.9780922,1.140625,-3.6304824e-12,1.140625,0.6880015,1.140625,0.31867456,1.140625,0.54210144
1.142578125,-0.25985438,1.142578125,-1.538952,1.142578125,-0.38932136,1.142578125,1.2041153,1.142578125,1.1171588e-12,1.142578125,0.6634837,1.142578125,1.6886529,1.142578125,0.9131773
1.14453125,-0.42413667,1.14453125,-1.1055391,1.14453125,0.12695655,1.14453125,1.1329988,1.14453125,1.0423082e-11,1.14453125,0.58736145,1.14453125,0.5127908,1.14453125,0.91727597
1.146484375,-0.37112027,1.146484375,-0.52779263,1.146484375,0.33978537,1.146484375,0.78927064,1.146484375,2.5905118e-12,1.146484375,0.56996334,1.146484375,-1.5165931,1.146484375,0.132415
1.1484375,-0.37195417,1.1484375,-0.049450725,1.1484375,-0.25953424,1.1484375,0.2634793,1.1484375,-3.5933366e-12,1.1484375,0.75868344,1.1484375,-0.97366196,1.1484375,0.7467583
1.150390625,-0.3480973,1.150390625,-0.060703978,1.150390625,-0.23852015,1.150390625,-0.31144375,1.150390625,7.6937155e-13,1.150390625,0.8411954,1.150390625,-1.0119464,1.150390625,-0.42899984
1.15234375,-0.36117283,1.15234375,0.3271605,1.15234375,0.35260016,1.15234375,-0.79379654,1.15234375,5.344071e-13,1.15234375,0.89902997,1.15234375,-0.3855339,1.15234375,-0.25256792
1.154296875,0.14087474,1.154296875,0.2630356,1.154296875,0.10094239,1.154296875,-1.0681806,1.154296875,-9.826145e-12,1.154296875,0.8975372,1.154296875,-0.6923653,1.154296875,-0.7253732
1.15625,-0.3181199,1.15625,0.2304379,1.15625,-0.39198592,1.15625,-1.0733081,1.15625,-8.243384e-12,1.15625,0.7890973,1.15625,-0.32503614,1.15625,-0.849923
1.158203125,-0.15433271,1.158203125,-1.3417504,1.158203125,0.05200294,1.158203125,-0.81578517,1.158203125,-6.5302863e-13,1.158203125,0.7897918,1.158203125,-0.44062367,1.158203125,-0.38417646
1.16015625,0.39678842,1.16015625,-0.015240553,1.16015625,0.3716954,1.16015625,-0.36674252,1.16015625,-2.7707307e-12,1.16015625,0.62843746,1.16015625,0.039522916,1.16015625,0.67311966
1.162109375,-0.02603836,1.162109375,-2.2713945,1.162109375,-0.19703129,1.162109375,0.15746719,1.162109375,-5.8946945e-12,1.162109375,0.5691588,1.162109375,1.2781315,1.162109375,-1.2185018
1.1640625,0.16755773,1.1640625,-0.20168404,1.1640625,-0.2948176,1.1640625,0.6253262,1.1640625,-3.689882e-12,1.1640625,0.55709517,1.1640625,-0.045172587,1.1640625,-0.5747546
1.166015625,-0.32768014,1.166015625,0.32986033,1.166015625,0.3120634,1.166015625,0.9232052,1.166015625,-8.59407e-13,1.166015625,0.47176334,1.166015625,-1.6196964,1.166015625,-0.8268224
1.16796875,-0.30771098,1.16796875,0.04419723,1.16796875,0.1730565,1.16796875,0.9830794,1.16796875,-1.0640195e-12,1.16796875,0.39475718,1.16796875,-0.36193657,1.16796875,1.4400605
1.169921875,-0.4591314,1.169921875,1.9615657,1.169921875,-0.3795867,1.169921875,0.7981101,1.169921875,-1.2278467e-12,1.169921875,0.31719413,1.169921875,-0.96906596,1.169921875,0.45922437
1.171875,-0.33106494,1.171875,0.59764004,1.171875,-0.024949113,1.171875,0.42250705,1.171875,-3.7147932e-12,1.171875,0.4439092,1.171875,0.7478854,1.171875,-1.2067535
1.173828125,-0.22140966,1.173828125,-0.84326345,1.173828125,0.38932136,1.173828125,-0.043869726,1.173828125,-1.00605274e-13,1.173828125,0.4005597,1.173828125,0.07813849,1.173828125,-1.2756685
1.17578125,-0.32298952,1.17578125,0.07478029,1.17578125,-0.12695655,1.17578125,-0.48187855,1.17578125,4.4920795e-13,1.17578125,0.25272346,1.17578125,-0.71463674,1.17578125,-0.46329567
1.177734375,-0.41129747,1.177734375,0.27179778,1.177734375,-0.33978537,1.177734375,-0.7834998,1.177734375,-1.0061911e-12,1.177734375,0.17336504,1.177734375,-1.200567,1.177734375,0.3155487
1.1796875,-0.37936413,1.1796875,0.108149625,1.1796875,0.25953424,1.1796875,-0.8785089,1.1796875,1.3778413e-12,1.1796875,0.30508462,1.1796875,-0.042823207,1.1796875,-0.70503336
1.181640625,-0.03922123,1.181640625,1.6036438,1.181640625,0.23852015,1.181640625,-0.75081754,1.181640625,1.5377181e-12,1.181640625,0.34753266,1.181640625,-1.0429289,1.181640625,-1.6510408
1.18359375,-0.29366627,1.18359375,-0.16952403,1.18359375,-0.35260016,1.18359375,-0.44068044,1.18359375,1.6012149e-12,1.18359375,0.2938817,1.18359375,0.7946877,1.18359375,-0.1405525
1.185546875,-0.13573013,1.185546875,0.49246565,1.185546875,-0.10094239,1.185546875,-0.032653384,1.185546875,4.0520465e-12,1.185546875,0.42370713,1.185546875,-1.3300867,1.185546875,0.5320907
1.1875,0.003417271,1.1875,-1.574767,1.1875,0.39198592,1.1875,0.3672061,1.1875,2.8181238e-12,1.1875,0.18057925,1.1875,-1.9559885,1.1875,0.38503042
1.189453125,0.19039483,1.189453125,1.9358902,1.189453125,-0.05200294,1.189453125,0.6587894,1.189453125,3.0932461e-12,1.189453125,0.1877614,1.189453125,0.008877981,1.189453125,-0.24951233
1.19140625,-0.46068785,1.19140625,0.78259087,1.19140625,-0.3716954,1.19140625,0.77294856,1.19140625,1.2375841e-12,1.19140625,0.107674785,1.19140625,0.12982032,1.19140625,0.13543753
1.193359375,0.2994104,1.193359375,-0.41827473,1.193359375,0.19703129,1.193359375,0.6878269,1.193359375,2.4066517e-12,1.193359375,0.20242444,1.193359375,-0.30575526,1.193359375,-0.11791572
1.1953125,0.12790039,1.1953125,0.2392878,1.1953125,0.2948176,1.1953125,0.43266892,1.1953125,4.8248584e-12,1.1953125,0.20139298,1.1953125,-0.002278744,1.1953125,-0.20884365
1.197265625,-0.41824096,1.197265625,0.7760346,1.197265625,-0.3120634,1.197265625,0.078575864,1.197265625,-1.7011642e-12,1.197265625,0.21365575,1.197265625,0.12460614,1.197265625,-0.4207219
1.19921875,0.37357864,1.19921875,-0.3387174,1.19921875,-0.1730565,1.19921875,-0.28100345,1.19921875,-4.5742724e-12,1.19921875,0.12994848,1.19921875,-0.117356926,1.19921875,1.2356607
1.201171875,0.4208724,1.201171875,0.6731566,1.201171875,0.3795867,1.201171875,-0.5547448,1.201171875,-5.638402e-12,1.201171875,0.23478997,1.201171875,-0.35000518,1.201171875,1.3046244
1.203125,-0.43892205,1.203125,-0.63551104,1.203125,0.024949113,1.203125,-0.6765104,1.203125,-1.1827916e-11,1.203125,0.1999174,1.203125,0.29566172,1.203125,-0.5546035
1.205078125,-0.22312236,1.205078125,-1.1120852,1.205078125,-0.38932136,1.205078125,-0.6212043,1.205078125,-8.040058e-12,1.205078125,0.13856362,1.205078125,0.22707143,1.205078125,-0.074524425
1.20703125,0.30620128,1.20703125,2.3976936,1.20703125,0.12695655,1.20703125,-0.4096565,1.20703125,-5.3612254e-12,1.20703125,0.1563353,1.20703125,-0.07186661,1.20703125,0.628631
1.208984375,0.2482597,1.208984375,1.4996855,1.208984375,0.33978537,1.208984375,-0.10168333,1.208984375,-1.1887439e-12,1.208984375,0.1011963,1.208984375,-1.3228414,1.208984375,0.24556069
1.2109375,-0.31547898,1.2109375,1.5523111,1.2109375,-0.25953424,1.2109375,0.2205015,1.2109375,-1.2047264e-12,1.2109375,0.0038935898,1.2109375,-0.74535465,1.2109375,-0.24361195
1.212890625,-0.29065067,1.212890625,-1.1430215,1.212890625,-0.23852015,1.212890625,0.47398525,1.212890625,-3.5979314e-12,1.212890625,2.95013e-05,1.212890625,-0.6590406,1.212890625,1.6200476
1.21484375,-0.1295279,1.21484375,0.20483941,1.21484375,0.35260016,1.21484375,0.5962875,1.21484375,-2.6837263e-12,1.21484375,0.060375314,1.21484375,0.731144,1.21484375,0.82160085
1.216796875,-0.015477015,1.216796875,0.7735374,1.216796875,0.10094239,1.216796875,0.5605891,1.216796875,9.13436e-13,1.216796875,0.08580895,1.216796875,0.21389945,1.216796875,-2.3007808
1.21875,0.11825477,1.21875,-1.1222986,1.21875,-0.39198592,1.21875,0.38139802,1.21875,4.4130255e-12,1.21875,0.07070959,1.21875,-2.3354669,1.21875,-0.36478716
1.220703125,-0.13108636,1.220703125,-0.6758225,1.220703125,0.05200294,1.220703125,0.10952951,1.220703125,4.2562212e-12,1.220703125,-0.06758356,1.220703125,1.2497023,1.220703125,-0.55908334
1.22265625,-0.037465286,1.22265625,-0.67543817,1.22265625,0.3716954,1.22265625,-0.1819884,1.22265625,4.4302452e-12,1.22265625,0.09620654,1.22265625,-0.47622606,1.22265625,3.208003
1.224609375,0.24747095,1.224609375,0.004056279,1.224609375,-0.19703129,1.224609375,-0.4172363,1.224609375,3.946988e-12,1.224609375,0.0763347,1.224609375,-0.4162419,1.224609375,1.2262311
1.2265625,-0.4633168,1.2265625,-1.01239,1.2265625,-0.2948176,1.2265625,-0.5369067,1.2265625,9.37151e-13,1.2265625,0.09905906,1.2265625,0.34339827,1.2265625,1.2807276
1.228515625,-0.24756305,1.228515625,-2.3770425,1.228515625,0.3120634,1.228515625,-0.5130494,1.228515625,2.2578673e-12,1.228515625,0.1320833,1.228515625,-0.16266967,1.228515625,2.220395
1.23046875,0.21334958,1.23046875,1.2371194,1.23046875,0.1730565,1.23046875,-0.35545468,1.23046875,1.7829657e-12,1.23046875,0.16149803,1.23046875,0.9030384,1.23046875,2.271079
1.232421875,0.39520684,1.232421875,-0.8103419,1.232421875,-0.3795867,1.232421875,-0.108268306,1.232421875,-6.656161e-13,1.232421875,0.10685725,1.232421875,1.0020382,1.232421875,1.1435064
1.234375,0.011677442,1.234375,1.1838837,1.234375,-0.024949113,1.234375,0.16207954,1.234375,1.4633607e-12,1.234375,0.011893604,1.234375,1.4816824,1.234375,1.5870408
1.236328125,0.032113485,1.236328125,-1.0413997,1.236328125,0.38932136,1.236328125,0.384395,1.236328125,5.2022267e-12,1.236328125,0.11235082,1.236328125,-0.5330043,1.236328125,-0.28999305
1.23828125,-0.392828,1.23828125,1.7955556,1.23828125,-0.12695655,1.23828125,0.5011527,1.23828125,6.5303596e-12,1.23828125,0.21154669,1.23828125,-1.4983066,1.23828125,0.20251237
1.240234375,-0.052587632,1.240234375,0.9392132,1.240234375,-0.33978537,1.240234375,0.4831542,1.240234375,5.947063e-13,1.240234375,0.24987556,1.240234375,0.86611074,1.240234375,1.8310611
1.2421875,0.032617267,1.2421875,-1.0578951,1.2421875,0.25953424,1.2421875,0.3367471,1.2421875,5.7208714e-13,1.2421875,0.26017272,1.2421875,0.9111463,1.2421875,0.84661305
1.244140625,-0.2575295,1.244140625,-1.5020485,1.244140625,0.23852015,1.244140625,0.10185026,1.244140625,1.896644e-12,1.244140625,0.34335396,1.244140625,1.9711313,1.244140625,1.3819901
1.24609375,-0.23075677,1.24609375,-0.5250161,1.24609375,-0.35260016,1.24609375,-0.15864077,1.24609375,-9.7477656e-14,1.24609375,0.445895,1.24609375,0.7021723,1.24609375,1.0727712
1.248046875,-0.12271584,1.248046875,0.057824437,1.248046875,-0.10094239,1.248046875,-0.37532923,1.248046875,-6.1652707e-13,1.248046875,0.42026442,1.248046875,-1.2245079,1.248046875,1.4324833
1.25,-0.4799288,1.25,1.7448508,1.25,0.39198592,1.25,-0.490458,1.25,3.3433876e-12,1.25,0.48302504,1.25,0.6093073,1.25,0.75240636
1.251953125,-0.17792083,1.251953125,-0.48254627,1.251953125,-0.05200294,1.251953125,-0.47307378,1.251953125,1.7113597e-12,1.251953125,0.36137038,1.251953125,2.1664538,1.251953125,0.93683636
1.25390625,-0.288552,1.25390625,0.7526086,1.25390625,-0.3716954,1.25390625,-0.32730287,1.25390625,-4.623509e-12,1.25390625,0.4572516,1.25390625,1.3117117,1.25390625,-1.5632765
1.255859375,-0.17250265,1.255859375,-0.28809145,1.255859375,0.19703129,1.255859375,-0.091545336,1.255859375,-2.1431587e-12,1.255859375,0.49230814,1.255859375,-0.21209356,1.255859375,-0.009439396
1.2578125,-0.38023788,1.2578125,-0.11262828,1.2578125,0.2948176,1.2578125,0.17131752,1.2578125,8.845636e-13,1.2578125,0.39544111,1.2578125,-0.040909592,1.2578125,0.22150455
1.259765625,0.39052728,1.259765625,-0.9928146,1.259765625,-0.3120634,1.259765625,0.39029935,1.259765625,-3.0309078e-13,1.259765625,0.4371495,1.259765625,-1.0823379,1.259765625,0.03225209
1.26171875,0.09359245,1.26171875,-0.10381187,1.26171875,-0.1730565,1.26171875,0.5051217,1.26171875,-8.134375e-13,1.26171875,0.47024053,1.26171875,2.6050887,1.26171875,-2.1653452
1.263671875,0.17910232,1.263671875,-0.75917876,1.263671875,0.3795867,1.263671875,0.4825844,1.263671875,-1.7137679e-13,1.263671875,0.4421071,1.263671875,1.4956512,1.263671875,-1.5049014
1.265625,0.28917125,1.265625,0.5066364,1.265625,0.024949113,1.265625,0.3261147,1.265625,-8.293599e-12,1.265625,0.5487533,1.265625,-0.43337616,1.265625,-2.1382914
1.267578125,-0.001557801,1.267578125,-0.9148204,1.267578125,-0.38932136,1.267578125,0.07576566,1.267578125,-8.109688e-12,1.267578125,0.5061942,1.267578125,-0.7683551,1.267578125,-0.42307752
1.26953125,-0.4130797,1.26953125,-0.091583036,1.26953125,0.12695655,1.26953125,-0.20164275,1.26953125,-1.2502361e-12,1.26953125,0.57458127,1.26953125,0.96221197,1.26953125,-0.25809416
1.271484375,0.03710654,1.271484375,0.1348534,1.271484375,0.33978537,1.271484375,-0.42994264,1.271484375,-4.3785337e-13,1.271484375,0.555687,1.271484375,1.5650476,1.271484375,-1.139825
1.2734375,0.08684112,1.2734375,2.4484794,1.2734375,-0.25953424,1.2734375,-0.54418796,1.2734375,-2.698671e-12,1.2734375,0.42029884,1.2734375,-0.3807957,1.2734375,-1.2400485
1.275390625,0.24543947,1.275390625,0.23798333,1.275390625,-0.23852015,1.275390625,-0.50892574,1.275390625,-2.7730086e-12,1.275390625,0.3820337,1.275390625,-0.09915261,1.275390625,0.63217366
1.27734375,-0.06834045,1.27734375,1.0900687,1.27734375,0.35260016,1.27734375,-0.32908925,1.27734375,-3.0977792e-12,1.27734375,0.4367418,1.27734375,-0.12862633,1.27734375,-0.19535732
1.279296875,-0.3724197,1.279296875,1.1305056,1.279296875,0.10094239,1.279296875,-0.050196312,1.279296875,-5.7839306e-14,1.279296875,0.49167138,1.279296875,-1.2238301,1.279296875,-2.0099688
1.28125,-0.21622409,1.28125,1.400612,1.28125,-0.39198592,1.28125,0.2527022,1.28125,-2.5821558e-12,1.28125,0.46385166,1.28125,-0.054625858,1.28125,-1.0007358
1.283203125,-0.13691771,1.283203125,-0.53644407,1.283203125,0.05200294,1.283203125,0.4948046,1.283203125,-3.1213992e-12,1.283203125,0.39135376,1.283203125,-1.3370271,1.283203125,-1.4724454
1.28515625,0.14591724,1.28515625,-0.116300195,1.28515625,0.3716954,1.28515625,0.6049938,1.28515625,3.666013e-13,1.28515625,0.46475056,1.28515625,0.10786065,1.28515625,-1.9135798
1.287109375,0.0707783,1.287109375,0.023324886,1.287109375,-0.19703129,1.287109375,0.5465467,1.287109375,-1.4539737e-13,1.287109375,0.4536564,1.287109375,-0.7397386,1.287109375,-0.9377685
1.2890625,-0.14390327,1.2890625,1.6136165,1.2890625,-0.2948176,1.2890625,0.32913926,1.2890625,-1.03646996e-11,1.2890625,0.42792514,1.2890625,0.37171715,1.2890625,-1.2475824
1.291015625,0.48651525,1.291015625,0.9488943,1.291015625,0.3120634,1.291015625,0.008282233,1.291015625,-5.891221e-12,1.291015625,0.39567354,1.291015625,0.08320944,1.291015625,-0.7204434
1.29296875,0.10577482,1.29296875,-1.369407,1.29296875,0.1730565,1.29296875,-0.32834032,1.29296875,2.9321972e-12,1.29296875,0.49895686,1.29296875,0.31521812,1.29296875,-0.87720436
1.294921875,-0.26277322,1.294921875,-0.65043366,1.294921875,-0.3795867,1.294921875,-0.5844519,1.294921875,1.9613106e-13,1.294921875,0.54008234,1.294921875,1.6865455,1.294921875,0.11847838
1.296875,-0.39821753,1.296875,-0.3875029,1.296875,-0.024949113,1.296875,-0.68247265,1.296875,-2.776821e-12,1.296875,0.6971049,1.296875,0.015930349,1.296875,-1.1889274
1.298828125,-0.34714085,1.298828125,-0.03236669,1.298828125,0.38932136,1.298828125,-0.58686215,1.298828125,-2.2653023e-12,1.298828125,0.69055855,1.298828125,-0.44245312,1.298828125,1.3847367
1.30078125,-0.25404227,1.30078125,1.7411774,1.30078125,-0.12695655,1.30078125,-0.31653866,1.30078125,-1.7879256e-12,1.30078125,0.55704653,1.30078125,-0.12842141,1.30078125,-0.28909892
1.302734375,-0.33931863,1.302734375,-0.22898878,1.302734375,-0.33978537,1.302734375,0.057856053,1.302734375,-5.193641e-14,1.302734375,0.59249294,1.302734375,-0.17355226,1.302734375,1.0743039
1.3046875,-0.31343296,1.3046875,-0.2806507,1.3046875,0.25953424,1.3046875,0.4319155,1.3046875,-4.2883823e-13,1.3046875,0.577397,1.3046875,-0.5106587,1.3046875,-0.67969507
1.306640625,-0.21490483,1.306640625,1.2356524,1.306640625,0.23852015,1.306640625,0.6962684,1.306640625,-4.166201e-12,1.306640625,0.5215986,1.306640625,-0.12673979,1.306640625,-0.22020584
1.30859375,-0.3266264,1.30859375,-1.439059,1.30859375,-0.35260016,1.30859375,0.7683882,1.30859375,-4.425239e-12,1.30859375,0.5614046,1.30859375,-0.5536481,1.30859375,1.2452879
1.310546875,0.3967654,1.310546875,0.26295355,1.310546875,-0.10094239,1.310546875,0.6182192,1.310546875,-2.3590977e-12,1.310546875,0.6940895,1.310546875,-0.28058964,1.310546875,0.653519
1.3125,-0.41976625,1.3125,-1.3771135,1.3125,0.39198592,1.3125,0.2797012,1.3125,-4.092051e-12,1.3125,0.6010816,1.3125,-0.45381498,1.3125,1.7851472
1.314453125,0.02451139,1.314453125,0.21678925,1.314453125,-0.05200294,1.314453125,-0.15601446,1.314453125,-7.928663e-12,1.314453125,0.50603056,1.314453125,-0.42705163,1.314453125,0.4511407
1.31640625,-0.08960317,1.31640625,-0.24728575,1.31640625,-0.3716954,1.31640625,-0.5646712,1.31640625,-1.2248671e-11,1.31640625,0.47118068,1.31640625,-0.3147102,1.31640625,0.9490456
1.318359375,0.4823786,1.318359375,-0.8851323,1.318359375,0.19703129,1.318359375,-0.8241228,1.318359375,-5.3393644e-12,1.318359375,0.4348376,1.318359375,-0.14566158,1.318359375,0.679178
1.3203125,-0.3879611,1.3203125,-0.35173848,1.3203125,0.2948176,1.3203125,-0.8507611,1.3203125,-3.4833627e-13,1.3203125,0.42166877,1.3203125,0.54734373,1.3203125,1.4361374
1.322265625,-0.1021444,1.322265625,-1.1356647,1.322265625,-0.3120634,1.322265625,-0.62632656,1.322265625,-4.2251957e-12,1.322265625,0.4791751,1.322265625,0.9297517,1.322265625,1.5682521
1.32421875,0.46947044,1.32421875,0.26401874,1.32421875,-0.1730565,1.32421875,-0.20654058,1.32421875,-4.8219397e-12,1.32421875,0.40446115,1.32421875,0.79306597,1.32421875,0.76753384
1.326171875,0.36550713,1.326171875,-0.3491268,1.326171875,0.3795867,1.326171875,0.29200315,1.326171875,-5.231818e-12,1.326171875,0.28098142,1.326171875,-0.21697946,1.326171875,0.85921645
1.328125,0.31707206,1.328125,0.6748295,1.328125,0.024949113,1.328125,0.7238914,1.328125,-6.3801915e-12,1.328125,0.4105231,1.328125,0.015082922,1.328125,-0.7057065
1.330078125,-0.24209717,1.330078125,0.43209505,1.330078125,-0.38932136,1.330078125,0.95720285,1.330078125,-4.4240536e-12,1.330078125,0.43566078,1.330078125,0.21786542,1.330078125,0.8820856
1.33203125,-0.3291124,1.33203125,0.6158038,1.33203125,0.12695655,1.33203125,0.9138158,1.33203125,-4.6461606e-12,1.33203125,0.33663294,1.33203125,0.58809465,1.33203125,2.1890845
1.333984375,0.16864322,1.333984375,-2.131322,1.333984375,0.33978537,1.333984375,0.59540117,1.333984375,-1.9307607e-12,1.333984375,0.18520224,1.333984375,-0.4014373,1.333984375,0.09656518
1.3359375,0.42937598,1.3359375,1.0048769,1.3359375,-0.25953424,1.3359375,0.08650081,1.3359375,-2.1824931e-12,1.3359375,0.11377986,1.3359375,-1.4316717,1.3359375,-0.16638221
1.337890625,0.056762893,1.337890625,0.75195193,1.337890625,-0.23852015,1.337890625,-0.46737102,1.337890625,-4.0175125e-12,1.337890625,-0.05368683,1.337890625,-0.5967718,1.337890625,1.0948658
1.33984375,0.071612686,1.33984375,-0.028918512,1.33984375,0.35260016,1.33984375,-0.90114206,1.33984375,-6.509498e-12,1.33984375,0.13513504,1.33984375,-0.035996053,1.33984375,0.58798534
1.341796875,-0.2200209,1.341796875,1.9175595,1.341796875,0.10094239,1.341796875,-1.0794085,1.341796875,-3.0016035e-12,1.341796875,0.34557208,1.341796875,0.94337463,1.341796875,1.4486315
1.34375,0.26949292,1.34375,0.12189189,1.34375,-0.39198592,1.34375,-0.93880165,1.34375,3.3722955e-12,1.34375,0.337556,1.34375,0.69138426,1.34375,1.1574087
1.345703125,-0.31295624,1.345703125,0.61491174,1.345703125,0.05200294,1.345703125,-0.5102179,1.345703125,9.218265e-13,1.345703125,0.35226953,1.345703125,-1.2844036,1.345703125,0.073752336
1.34765625,-0.17632076,1.34765625,1.3372117,1.34765625,0.3716954,1.34765625,0.08680319,1.34765625,-8.273415e-12,1.34765625,0.41290212,1.34765625,-0.7230552,1.34765625,0.047688432
1.349609375,-0.07456356,1.349609375,0.7348621,1.349609375,-0.19703129,1.349609375,0.6770566,1.349609375,-9.509021e-12,1.349609375,0.37007526,1.349609375,0.21481915,1.349609375,-0.14962865
1.3515625,0.007610379,1.3515625,-1.204985,1.3515625,-0.2948176,1.3515625,1.0810506,1.3515625,-1.3692461e-12,1.3515625,0.45328736,1.3515625,1.6708741,1.3515625,0.4219497
1.353515625,-0.25759026,1.353515625,0.25825426,1.353515625,0.3120634,1.353515625,1.1697536,1.353515625,-1.2653868e-12,1.353515625,0.41966462,1.353515625,0.29396078,1.353515625,0.9902453
1.35546875,-0.3851632,1.35546875,1.3499397,1.35546875,0.1730565,1.35546875,0.9059758,1.35546875,-4.6751747e-12,1.35546875,0.46552855,1.35546875,-1.5880493,1.35546875,-0.521446
1.357421875,0.110620044,1.357421875,-0.8783912,1.357421875,-0.3795867,1.357421875,0.35907388,1.357421875,-6.385732e-12,1.357421875,0.39683414,1.357421875,-1.1075315,1.357421875,0.6096156
1.359375,-0.21136944,1.359375,-0.60559374,1.359375,-0.024949113,1.359375,-0.3126227,1.359375,-1.2907939e-11,1.359375,0.31564108,1.359375,2.2110245,1.359375,0.77094346
1.361328125,0.081238225,1.361328125,0.28426057,1.361328125,0.38932136,1.361328125,-0.90747195,1.361328125,-9.905383e-12,1.361328125,0.26905578,1.361328125,0.64453083,1.361328125,-2.0978298
1.36328125,-0.3456373,1.36328125,0.46327105,1.36328125,-0.12695655,1.36328125,-1.2411792,1.36328125,-4.7751937e-12,1.36328125,0.38583735,1.36328125,1.7237102,1.36328125,-2.4430728
1.365234375,-0.018859899,1.365234375,-0.2766528,1.365234375,-0.33978537,1.365234375,-1.2041878,1.365234375,-5.402955e-12,1.365234375,0.39392066,1.365234375,0.36907393,1.365234375,-0.9041575
1.3671875,0.03258943,1.3671875,-1.9041439,1.3671875,0.25953424,1.3671875,-0.7978523,1.3671875,-7.083109e-12,1.3671875,0.3991868,1.3671875,0.32784885,1.3671875,0.12885123
1.369140625,-0.44817647,1.369140625,-1.2600842,1.369140625,0.23852015,1.369140625,-0.13740353,1.369140625,-1.3065497e-11,1.369140625,0.39611024,1.369140625,-0.38416556,1.369140625,-0.7329313
1.37109375,-0.16339572,1.37109375,0.09759278,1.37109375,-0.35260016,1.37109375,0.58035386,1.37109375,-1.301133e-11,1.37109375,0.37730294,1.37109375,0.9530906,1.37109375,-2.3442533
1.373046875,-0.36558533,1.373046875,-0.40076563,1.373046875,-0.10094239,1.373046875,1.1357005,1.373046875,-3.4328207e-12,1.373046875,0.427257,1.373046875,1.9444814,1.373046875,-2.455468
1.375,-0.43662503,1.375,-1.0170982,1.375,0.39198592,1.375,1.3535525,1.375,-5.8452596e-12,1.375,0.52326906,1.375,1.1283187,1.375,-2.5340137
1.376953125,0.48996022,1.376953125,-0.37870234,1.376953125,-0.05200294,1.376953125,1.1590614,1.376953125,-7.833155e-12,1.376953125,0.4596962,1.376953125,-0.91441053,1.376953125,1.0740939
1.37890625,-0.17764616,1.37890625,0.25433978,1.37890625,-0.3716954,1.37890625,0.6034971,1.37890625,-2.1011368e-12,1.37890625,0.46359253,1.37890625,-0.9283963,1.37890625,0.16389686
1.380859375,0.30987445,1.380859375,-0.2770119,1.380859375,0.19703129,1.380859375,-0.14857201,1.380859375,-1.1523599e-12,1.380859375,0.45829225,1.380859375,0.36268204,1.380859375,-0.6800545
1.3828125,-0.24535935,1.3828125,0.655641,1.3828125,0.2948176,1.3828125,-0.8678775,1.3828125,-1.1038709e-12,1.3828125,0.35190576,1.3828125,2.6367638,1.3828125,-1.5460294
1.384765625,0.18150273,1.384765625,-0.909631,1.384765625,-0.3120634,1.384765625,-1.3305472,1.384765625,-6.920466e-12,1.384765625,0.39788094,1.384765625,0.037945583,1.384765625,-1.9321384
1.38671875,0.26022786,1.38671875,-0.6978926,1.38671875,-0.1730565,1.38671875,-1.3882189,1.38671875,-6.933511e-12,1.38671875,0.32428783,1.38671875,-1.4284865,1.38671875,-0.19823593
1.388671875,0.09563874,1.388671875,0.6097878,1.388671875,0.3795867,1.388671875,-1.0160911,1.388671875,-5.205579e-13,1.388671875,0.4696022,1.388671875,-1.9231784,1.388671875,0.22922885
1.390625,-0.028423812,1.390625,0.7039395,1.390625,0.024949113,1.390625,-0.32321328,1.390625,-5.5865912e-14,1.390625,0.43293792,1.390625,0.30834174,1.390625,-0.45363036
1.392578125,-0.088159084,1.392578125,-0.86138535,1.392578125,-0.38932136,1.392578125,0.47913033,1.392578125,9.8744465e-14,1.392578125,0.33786917,1.392578125,1.1378738,1.392578125,0.11356538
1.39453125,-0.15113173,1.39453125,0.531369,1.39453125,0.12695655,1.39453125,1.14191,1.39453125,-1.4297524e-12,1.39453125,0.19367148,1.39453125,0.12571165,1.39453125,-1.5736785
1.396484375,0.42952913,1.396484375,-0.80993503,1.396484375,0.33978537,1.396484375,1.4560232,1.396484375,-1.1782137e-12,1.396484375,0.24556562,1.396484375,-1.4916352,1.396484375,-0.8574868
1.3984375,0.3306194,1.3984375,0.3418189,1.3984375,-0.25953424,1.3984375,1.3188196,1.3984375,2.9456812e-12,1.3984375,0.084140405,1.3984375,-1.4203899,1.3984375,1.6925621
1.400390625,0.46502692,1.400390625,0.35223004,1.400390625,-0.23852015,1.400390625,0.7681489,1.400390625,2.9464812e-12,1.400390625,0.072558746,1.400390625,0.5200571,1.400390625,0.507293
1.40234375,-0.37570277,1.40234375,0.41095316,1.40234375,0.35260016,1.40234375,-0.027503215,1.40234375,-9.0735893e-13,1.40234375,0.12711674,1.40234375,0.33832365,1.40234375,-1.427914
1.404296875,0.23086748,1.404296875,-0.59804034,1.404296875,0.10094239,1.404296875,-0.820455,1.404296875,-8.3060403e-13,1.404296875,0.063548364,1.404296875,0.6262871,1.404296875,0.19823492
1.40625,0.43834046,1.40625,1.1866175,1.40625,-0.39198592,1.40625,-1.3611884,1.40625,-1.0709191e-12,1.40625,0.013666765,1.40625,-1.8787066,1.40625,-0.32196563
1.408203125,-0.31876692,1.408203125,-1.3352585,1.408203125,0.05200294,1.408203125,-1.4773941,1.408203125,1.2820851e-12,1.408203125,0.062395874,1.408203125,-0.8737729,1.408203125,0.07911485
1.41015625,-0.43350375,1.41015625,0.91270524,1.41015625,0.3716954,1.41015625,-1.129502,1.41015625,3.8175357e-12,1.41015625,0.06524571,1.41015625,-0.41748154,1.41015625,1.6374891
1.412109375,0.24112065,1.412109375,1.3420318,1.412109375,-0.19703129,1.412109375,-0.4246143,1.412109375,9.84217e-13,1.412109375,0.15132418,1.412109375,0.31628543,1.412109375,1.3731986
1.4140625,0.07447311,1.4140625,-1.4523939,1.4140625,-0.2948176,1.4140625,0.4161871,1.4140625,-1.0143071e-11,1.4140625,0.21860704,1.4140625,-0.40728626,1.4140625,0.92997944
1.416015625,0.34182876,1.416015625,0.22998434,1.416015625,0.3120634,1.416015625,1.1272757,1.416015625,-5.7903938e-12,1.416015625,0.20053016,1.416015625,-0.42312524,1.416015625,-0.55604184
1.41796875,-0.3602276,1.41796875,-0.43775436,1.41796875,0.1730565,1.41796875,1.4828308,1.41796875,1.6793537e-12,1.41796875,0.20998932,1.41796875,-0.5054387,1.41796875,-0.4316109
1.419921875,0.2952673,1.419921875,0.004041047,1.419921875,-0.3795867,1.419921875,1.3691822,1.419921875,-3.4166863e-14,1.419921875,0.22634816,1.419921875,-0.77553564,1.419921875,1.3878561
1.421875,-0.2983727,1.421875,1.0363731,1.421875,-0.024949113,1.421875,0.8217777,1.421875,-1.6674132e-12,1.421875,0.1964346,1.421875,1.0126878,1.421875,1.721246
1.423828125,-0.33634406,1.423828125,1.2925721,1.423828125,0.38932136,1.423828125,0.014554919,1.423828125,-2.576939e-12,1.423828125,0.19763811,1.423828125,-0.55486923,1.423828125,2.9137533
1.42578125,-0.3357342,1.42578125,-0.34732297,1.42578125,-0.12695655,1.42578125,-0.79524416,1.42578125,-4.7916974e-12,1.42578125,-0.0072860853,1.42578125,-1.4853792,1.42578125,0.6096717
1.427734375,0.31457472,1.427734375,-0.29961511,1.427734375,-0.33978537,1.427734375,-1.3493369,1.427734375,-1.1484032e-12,1.427734375,-0.1726595,1.427734375,-1.3220459,1.427734375,0.24405585
1.4296875,0.16519722,1.4296875,1.1349493,1.4296875,0.25953424,1.4296875,-1.4713436,1.4296875,1.8626932e-12,1.4296875,-0.11954006,1.4296875,-0.5077613,1.4296875,1.8217995
1.431640625,0.023065425,1.431640625,-0.94796556,1.431640625,0.23852015,1.431640625,-1.1235952,1.431640625,-1.926578e-12,1.431640625,-0.18319462,1.431640625,-1.6129644,1.431640625,2.545593
1.43359375,-0.14116952,1.43359375,0.33200973,1.43359375,-0.35260016,1.43359375,-0.41929418,1.43359375,-5.272148e-12,1.43359375,-0.16254771,1.43359375,-0.10821616,1.43359375,1.3835325
1.435546875,0.37720054,1.435546875,0.19037823,1.435546875,-0.10094239,1.435546875,0.41406962,1.435546875,5.5280975e-13,1.435546875,-0.08257632,1.435546875,-0.7420283,1.435546875,0.6956475
1.4375,-0.10755489,1.4375,0.2195336,1.4375,0.39198592,1.4375,1.1083094,1.4375,4.9824793e-12,1.4375,-0.27151185,1.4375,0.8750988,1.4375,-0.12869076
1.439453125,0.31659943,1.439453125,-1.043794,1.439453125,-0.05200294,1.439453125,1.4412918,1.439453125,-1.3706469e-12,1.439453125,-0.36109623,1.439453125,-0.93083763,1.439453125,0.6842389
1.44140625,-0.060865093,1.44140625,-1.3388425,1.44140625,-0.3716954,1.44140625,1.30864,1.44140625,-4.6700556e-12,1.44140625,-0.3657088,1.44140625,-1.0684,1.44140625,0.7434948
1.443359375,-0.12305557,1.443359375,-0.4725965,1.443359375,0.19703129,1.443359375,0.75703716,1.443359375,-1.7081697e-12,1.443359375,-0.24012333,1.443359375,-1.0287409,1.443359375,-0.4811722
1.4453125,-0.037320215,1.4453125,0.44679525,1.4453125,0.2948176,1.4453125,-0.031691965,1.4453125,-4.0051994e-12,1.4453125,-0.2349379,1.4453125,1.16409,1.4453125,-1.0457251
1.447265625,-0.19862212,1.447265625,0.8781966,1.447265625,-0.3120634,1.447265625,-0.80043256,1.447265625,-4.9943374e-12,1.447265625,-0.21976814,1.447265625,0.33791956,1.447265625,-0.23150724
1.44921875,0.24760938,1.44921875,1.361864,1.44921875,-0.1730565,1.44921875,-1.3008811,1.44921875,-3.0207004e-12,1.44921875,-0.24530958,1.44921875,-1.5500903,1.44921875,-0.41100684
1.451171875,0.00272039,1.451171875,-0.7762734,1.451171875,0.3795867,1.451171875,-1.3742868,1.451171875,-5.1047703e-12,1.451171875,-0.25983554,1.451171875,0.9842841,1.451171875,0.6065766
1.453125,-0.2677873,1.453125,-0.38356468,1.453125,0.024949113,1.453125,-1.0023938,1.453125,-3.8516976e-12,1.453125,-0.13864271,1.453125,0.039458863,1.453125,-2.3804278
1.455078125,0.39957458,1.455078125,1.1125367,1.455078125,-0.38932136,1.455078125,-0.3120422,1.455078125,-8.419695e-13,1.455078125,-0.17507863,1.455078125,0.27704656,1.455078125,-0.85651404
1.45703125,-0.116108775,1.45703125,0.11147084,1.45703125,0.12695655,1.45703125,0.46779326,1.45703125,-1.8913985e-12,1.45703125,-0.28207698,1.45703125,0.3309071,1.45703125,-0.2991029
1.458984375,0.04355286,1.458984375,0.016773881,1.458984375,0.33978537,1.458984375,1.0820497,1.458984375,-9.949608e-13,1.458984375,-0.31288964,1.458984375,-0.8434486,1.458984375,-0.25172934
1.4609375,0.40647212,1.4609375,-1.4640342,1.4609375,-0.25953424,1.4609375,1.3334085,1.4609375,-4.046521e-12,1.4609375,-0.35595337,1.4609375,-1.224717,1.4609375,-1.0705898
1.462890625,0.124238,1.462890625,-0.68095547,1.462890625,-0.23852015,1.462890625,1.1462134,1.462890625,-1.6087132e-12,1.462890625,-0.40508294,1.462890625,2.2859075,1.462890625,-1.2632109
1.46484375,-0.38310197,1.46484375,-0.12657788,1.46484375,0.35260016,1.46484375,0.58958477,1.46484375,6.055477e-13,1.46484375,-0.34186667,1.46484375,0.28899655,1.46484375,-1.2621707
1.466796875,0.43983212,1.466796875,1.1918287,1.466796875,0.10094239,1.466796875,-0.14746247,1.466796875,-2.154714e-12,1.466796875,-0.37521425,1.466796875,-1.4399313,1.466796875,0.26280636
1.46875,0.12770805,1.46875,-0.18811202,1.46875,-0.39198592,1.46875,-0.82010233,1.46875,-6.967493e-12,1.46875,-0.40538254,1.46875,-0.23357975,1.46875,-0.9382658
1.470703125,-0.16509439,1.470703125,0.17123379,1.470703125,0.05200294,1.470703125,-1.2092695,1.470703125,-1.1828059e-11,1.470703125,-0.33572894,1.470703125,1.4602728,1.470703125,-2.0348716
1.47265625,-0.36072794,1.47265625,0.11698854,1.47265625,0.3716954,1.47265625,-1.1934435,1.47265625,-3.0127016e-13,1.47265625,-0.24635099,1.47265625,1.1586021,1.47265625,-2.1973047
1.474609375,0.29402518,1.474609375,0.24960099,1.474609375,-0.19703129,1.474609375,-0.78696436,1.474609375,7.1674407e-12,1.474609375,-0.17649901,1.474609375,0.75081366,1.474609375,-1.3355883
1.4765625,0.12007275,1.4765625,-1.7858264,1.4765625,-0.2948176,1.4765625,-0.13266417,1.4765625,4.1405664e-12,1.4765625,-0.12746574,1.4765625,-0.88160026,1.4765625,1.2282615
1.478515625,0.03346109,1.478515625,-1.4211931,1.478515625,0.3120634,1.478515625,0.5479959,1.478515625,-1.639853e-12,1.478515625,-0.18955033,1.478515625,-0.22554615,1.478515625,0.25279444
1.48046875,0.3938926,1.48046875,0.5046734,1.48046875,0.1730565,1.48046875,1.0299526,1.48046875,-7.495845e-12,1.48046875,-0.4548026,1.48046875,-0.16052455,1.48046875,-1.5177544
1.482421875,0.2885972,1.482421875,1.2506963,1.482421875,-0.3795867,1.482421875,1.1592708,1.482421875,-4.1097763e-12,1.482421875,-0.336841,1.482421875,1.3367598,1.482421875,-1.3479009
1.484375,-0.34832513,1.484375,0.19620371,1.484375,-0.024949113,1.484375,0.90264213,1.484375,-1.6170353e-12,1.484375,-0.3212065,1.484375,1.4824506,1.484375,-0.7506318
1.486328125,-0.18827793,1.486328125,0.9150915,1.486328125,0.38932136,1.486328125,0.35561517,1.486328125,-9.379578e-13,1.486328125,-0.398735,1.486328125,-0.54740036,1.486328125,0.06114698
1.48828125,-0.25151086,1.48828125,-0.91670716,1.48828125,-0.12695655,1.48828125,-0.2923524,1.48828125,-9.378938e-13,1.48828125,-0.39788386,1.48828125,-0.023515346,1.48828125,-0.72643954
1.490234375,0.2439463,1.490234375,0.30711278,1.490234375,-0.33978537,1.490234375,-0.82339126,1.490234375,-1.5193353e-12,1.490234375,-0.31051892,1.490234375,0.6782931,1.490234375,-1.2029743
1.4921875,-0.46646756,1.4921875,-0.036604494,1.4921875,0.25953424,1.4921875,-1.0646392,1.4921875,-1.4772088e-12,1.4921875,-0.35511628,1.4921875,2.2172425,1.4921875,-1.4681389
1.494140625,0.06988969,1.494140625,0.48905072,1.494140625,0.23852015,1.494140625,-0.9447645,1.494140625,3.8222775e-13,1.494140625,-0.37217197,1.494140625,-0.3159888,1.494140625,-0.4663112
1.49609375,0.26245868,1.49609375,-0.7959044,1.49609375,-0.35260016,1.49609375,-0.51501423,1.49609375,-4.906874e-12,1.49609375,-0.30349422,1.49609375,0.42759266,1.49609375,0.05367648
1.498046875,0.37676564,1.498046875,-0.355611,1.498046875,-0.10094239,1.498046875,0.07141386,1.498046875,-1.026159e-11,1.498046875,-0.34048268,1.498046875,-1.7594503,1.498046875,1.257038
1.5,-0.15791824,1.5,0.6932841,1.5,0.39198592,1.5,0.61367077,1.5,-1.113968e-12,1.5,-0.2598519,1.5,1.4265381,1.5,-1.1247369
1.501953125,0.3212573,1.501953125,0.4203563,1.501953125,-0.05200294,1.501953125,0.93205065,1.501953125,2.9370783e-14,1.501953125,-0.14977106,1.501953125,-0.1672702,1.501953125,-0.374433
1.50390625,-0.38936827,1.50390625,-0.43859518,1.50390625,-0.3716954,1.50390625,0.92769194,1.50390625,-6.429173e-13,1.50390625,-0.13199116,1.50390625,0.2328412,1.50390625,1.596246
1.505859375,0.3464523,1.505859375,-0.70400673,1.505859375,0.19703129,1.505859375,0.61328703,1.505859375,3.2813498e-12,1.505859375,-0.24438336,1.505859375,-0.46984947,1.505859375,-0.53575563
1.5078125,-0.37251133,1.5078125,-0.07849799,1.5078125,0.2948176,1.5078125,0.10525471,1.5078125,-5.3327704e-13,1.5078125,-0.10641302,1.5078125,-0.1592116,1.5078125,1.0174973
1.509765625,-0.102712706,1.509765625,-0.43552753,1.509765625,-0.3120634,1.509765625,-0.41885185,1.509765625,-2.4701421e-12,1.509765625,-0.05585353,1.509765625,0.3489829,1.509765625,0.8452936
1.51171875,0.29729536,1.51171875,-0.70917135,1.51171875,-0.1730565,1.51171875,-0.7822458,1.51171875,-2.8551291e-12,1.51171875,0.10470315,1.51171875,0.6405093,1.51171875,0.22287767
1.513671875,-0.35008258,1.513671875,0.29176566,1.513671875,0.3795867,1.513671875,-0.8685589,1.513671875,-4.759012e-12,1.513671875,0.11467241,1.513671875,0.5403731,1.513671875,1.4151558
1.515625,-0.27074862,1.515625,0.37355947,1.515625,0.024949113,1.515625,-0.659094,1.515625,-3.2952486e-12,1.515625,0.11242147,1.515625,-0.6171822,1.515625,1.0504416
1.517578125,0.22225256,1.517578125,-0.06001817,1.517578125,-0.38932136,1.517578125,-0.23575427,1.517578125,8.0218705e-12,1.517578125,0.12835279,1.517578125,0.2849424,1.517578125,-0.53692466
1.51953125,0.22003654,1.51953125,0.86530554,1.51953125,0.12695655,1.51953125,0.25023237,1.51953125,9.444381e-12,1.51953125,0.052155722,1.51953125,-0.19784938,1.51953125,-0.51551366
1.521484375,0.14114763,1.521484375,0.25449476,1.521484375,0.33978537,1.521484375,0.6320385,1.521484375,-1.566436e-13,1.521484375,0.11964438,1.521484375,0.0031694837,1.521484375,1.2698215
1.5234375,0.19394845,1.5234375,-0.13441975,1.5234375,-0.25953424,1.5234375,0.7843934,1.5234375,2.9789667e-12,1.5234375,-0.06262431,1.5234375,1.0037118,1.5234375,1.1349903
1.525390625,0.04272444,1.525390625,-0.13079743,1.525390625,-0.23852015,1.525390625,0.6646089,1.525390625,5.293051e-13,1.525390625,-0.108166896,1.525390625,-0.1830286,1.525390625,0.650703
1.52734375,-0.24820094,1.52734375,-0.9162459,1.52734375,0.35260016,1.52734375,0.32406187,1.52734375,-9.315205e-13,1.52734375,-0.3388227,1.52734375,-0.73519075,1.52734375,0.54072696
1.529296875,-0.15430401,1.529296875,0.66512895,1.529296875,0.10094239,1.529296875,-0.11274987,1.529296875,1.8140498e-13,1.529296875,-0.29279193,1.529296875,0.5161918,1.529296875,0.4195293
1.53125,-0.3184023,1.53125,0.17627428,1.53125,-0.39198592,1.53125,-0.49330434,1.53125,7.8964043e-13,1.53125,-0.16033155,1.53125,0.84323514,1.53125,1.5672206
1.533203125,0.40845057,1.533203125,-1.1052971,1.533203125,0.05200294,1.533203125,-0.6900743,1.533203125,7.4458784e-14,1.533203125,-0.25161904,1.533203125,0.20385627,1.533203125,1.7960169
1.53515625,0.08339179,1.53515625,-2.2357233,1.53515625,0.3716954,1.53515625,-0.6431,1.53515625,1.9532945e-12,1.53515625,-0.2851429,1.53515625,0.4315418,1.53515625,0.21781959
1.537109375,-0.09914859,1.537109375,0.5302998,1.537109375,-0.19703129,1.537109375,-0.3779579,1.537109375,1.0835133e-12,1.537109375,-0.26328215,1.537109375,-0.19462085,1.537109375,-0.6496346
1.5390625,-0.037994195,1.5390625,-1.9135375,1.5390625,-0.2948176,1.5390625,0.0061322367,1.5390625,-7.9605105e-13,1.5390625,-0.20927586,1.5390625,-0.43139932,1.5390625,0.31657365
1.541015625,0.44728333,1.541015625,-0.28299782,1.541015625,0.3120634,1.541015625,0.37293676,1.541015625,-2.2882844e-12,1.541015625,-0.34687248,1.541015625,-0.8752464,1.541015625,1.0760698
1.54296875,-0.3466486,1.54296875,-0.6408348,1.54296875,0.1730565,1.54296875,0.5971825,1.54296875,-2.5530303e-12,1.54296875,-0.269625,1.54296875,0.08406883,1.54296875,0.8913856
1.544921875,0.08622983,1.544921875,0.5016123,1.544921875,-0.3795867,1.544921875,0.6070813,1.544921875,1.09196e-12,1.544921875,-0.2569217,1.544921875,-0.094514914,1.544921875,-0.14858586
1.546875,0.005888679,1.546875,-0.78078294,1.546875,-0.024949113,1.546875,0.4070577,1.546875,3.5937804e-12,1.546875,-0.27023882,1.546875,0.17274086,1.546875,-1.4058607
1.548828125,0.11145423,1.548828125,2.2086167,1.548828125,0.38932136,1.548828125,0.07359195,1.548828125,-5.72128e-13,1.548828125,-0.18729743,1.548828125,0.32602718,1.548828125,0.3642769
1.55078125,-0.4818898,1.55078125,1.0586826,1.55078125,-0.12695655,1.55078125,-0.2734908,1.55078125,-2.751153e-12,1.55078125,-0.3419987,1.55078125,-0.37933215,1.55078125,0.4447687
1.552734375,0.3721239,1.552734375,-0.121442966,1.552734375,-0.33978537,1.552734375,-0.5136477,1.552734375,-2.0431658e-12,1.552734375,-0.33319148,1.552734375,-0.21787314,1.552734375,-0.1268389
1.5546875,0.4321183,1.5546875,-0.3211098,1.5546875,0.25953424,1.5546875,-0.56712806,1.5546875,-3.3365882e-12,1.5546875,-0.3352741,1.5546875,0.37931716,1.5546875,0.033144012
1.556640625,0.065133184,1.556640625,-1.8004568,1.556640625,0.23852015,1.556640625,-0.42119476,1.556640625,-4.066161e-12,1.556640625,-0.30287215,1.556640625,0.27840614,1.556640625,0.6615717
1.55859375,0.19665082,1.55859375,1.6415428,1.55859375,-0.35260016,1.55859375,-0.1325434,1.55859375,-2.0809676e-12,1.55859375,-0.29937762,1.55859375,-0.44288334,1.55859375,-0.5005274
1.560546875,0.4224994,1.560546875,0.27265838,1.560546875,-0.10094239,1.560546875,0.19421795,1.560546875,2.748198e-12,1.560546875,-0.22643849,1.560546875,-0.40031055,1.560546875,-1.2896688
1.5625,0.20723863,1.5625,-0.9948813,1.5625,0.39198592,1.5625,0.44399783,1.5625,-5.6755203e-13,1.5625,-0.24973807,1.5625,-0.021034386,1.5625,-2.3362298
1.564453125,-0.34746096,1.564453125,1.5026165,1.564453125,-0.05200294,1.564453125,0.53131866,1.564453125,-6.216285e-12,1.564453125,-0.29476237,1.564453125,-0.4535632,1.564453125,-1.3433665
1.56640625,0.07628836,1.56640625,-1.252742,1.56640625,-0.3716954,1.56640625,0.42926893,1.56640625,-3.1538515e-12,1.56640625,-0.34727526,1.56640625,-0.05687619,1.56640625,-0.7523795
1.568359375,0.106715046,1.568359375,-0.47794697,1.568359375,0.19703129,1.568359375,0.17762376,1.568359375,9.739578e-13,1.568359375,-0.38080722,1.568359375,-0.41264546,1.568359375,0.6725982
1.5703125,-0.07586933,1.5703125,-0.9399976,1.5703125,0.2948176,1.5703125,-0.13223377,1.5703125,2.2924108e-12,1.5703125,-0.2930369,1.5703125,-0.9520084,1.5703125,-1.0590293
1.572265625,0.23644423,1.572265625,-0.27413175,1.572265625,-0.3120634,1.572265625,-0.3899933,1.572265625,-8.6791067e-13,1.572265625,-0.19025002,1.572265625,0.55027515,1.572265625,-1.8292586
1.57421875,0.434367,1.57421875,-1.2402053,1.57421875,-0.1730565,1.57421875,-0.5051802,1.57421875,-3.705961e-12,1.57421875,-0.20583265,1.57421875,-1.6274582,1.57421875,-2.5530708
1.576171875,0.42556852,1.576171875,-1.0985212,1.576171875,0.3795867,1.576171875,-0.43856448,1.576171875,5.513089e-14,1.576171875,-0.14866345,1.576171875,0.7821111,1.576171875,0.5145179
1.578125,-0.04916063,1.578125,-1.9573212,1.578125,0.024949113,1.578125,-0.2154493,1.578125,2.4263013e-13,1.578125,-0.20478576,1.578125,-0.73795867,1.578125,-1.4761839
1.580078125,-0.38676196,1.580078125,-0.5210713,1.580078125,-0.38932136,1.580078125,0.08362458,1.580078125,-1.7783467e-12,1.580078125,-0.24188863,1.580078125,0.12277564,1.580078125,-1.1936518
1.58203125,0.4848412,1.58203125,-0.831136,1.58203125,0.12695655,1.58203125,0.35143948,1.58203125,-2.0195978e-12,1.58203125,-0.2514338,1.58203125,0.88054645,1.58203125,-1.1011738
1.583984375,0.3388981,1.583984375,-0.32800496,1.583984375,0.33978537,1.583984375,0.49198213,1.583984375,7.559005e-13,1.583984375,-0.23015042,1.583984375,-0.51040244,1.583984375,-0.5592674
1.5859375,-0.37533733,1.5859375,-0.676522,1.5859375,-0.25953424,1.5859375,0.45447066,1.5859375,-3.810585e-13,1.5859375,-0.27799004,1.5859375,0.4609515,1.5859375,-1.3054454
1.587890625,0.42084187,1.587890625,1.9421055,1.587890625,-0.23852015,1.587890625,0.25162196,1.587890625,-3.4541306e-12,1.587890625,-0.3120597,1.587890625,-0.41365534,1.587890625,0.5871629
1.58984375,0.36989635,1.58984375,0.355446,1.58984375,0.35260016,1.58984375,-0.04437358,1.58984375,-4.265444e-12,1.58984375,-0.16307697,1.58984375,0.4195043,1.58984375,-1.7799926
1.591796875,0.018838057,1.591796875,-0.5149341,1.591796875,0.10094239,1.591796875,-0.3270141,1.591796875,-4.6169717e-12,1.591796875,-0.07826668,1.591796875,1.1671635,1.591796875,-2.0518067
1.59375,0.09127544,1.59375,-1.40941,1.59375,-0.39198592,1.59375,-0.49322003,1.59375,-1.2263896e-12,1.59375,-0.05813278,1.59375,1.1524926,1.59375,1.2304864
1.595703125,-0.1009973,1.595703125,-0.2754452,1.595703125,0.05200294,1.595703125,-0.48049948,1.595703125,-3.1684687e-12,1.595703125,-0.19849378,1.595703125,-0.02711767,1.595703125,-0.33770484
1.59765625,-0.44523835,1.59765625,-0.25873825,1.59765625,0.3716954,1.59765625,-0.29031184,1.59765625,-1.665799e-11,1.59765625,-0.21390472,1.59765625,-1.5487401,1.59765625,1.2141874
1.599609375,-0.16480276,1.599609375,1.3380945,1.599609375,-0.19703129,1.599609375,0.011050973,1.599609375,-1.8184584e-11,1.599609375,-0.19658308,1.599609375,-0.57019734,1.599609375,-0.79045874
1.6015625,0.30285344,1.6015625,0.23215249,1.6015625,-0.2948176,1.6015625,0.31499565,1.6015625,-6.674846e-12,1.6015625,-0.14445055,1.6015625,0.85380596,1.6015625,0.4977538
1.603515625,-0.49536797,1.603515625,2.4757397,1.603515625,0.3120634,1.603515625,0.50915486,1.603515625,-5.2059047e-12,1.603515625,-0.08818949,1.603515625,-0.6162149,1.603515625,0.83723074
1.60546875,-0.16650082,1.60546875,-1.7043834,1.60546875,0.1730565,1.60546875,0.518487,1.60546875,-6.834421e-12,1.60546875,-0.12956855,1.60546875,-0.009011745,1.60546875,0.94641286
1.607421875,-0.10183131,1.607421875,-0.4779405,1.607421875,-0.3795867,1.607421875,0.33409014,1.607421875,-6.4513017e-12,1.607421875,-0.20736971,1.607421875,-0.78798234,1.607421875,-0.7777158
1.609375,0.037395604,1.609375,-0.39790502,1.609375,-0.024949113,1.609375,0.018737871,1.609375,-7.893179e-12,1.609375,-0.05764654,1.609375,0.45818785,1.609375,1.5586672
1.611328125,0.41985562,1.611328125,0.61898196,1.611328125,0.38932136,1.611328125,-0.3138266,1.611328125,-9.513371e-12,1.611328125,-0.105332874,1.611328125,-0.32128486,1.611328125,1.308268
1.61328125,-0.15365401,1.61328125,-0.13070424,1.61328125,-0.12695655,1.61328125,-0.53930664,1.61328125,-4.539493e-12,1.61328125,-0.059840754,1.61328125,0.9651296,1.61328125,2.1857412
1.615234375,-0.1530468,1.615234375,0.26327664,1.615234375,-0.33978537,1.615234375,-0.56887525,1.615234375,-1.2159586e-11,1.615234375,-0.1119515,1.615234375,1.4852273,1.615234375,0.64539737
1.6171875,0.23750125,1.6171875,-0.23673552,1.6171875,0.25953424,1.6171875,-0.38393894,1.6171875,-6.403023e-12,1.6171875,-0.024304787,1.6171875,-1.4029342,1.6171875,0.7855102
1.619140625,-0.04778206,1.619140625,-0.9852435,1.619140625,0.23852015,1.619140625,-0.046121046,1.619140625,9.754908e-13,1.619140625,0.18900287,1.619140625,-0.90686196,1.619140625,1.1592393
1.62109375,-0.27539518,1.62109375,-1.433758,1.62109375,-0.35260016,1.62109375,0.32248512,1.62109375,-8.6002055e-13,1.62109375,0.16062748,1.62109375,0.48240036,1.62109375,0.6516803
1.623046875,-0.047560483,1.623046875,1.4747916,1.623046875,-0.10094239,1.623046875,0.582838,1.623046875,-9.75692e-12,1.623046875,0.11689148,1.623046875,1.1564806,1.623046875,0.7024714
1.625,-0.359143,1.625,-0.2817045,1.625,0.39198592,1.625,0.63099474,1.625,-1.0250031e-11,1.625,0.2198697,1.625,2.7563167,1.625,1.5601591
1.626953125,-0.32361302,1.626953125,1.1453247,1.626953125,-0.05200294,1.626953125,0.43936792,1.626953125,-4.065666e-14,1.626953125,0.2642808,1.626953125,-0.657496,1.626953125,-0.56695634
1.62890625,-0.0016322272,1.62890625,-1.7940096,1.62890625,-0.3716954,1.62890625,0.07090586,1.62890625,1.0743405e-12,1.62890625,0.20738879,1.62890625,-0.9302843,1.62890625,2.0776606
1.630859375,-0.08107455,1.630859375,1.2634882,1.630859375,0.19703129,1.630859375,-0.340667,1.630859375,-6.8725156e-12,1.630859375,0.23134148,1.630859375,-0.02623633,1.630859375,1.8777179
1.6328125,0.4148459,1.6328125,1.4363267,1.6328125,0.2948176,1.6328125,-0.6387944,1.6328125,-9.838683e-12,1.6328125,0.31309837,1.6328125,1.6649369,1.6328125,2.2237625
1.634765625,-0.1376061,1.634765625,-0.49163812,1.634765625,-0.3120634,1.634765625,-0.7032937,1.634765625,-4.0142707e-12,1.634765625,0.35366547,1.634765625,0.65437293,1.634765625,-0.20155063
1.63671875,0.08058835,1.63671875,-0.7846243,1.63671875,-0.1730565,1.63671875,-0.49858287,1.63671875,-7.76623e-12,1.63671875,0.2523471,1.63671875,0.073781915,1.63671875,-0.9352106
1.638671875,0.13226429,1.638671875,0.8177084,1.638671875,0.3795867,1.638671875,-0.09166044,1.638671875,-7.981116e-12,1.638671875,0.25720227,1.638671875,-0.011912954,1.638671875,0.35897687
1.640625,-0.48690554,1.640625,0.593632,1.640625,0.024949113,1.640625,0.36879474,1.640625,-1.10753386e-11,1.640625,0.34650573,1.640625,-0.5353163,1.640625,0.9699731
1.642578125,0.16353737,1.642578125,1.6620442,1.642578125,-0.38932136,1.642578125,0.7061937,1.642578125,-5.901964e-12,1.642578125,0.47225013,1.642578125,-0.27727243,1.642578125,-0.06884384
1.64453125,-0.32196403,1.64453125,-0.6312015,1.64453125,0.12695655,1.64453125,0.7834892,1.64453125,-1.1089213e-12,1.64453125,0.46751872,1.64453125,1.0287932,1.64453125,1.3535942
1.646484375,0.46107033,1.646484375,-1.2504007,1.646484375,0.33978537,1.646484375,0.55867034,1.646484375,-1.3739667e-12,1.646484375,0.60573107,1.646484375,-0.2677098,1.646484375,0.9890431
1.6484375,-0.35133728,1.6484375,-1.743475,1.6484375,-0.25953424,1.6484375,0.10589655,1.6484375,-3.2273236e-12,1.6484375,0.77887446,1.6484375,0.1095626,1.6484375,-0.329281
1.650390625,-0.085375875,1.650390625,-0.92199963,1.650390625,-0.23852015,1.650390625,-0.40788025,1.650390625,-4.7916376e-12,1.650390625,0.62836623,1.650390625,0.023905165,1.650390625,-0.23564045
1.65234375,-0.41465032,1.65234375,0.7852166,1.65234375,0.35260016,1.65234375,-0.78397775,1.65234375,-9.406605e-12,1.65234375,0.5463532,1.65234375,-0.05277922,1.65234375,-0.877712
1.654296875,0.49687424,1.654296875,0.6035808,1.654296875,0.10094239,1.654296875,-0.8686366,1.654296875,-8.150072e-12,1.654296875,0.5790716,1.654296875,-0.1245562,1.654296875,-0.1878791
1.65625,0.0021950104,1.65625,1.5509992,1.65625,-0.39198592,1.65625,-0.6157836,1.65625,-5.3982157e-12,1.65625,0.56552875,1.65625,-0.15924448,1.65625,-0.88985384
1.658203125,0.095385015,1.658203125,-0.033004533,1.658203125,0.05200294,1.658203125,-0.11032934,1.658203125,-5.6253543e-12,1.658203125,0.61447203,1.658203125,-0.5908651,1.658203125,0.33140466
1.66015625,-0.43292353,1.66015625,0.9129028,1.66015625,0.3716954,1.66015625,0.4592688,1.66015625,-4.781327e-12,1.66015625,0.63174605,1.66015625,-0.9321646,1.66015625,-1.222007
1.662109375,0.24996047,1.662109375,-0.58830965,1.662109375,-0.19703129,1.662109375,0.8708516,1.662109375,-1.0415578e-11,1.662109375,0.667662,1.662109375,-0.3995978,1.662109375,-0.20177552
1.6640625,-0.2900944,1.6640625,1.3741721,1.6640625,-0.2948176,1.6640625,0.95513475,1.6640625,-9.005481e-12,1.6640625,0.5638414,1.6640625,-0.05416272,1.6640625,-3.4147859
1.666015625,0.3980543,1.666015625,-0.22839117,1.666015625,0.3120634,1.666015625,0.6653321,1.666015625,-1.9175386e-12,1.666015625,0.47257763,1.666015625,-0.42313147,1.666015625,-0.17871614
1.66796875,-0.29486036,1.66796875,0.7432694,1.66796875,0.1730565,1.66796875,0.101200595,1.66796875,-1.7289797e-12,1.66796875,0.46756667,1.66796875,-1.5481291,1.66796875,0.14047483
1.669921875,-0.30931228,1.669921875,0.017037386,1.669921875,-0.3795867,1.669921875,-0.52429277,1.669921875,-5.716458e-12,1.669921875,0.5351696,1.669921875,-0.7443793,1.669921875,-1.7643842
1.671875,-0.46345034,1.671875,0.89697105,1.671875,-0.024949113,1.671875,-0.9650456,1.671875,-3.5741735e-12,1.671875,0.5804529,1.671875,0.6916171,1.671875,-1.768603
1.673828125,-0.027933056,1.673828125,0.27129808,1.673828125,0.38932136,1.673828125,-1.0386993,1.673828125,-2.8212307e-12,1.673828125,0.5831972,1.673828125,0.34765393,1.673828125,-1.0302764
1.67578125,0.06484114,1.67578125,0.1654542,1.67578125,-0.12695655,1.67578125,-0.7021924,1.67578125,-5.8259357e-12,1.67578125,0.46393973,1.67578125,-1.1142479,1.67578125,0.4818884
1.677734375,-0.43429136,1.677734375,-0.43311784,1.677734375,-0.33978537,1.677734375,-0.07465915,1.677734375,-5.9110316e-12,1.677734375,0.5157543,1.677734375,-0.88461775,1.677734375,-0.065483056
1.6796875,0.27552763,1.6796875,1.1720183,1.6796875,0.25953424,1.6796875,0.6038634,1.6796875,-7.391933e-12,1.6796875,0.4949428,1.6796875,0.39925274,1.6796875,-1.7853264
1.681640625,-0.046711165,1.681640625,2.3366165,1.681640625,0.23852015,1.681640625,1.0640442,1.681640625,-6.886346e-12,1.681640625,0.58901757,1.681640625,-0.37117693,1.681640625,-1.5324962
1.68359375,0.02439027,1.68359375,0.27283892,1.68359375,-0.35260016,1.68359375,1.1143453,1.68359375,-3.228234e-12,1.68359375,0.6205384,1.68359375,-0.0076173507,1.68359375,-3.197361
1.685546875,-0.059237253,1.685546875,-0.5699811,1.685546875,-0.10094239,1.685546875,0.72096413,1.685546875,-2.1626396e-12,1.685546875,0.583452,1.685546875,0.3326347,1.685546875,1.3448335
1.6875,-0.09923694,1.6875,1.8147289,1.6875,0.39198592,1.6875,0.02719491,1.6875,-3.5731964e-12,1.6875,0.5933113,1.6875,-0.33961394,1.6875,0.45642772
1.689453125,0.059640333,1.689453125,0.88495135,1.689453125,-0.05200294,1.689453125,-0.6980342,1.689453125,-1.3428837e-12,1.689453125,0.48472625,1.689453125,0.027829941,1.689453125,-0.31227922
1.69140625,-0.34475976,1.69140625,-0.87102085,1.69140625,-0.3716954,1.69140625,-1.16433,1.69140625,6.429152e-13,1.69140625,0.51176596,1.69140625,1.4611243,1.69140625,-2.332089
1.693359375,-0.31807187,1.693359375,2.1561122,1.693359375,0.19703129,1.693359375,-1.1764277,1.693359375,-3.1219615e-12,1.693359375,0.39421004,1.693359375,0.0032210138,1.693359375,-0.4509291
1.6953125,0.36178562,1.6953125,0.8825468,1.6953125,0.2948176,1.6953125,-0.7162967,1.6953125,-6.715064e-12,1.6953125,0.43668398,1.6953125,0.571161,1.6953125,0.30634493
1.697265625,0.44611546,1.697265625,1.2949893,1.697265625,-0.3120634,1.697265625,0.043880932,1.697265625,-8.819543e-12,1.697265625,0.59074247,1.697265625,0.36190367,1.697265625,-0.03720496
1.69921875,-0.12669069,1.69921875,-1.4469894,1.69921875,-0.1730565,1.69921875,0.8055726,1.69921875,-1.2058951e-11,1.69921875,0.5578936,1.69921875,-0.20674469,1.69921875,0.723661
1.701171875,-0.22925533,1.701171875,-0.9829314,1.701171875,0.3795867,1.701171875,1.2611974,1.701171875,-2.8110955e-12,1.701171875,0.5584769,1.701171875,0.020328421,1.701171875,0.12255157
1.703125,0.14399955,1.703125,1.071988,1.703125,0.024949113,1.703125,1.2187842,1.703125,-2.380853e-12,1.703125,0.6269037,1.703125,-0.021951532,1.703125,1.428303
1.705078125,-0.09126583,1.705078125,0.481515,1.705078125,-0.38932136,1.705078125,0.68330604,1.705078125,-4.2143147e-12,1.705078125,0.6023162,1.705078125,-0.7962896,1.705078125,0.16779685
1.70703125,-0.47461364,1.70703125,-1.3996894,1.70703125,0.12695655,1.70703125,-0.13992746,1.70703125,-2.9597874e-12,1.70703125,0.48169622,1.70703125,-1.0789425,1.70703125,-1.8257966
1.708984375,-0.3438474,1.708984375,0.84443504,1.708984375,0.33978537,1.708984375,-0.9235889,1.708984375,-1.8944087e-12,1.708984375,0.49792224,1.708984375,-1.1047391,1.708984375,-0.44483897
1.7109375,0.21597223,1.7109375,0.9081531,1.7109375,-0.25953424,1.7109375,-1.3486924,1.7109375,-2.1502015e-12,1.7109375,0.4384634,1.7109375,1.3225744,1.7109375,1.0683149
1.712890625,0.15892394,1.712890625,-2.2612417,1.712890625,-0.23852015,1.712890625,-1.2350225,1.712890625,-3.1976373e-12,1.712890625,0.5684106,1.712890625,2.4457014,1.712890625,1.1700732
1.71484375,-0.472904,1.71484375,1.9815552,1.71484375,0.35260016,1.71484375,-0.61808586,1.71484375,-4.6085913e-12,1.71484375,0.6816508,1.71484375,0.5004323,1.71484375,2.0988011
1.716796875,-0.27802783,1.716796875,2.3482049,1.716796875,0.10094239,1.716796875,0.26047117,1.716796875,-4.6032267e-12,1.716796875,0.71898645,1.716796875,-0.6177742,1.716796875,-2.436228
1.71875,-0.2689252,1.71875,1.3952457,1.71875,-0.39198592,1.71875,1.0472786,1.71875,-9.058814e-12,1.71875,0.8071097,1.71875,0.18750557,1.71875,0.39198995
1.720703125,0.17189275,1.720703125,-1.0443159,1.720703125,0.05200294,1.720703125,1.4197317,1.720703125,-1.1493808e-11,1.720703125,0.83738744,1.720703125,0.32676372,1.720703125,2.0504572
1.72265625,-0.48028946,1.72265625,0.07857051,1.72265625,0.3716954,1.72265625,1.2189751,1.72265625,-6.4639613e-12,1.72265625,0.85334843,1.72265625,2.8288913,1.72265625,3.194004
1.724609375,-0.39589143,1.724609375,-0.9178927,1.724609375,-0.19703129,1.724609375,0.5182949,1.724609375,-2.6705973e-12,1.724609375,0.7406472,1.724609375,1.1985492,1.724609375,0.7406714
1.7265625,0.2999161,1.7265625,-1.9373798,1.7265625,-0.2948176,1.7265625,-0.40276185,1.7265625,-3.4926393e-12,1.7265625,0.63737017,1.7265625,-0.50069,1.7265625,0.28214517
1.728515625,-0.32145533,1.728515625,0.337752,1.728515625,0.3120634,1.728515625,-1.1698438,1.728515625,-9.605412e-12,1.728515625,0.68305224,1.728515625,-0.16970995,1.728515625,0.92232907
1.73046875,0.15274611,1.73046875,0.3115934,1.73046875,0.1730565,1.73046875,-1.4664465,1.73046875,-4.2277523e-12,1.73046875,0.6795661,1.73046875,0.5558276,1.73046875,0.3609625
1.732421875,-0.26181722,1.732421875,1.1494855,1.732421875,-0.3795867,1.732421875,-1.1653228,1.732421875,6.465837e-14,1.732421875,0.5906601,1.732421875,0.40256262,1.732421875,2.4594395
1.734375,-0.40055862,1.734375,-2.6118197,1.734375,-0.024949113,1.734375,-0.38377482,1.734375,-3.2159522e-12,1.734375,0.5730156,1.734375,0.33635008,1.734375,0.30490097
1.736328125,-0.2568278,1.736328125,1.6891786,1.736328125,0.38932136,1.736328125,0.56146,1.736328125,-5.736846e-12,1.736328125,0.7102798,1.736328125,0.49661627,1.736328125,0.9350839
1.73828125,0.22226693,1.73828125,0.32970902,1.73828125,-0.12695655,1.73828125,1.2826558,1.73828125,3.1042799e-12,1.73828125,0.8808514,1.73828125,-0.38182518,1.73828125,-0.7167616
1.740234375,0.35569647,1.740234375,0.8867751,1.740234375,-0.33978537,1.740234375,1.4807729,1.740234375,6.5430604e-12,1.740234375,0.8178175,1.740234375,0.66396236,1.740234375,-0.72878844
1.7421875,0.33021986,1.7421875,-0.25799182,1.7421875,0.25953424,1.7421875,1.0703547,1.7421875,1.406885e-13,1.7421875,0.79108953,1.7421875,0.040720012,1.7421875,1.9583632
1.744140625,-0.10281647,1.744140625,0.22066125,1.744140625,0.23852015,1.744140625,0.21712282,1.744140625,-3.80554e-12,1.744140625,0.90553325,1.744140625,-0.06980714,1.744140625,1.1385256
1.74609375,0.16808514,1.74609375,0.8454467,1.74609375,-0.35260016,1.74609375,-0.7285419,1.74609375,-9.5914535e-12,1.74609375,0.8004556,1.74609375,-1.100708,1.74609375,-1.0356251
1.748046875,-0.2950157,1.748046875,0.8336431,1.748046875,-0.10094239,1.748046875,-1.3757156,1.748046875,-4.2482836e-12,1.748046875,0.76526296,1.748046875,0.17070957,1.748046875,0.5379336
1.75,-0.20685227,1.75,-0.23833236,1.75,0.39198592,1.75,-1.4552826,1.75,-2.6213237e-12,1.75,0.6979262,1.75,0.5343876,1.75,-0.1283404
1.751953125,0.3963358,1.751953125,-1.2662865,1.751953125,-0.05200294,1.751953125,-0.9327931,1.751953125,-4.445535e-12,1.751953125,0.59891945,1.751953125,0.34498993,1.751953125,0.5697253
1.75390625,-0.48699808,1.75390625,-0.51547205,1.75390625,-0.3716954,1.75390625,-0.02411319,1.75390625,-1.6383138e-12,1.75390625,0.44207227,1.75390625,-0.26559526,1.75390625,0.021853507
1.755859375,-0.41449147,1.755859375,-1.9665982,1.755859375,0.19703129,1.755859375,0.89351,1.755859375,-7.641956e-12,1.755859375,0.37471244,1.755859375,-1.4616108,1.755859375,-0.9678337
1.7578125,-0.29211375,1.7578125,0.21268259,1.7578125,0.2948176,1.7578125,1.4384373,1.7578125,-1.0488113e-11,1.7578125,0.5115447,1.7578125,-0.4287059,1.7578125,-0.73391336
1.759765625,-0.4734678,1.759765625,0.8365292,1.759765625,-0.3120634,1.759765625,1.3841991,1.759765625,-1.5961763e-12,1.759765625,0.45844918,1.759765625,0.49435294,1.759765625,-1.056603
1.76171875,-0.31856456,1.76171875,-1.463329,1.76171875,-0.1730565,1.76171875,0.7545703,1.76171875,-1.5018251e-12,1.76171875,0.5334015,1.76171875,0.4362173,1.76171875,-1.1539769
1.763671875,0.08304156,1.763671875,1.236558,1.763671875,0.3795867,1.763671875,-0.1861529,1.763671875,-6.591927e-12,1.763671875,0.6718187,1.763671875,-0.1889212,1.763671875,-2.8899157
1.765625,-0.07857545,1.765625,-0.26775363,1.765625,0.024949113,1.765625,-1.0439812,1.765625,-3.6814054e-12,1.765625,0.74898344,1.765625,-0.3993502,1.765625,-0.49750924
1.767578125,0.3926717,1.767578125,0.7408812,1.767578125,-0.38932136,1.767578125,-1.4607363,1.767578125,-1.9503878e-12,1.767578125,0.7158618,1.767578125,-1.4670475,1.767578125,-0.9674965
1.76953125,0.31744355,1.76953125,0.6191814,1.76953125,0.12695655,1.76953125,-1.2644957,1.76953125,-3.6412644e-12,1.76953125,0.7097843,1.76953125,-1.6189215,1.76953125,-1.7258714
1.771484375,-0.15818265,1.771484375,-0.8810883,1.771484375,0.33978537,1.771484375,-0.54141015,1.771484375,-6.1147775e-12,1.771484375,0.6016164,1.771484375,-0.48083892,1.771484375,-2.2949877
1.7734375,-0.24057657,1.7734375,1.2716658,1.7734375,-0.25953424,1.7734375,0.40149045,1.7734375,-5.861292e-12,1.7734375,0.6091245,1.7734375,-0.6614879,1.7734375,-0.76225007
1.775390625,-0.120307595,1.775390625,0.391075,1.775390625,-0.23852015,1.775390625,1.1666838,1.775390625,7.4837033e-13,1.775390625,0.6230123,1.775390625,0.42106164,1.775390625,-0.77359724
1.77734375,0.09029494,1.77734375,-0.108294666,1.77734375,0.35260016,1.77734375,1.434344,1.77734375,-6.007168e-14,1.77734375,0.71038544,1.77734375,0.76972145,1.77734375,0.79126537
1.779296875,-0.23193637,1.779296875,0.9992837,1.779296875,0.10094239,1.779296875,1.0969139,1.779296875,-1.1361173e-11,1.779296875,0.7037467,1.779296875,-0.92600435,1.779296875,-0.39076874
1.78125,0.124148905,1.78125,1.7824368,1.78125,-0.39198592,1.78125,0.3030468,1.78125,-5.43786e-12,1.78125,0.7623101,1.78125,-0.4582585,1.78125,-2.2183194
1.783203125,-0.090588346,1.783203125,0.84914696,1.783203125,0.05200294,1.783203125,-0.6073578,1.783203125,1.82179e-13,1.783203125,0.77617824,1.783203125,0.26085645,1.783203125,-2.6342006
1.78515625,0.052047182,1.78515625,-0.21032922,1.78515625,0.3716954,1.78515625,-1.2488295,1.78515625,-4.2381697e-12,1.78515625,0.7937032,1.78515625,-0.14603378,1.78515625,-2.0883226
1.787109375,-0.06387347,1.787109375,1.5553093,1.787109375,-0.19703129,1.787109375,-1.3541986,1.787109375,-7.608065e-12,1.787109375,0.72703964,1.787109375,1.1261994,1.787109375,-0.66594875
1.7890625,-0.20553423,1.7890625,0.67815894,1.7890625,-0.2948176,1.7890625,-0.88670444,1.7890625,-1.5499622e-11,1.7890625,0.6918918,1.7890625,-0.2663264,1.7890625,-1.6399336
1.791015625,0.4484533,1.791015625,0.3426976,1.791015625,0.3120634,1.791015625,-0.05292805,1.791015625,-1.7373505e-11,1.791015625,0.54240113,1.791015625,0.48529828,1.791015625,-1.0883244
1.79296875,0.2636058,1.79296875,-0.7082461,1.79296875,0.1730565,1.79296875,0.7880967,1.79296875,-8.609929e-12,1.79296875,0.5176447,1.79296875,0.2628224,1.79296875,0.00710752
1.794921875,-0.35988683,1.794921875,1.0054109,1.794921875,-0.3795867,1.794921875,1.2797427,1.794921875,-3.8055427e-12,1.794921875,0.5487082,1.794921875,0.0074965847,1.794921875,-1.3752966
1.796875,0.368468,1.796875,1.0249059,1.796875,-0.024949113,1.796875,1.2196927,1.796875,-2.6127334e-13,1.796875,0.48184788,1.796875,-1.1468989,1.796875,-0.060461976
1.798828125,-0.012568802,1.798828125,0.1887685,1.798828125,0.38932136,1.798828125,0.6438749,1.798828125,-2.2427106e-12,1.798828125,0.46994218,1.798828125,-0.9281173,1.798828125,-0.6633032
1.80078125,0.39455223,1.80078125,0.4955136,1.80078125,-0.12695655,1.80078125,-0.19270106,1.80078125,-1.2610613e-11,1.80078125,0.4598523,1.80078125,0.33460432,1.80078125,0.29868105
1.802734375,0.29985526,1.802734375,0.8219991,1.802734375,-0.33978537,1.802734375,-0.9286194,1.802734375,-1.4390085e-11,1.802734375,0.55741394,1.802734375,1.7349849,1.802734375,1.3675079
1.8046875,-0.0747865,1.8046875,-0.09504276,1.8046875,0.25953424,1.8046875,-1.2525325,1.8046875,-1.15837825e-11,1.8046875,0.50521004,1.8046875,-0.056068793,1.8046875,0.4873865
1.806640625,-0.4775307,1.806640625,1.9846479,1.806640625,0.23852015,1.806640625,-1.0355185,1.806640625,-3.5164664e-12,1.806640625,0.6052924,1.806640625,-1.4785634,1.806640625,-0.77072984
1.80859375,-0.23132265,1.80859375,0.96334773,1.80859375,-0.35260016,1.80859375,-0.3827626,1.80859375,-2.2971046e-12,1.80859375,0.6425213,1.80859375,-0.18294004,1.80859375,1.1801195
1.810546875,0.041634213,1.810546875,-0.5216101,1.810546875,-0.10094239,1.810546875,0.41634092,1.810546875,-9.445549e-12,1.810546875,0.49362904,1.810546875,0.03180806,1.810546875,1.3113383
1.8125,0.13347822,1.8125,0.115161575,1.8125,0.39198592,1.8125,1.0163586,1.8125,-9.944957e-13,1.8125,0.5091549,1.8125,1.76452,1.8125,0.92206854
1.814453125,-0.24211231,1.814453125,0.9049654,1.814453125,-0.05200294,1.814453125,1.165514,1.814453125,-3.989902e-12,1.814453125,0.50919163,1.814453125,0.6025507,1.814453125,1.8553061
1.81640625,-0.36064392,1.81640625,-0.7563431,1.81640625,-0.3716954,1.81640625,0.8118472,1.81640625,-1.7177754e-11,1.81640625,0.44010288,1.81640625,-0.1310473,1.81640625,-0.8409579
1.818359375,0.33493024,1.818359375,-0.26693204,1.818359375,0.19703129,1.818359375,0.12083582,1.818359375,-9.883265e-12,1.818359375,0.4812694,1.818359375,-0.69634825,1.818359375,-0.25225526
1.8203125,0.48440218,1.8203125,1.8384788,1.8203125,0.2948176,1.8203125,-0.6012777,1.8203125,-4.851509e-12,1.8203125,0.49073002,1.8203125,0.8273248,1.8203125,0.9724061
1.822265625,0.025690183,1.822265625,-0.2030429,1.822265625,-0.3120634,1.822265625,-1.0431801,1.822265625,-1.0771656e-11,1.822265625,0.44387206,1.822265625,0.64074796,1.822265625,1.32639
1.82421875,-0.3283207,1.82421875,0.3033014,1.82421875,-0.1730565,1.82421875,-1.0230501,1.82421875,-1.3920187e-11,1.82421875,0.3510697,1.82421875,1.02379,1.82421875,2.1657865
1.826171875,-0.22769268,1.826171875,-0.15000543,1.826171875,0.3795867,1.826171875,-0.5636461,1.826171875,-1.0272504e-11,1.826171875,0.3967559,1.826171875,0.62431806,1.826171875,1.5922987
1.828125,-0.4816093,1.828125,-1.4977086,1.828125,0.024949113,1.828125,0.12322779,1.828125,-7.8363895e-12,1.828125,0.51085216,1.828125,0.6798646,1.828125,0.25367305
1.830078125,0.4142988,1.830078125,0.3839174,1.830078125,-0.38932136,1.830078125,0.73383963,1.830078125,-1.4381151e-11,1.830078125,0.6098224,1.830078125,-1.625609,1.830078125,0.0369419
1.83203125,-0.3822489,1.83203125,-0.20693985,1.83203125,0.12695655,1.83203125,1.0068713,1.83203125,-1.738933e-11,1.83203125,0.50162333,1.83203125,0.19434361,1.83203125,2.0524554
1.833984375,0.07651647,1.833984375,-0.24101762,1.833984375,0.33978537,1.833984375,0.8355116,1.833984375,-1.925212e-11,1.833984375,0.388669,1.833984375,0.9677741,1.833984375,1.3223194
1.8359375,-0.22594477,1.8359375,0.6258032,1.8359375,-0.25953424,1.8359375,0.30908266,1.8359375,-1.6145236e-11,1.8359375,0.45541131,1.8359375,-0.9218157,1.8359375,0.29231784
1.837890625,0.054178003,1.837890625,-1.072988,1.837890625,-0.23852015,1.837890625,-0.33195212,1.837890625,-1.2622221e-11,1.837890625,0.48321977,1.837890625,0.14628825,1.837890625,0.029465232
1.83984375,0.15142038,1.83984375,-0.0821129,1.83984375,0.35260016,1.83984375,-0.80545086,1.83984375,-1.3097416e-11,1.83984375,0.4145071,1.83984375,-0.4750856,1.83984375,0.82857037
1.841796875,0.3297418,1.841796875,1.5607297,1.841796875,0.10094239,1.841796875,-0.9118074,1.841796875,-1.3791835e-11,1.841796875,0.3391844,1.841796875,0.7945739,1.841796875,1.6619172
1.84375,-0.2935787,1.84375,-0.23375857,1.84375,-0.39198592,1.84375,-0.61818415,1.84375,-7.1035855e-12,1.84375,0.39787063,1.84375,1.5346608,1.84375,-0.2797998
1.845703125,-0.48900416,1.845703125,-0.61760265,1.845703125,0.05200294,1.845703125,-0.06716754,1.845703125,-6.416733e-12,1.845703125,0.34826753,1.845703125,-0.44941363,1.845703125,-0.40860018
1.84765625,-0.36311436,1.84765625,1.6386425,1.84765625,0.3716954,1.84765625,0.49154237,1.84765625,-1.628398e-11,1.84765625,0.3373551,1.84765625,-1.4262737,1.84765625,-1.6933513
1.849609375,0.40001863,1.849609375,-0.33403733,1.849609375,-0.19703129,1.849609375,0.81399864,1.849609375,-1.710303e-11,1.849609375,0.51680756,1.849609375,0.03910862,1.849609375,-0.4390884
1.8515625,0.37389007,1.8515625,2.0253084,1.8515625,-0.2948176,1.8515625,0.76849306,1.8515625,-1.4392542e-11,1.8515625,0.5383285,1.8515625,0.7179305,1.8515625,-0.56616414
1.853515625,0.0974131,1.853515625,-1.4983139,1.853515625,0.3120634,1.853515625,0.38916966,1.853515625,-1.5927686e-11,1.853515625,0.5111297,1.853515625,0.2320658,1.853515625,-0.28343466
1.85546875,0.10051686,1.85546875,0.41321477,1.85546875,0.1730565,1.85546875,-0.14496991,1.85546875,-2.1264646e-11,1.85546875,0.47335163,1.85546875,-0.38865864,1.85546875,0.35357964
1.857421875,0.16503668,1.857421875,-0.8270093,1.857421875,-0.3795867,1.857421875,-0.59387887,1.857421875,-2.0515966e-11,1.857421875,0.37896633,1.857421875,-0.3370453,1.857421875,-0.84133464
1.859375,-0.3246287,1.859375,1.0054519,1.859375,-0.024949113,1.859375,-0.7640757,1.859375,-1.8608243e-11,1.859375,0.30626953,1.859375,-0.34319827,1.859375,-0.23094742
1.861328125,0.41441193,1.861328125,1.7365909,1.861328125,0.38932136,1.861328125,-0.5918946,1.861328125,-2.0611571e-11,1.861328125,0.29811686,1.861328125,0.6262919,1.861328125,-1.5329376
1.86328125,-0.08122948,1.86328125,0.012685576,1.86328125,-0.12695655,1.86328125,-0.16661303,1.86328125,-1.6142492e-11,1.86328125,0.25472367,1.86328125,0.13213667,1.86328125,-2.5742893
1.865234375,-0.11686147,1.865234375,-1.4666873,1.865234375,-0.33978537,1.865234375,0.31457564,1.865234375,-1.545345e-11,1.865234375,0.3588448,1.865234375,0.3611645,1.865234375,-0.0056460793
1.8671875,0.018917706,1.8671875,1.2207663,1.8671875,0.25953424,1.8671875,0.63745975,1.8671875,-1.0020294e-11,1.8671875,0.46118945,1.8671875,0.1027945,1.8671875,-0.7897367
1.869140625,-0.45303404,1.869140625,-0.3051551,1.869140625,0.23852015,1.869140625,0.66586435,1.869140625,-8.597166e-13,1.869140625,0.40854427,1.869140625,0.020175142,1.869140625,-0.3450195
1.87109375,-0.33371663,1.87109375,0.6282898,1.87109375,-0.35260016,1.87109375,0.39880055,1.87109375,-1.8969138e-12,1.87109375,0.23389418,1.87109375,-1.046222,1.87109375,0.37856734
1.873046875,0.23803362,1.873046875,-0.78484535,1.873046875,-0.10094239,1.873046875,-0.03413355,1.873046875,8.114981e-14,1.873046875,0.13421673,1.873046875,1.4832447,1.873046875,-0.9242886
1.875,-0.41720134,1.875,0.5627046,1.875,0.39198592,1.875,-0.43485013,1.875,4.264889e-12,1.875,0.106320225,1.875,0.66083735,1.875,-0.2569511
1.876953125,0.10315211,1.876953125,-0.8807469,1.876953125,-0.05200294,1.876953125,-0.6268924,1.876953125,9.124661e-12,1.876953125,0.0135446135,1.876953125,0.23302682,1.876953125,-0.63123393
1.87890625,-0.2546509,1.87890625,-0.9717643,1.87890625,-0.3716954,1.87890625,-0.53277415,1.87890625,2.2305442e-11,1.87890625,0.0953119,1.87890625,-0.6439524,1.87890625,-0.40012732
1.880859375,-0.110704385,1.880859375,1.0644348,1.880859375,0.19703129,1.880859375,-0.20480558,1.880859375,3.1330324e-11,1.880859375,0.22605495,1.880859375,1.2479814,1.880859375,-2.36592
1.8828125,-0.21130626,1.8828125,-0.3689011,1.8828125,0.2948176,1.8828125,0.2026201,1.8828125,3.1647216e-11,1.8828125,0.17719299,1.8828125,-0.7627486,1.8828125,-3.6231802
1.884765625,-0.14432728,1.884765625,-0.19427216,1.884765625,-0.3120634,1.884765625,0.5050393,1.884765625,2.2531536e-11,1.884765625,0.11244304,1.884765625,-0.27735662,1.884765625,-1.7035456
1.88671875,0.2190459,1.88671875,-1.116058,1.88671875,-0.1730565,1.88671875,0.5708941,1.88671875,2.1625715e-11,1.88671875,0.08623446,1.88671875,-1.0233312,1.88671875,-0.03892777
1.888671875,-0.20287828,1.888671875,-0.9319979,1.888671875,0.3795867,1.888671875,0.37838018,1.888671875,2.7179122e-11,1.888671875,0.13747816,1.888671875,-0.70452607,1.888671875,0.029621627
1.890625,0.06640464,1.890625,-1.032744,1.890625,0.024949113,1.890625,0.021792393,1.890625,1.0808848e-11,1.890625,0.1650637,1.890625,0.4314121,1.890625,-0.54816484
1.892578125,-0.023949597,1.892578125,1.0266562,1.892578125,-0.38932136,1.892578125,-0.33393005,1.892578125,1.4733917e-12,1.892578125,0.19978544,1.892578125,-0.7938994,1.892578125,-0.70184934
1.89453125,0.16367117,1.89453125,1.8070196,1.89453125,0.12695655,1.89453125,-0.5288183,1.89453125,8.9472076e-12,1.89453125,0.12215171,1.89453125,-1.3193449,1.89453125,0.27493942
1.896484375,0.43682975,1.896484375,-1.7417659,1.896484375,0.33978537,1.896484375,-0.47926712,1.896484375,-1.244333e-12,1.896484375,0.16023378,1.896484375,0.49864143,1.896484375,-0.17894906
1.8984375,0.2325721,1.8984375,-1.377629,1.8984375,-0.25953424,1.8984375,-0.21360034,1.8984375,-1.3011336e-11,1.8984375,0.28313723,1.8984375,-0.21810243,1.8984375,1.0077728
1.900390625,-0.28505963,1.900390625,-0.18261608,1.900390625,-0.23852015,1.900390625,0.14315546,1.900390625,-7.8678305e-12,1.900390625,0.33825085,1.900390625,0.5018551,1.900390625,-1.1059436
1.90234375,-0.46881688,1.90234375,0.58310175,1.90234375,0.35260016,1.90234375,0.42741048,1.90234375,5.603909e-13,1.90234375,0.34825596,1.90234375,0.13700283,1.90234375,1.9497085
1.904296875,-0.23773596,1.904296875,0.6076801,1.904296875,0.10094239,1.904296875,0.5113195,1.904296875,-7.85184e-12,1.904296875,0.30686542,1.904296875,-0.01850512,1.904296875,-0.8986691
1.90625,0.09507793,1.90625,-0.009294131,1.90625,-0.39198592,1.90625,0.35982797,1.90625,-1.4482279e-11,1.90625,0.29701677,1.90625,-1.3531871,1.90625,-1.1661279
1.908203125,-0.4485742,1.908203125,-2.0618095,1.908203125,0.05200294,1.908203125,0.045229036,1.908203125,-1.1568171e-11,1.908203125,0.24517363,1.908203125,-0.833651,1.908203125,0.9294015
1.91015625,-0.0036337527,1.91015625,0.24007991,1.91015625,0.3716954,1.91015625,-0.28675625,1.91015625,-5.725464e-12,1.91015625,0.2831901,1.91015625,-0.49820256,1.91015625,0.6414349
1.912109375,0.09684285,1.912109375,0.14625613,1.912109375,-0.19703129,1.912109375,-0.48370063,1.912109375,-4.840161e-12,1.912109375,0.29611838,1.912109375,-0.5884106,1.912109375,0.30398697
1.9140625,-0.1657561,1.9140625,-0.7327756,1.9140625,-0.2948176,1.9140625,-0.45580032,1.9140625,-1.44489715e-11,1.9140625,0.30610406,1.9140625,0.31485578,1.9140625,1.2003088
1.916015625,0.2709122,1.916015625,1.0545282,1.916015625,0.3120634,1.916015625,-0.21659563,1.916015625,-1.8692386e-11,1.916015625,0.38505012,1.916015625,0.3657827,1.916015625,0.16483304
1.91796875,-0.39340174,1.91796875,0.19060953,1.91796875,0.1730565,1.91796875,0.1232594,1.91796875,-1.7370477e-11,1.91796875,0.39479223,1.91796875,-0.82617694,1.91796875,-1.0253513
1.919921875,-0.4248622,1.919921875,1.4609908,1.919921875,-0.3795867,1.919921875,0.40645424,1.919921875,-1.5821755e-11,1.919921875,0.48346218,1.919921875,-1.9561621,1.919921875,0.51348716
1.921875,0.22818875,1.921875,-0.9384969,1.921875,-0.024949113,1.921875,0.50104326,1.921875,-2.0787243e-11,1.921875,0.5646794,1.921875,-0.1681304,1.921875,1.7926557
1.923828125,-0.004508684,1.923828125,1.9143425,1.923828125,0.38932136,1.923828125,0.36144304,1.923828125,-2.1851661e-11,1.923828125,0.64499474,1.923828125,0.85438025,1.923828125,1.617444
1.92578125,0.1884024,1.92578125,-0.8130061,1.92578125,-0.12695655,1.92578125,0.050444413,1.92578125,-1.5005443e-11,1.92578125,0.6106244,1.92578125,1.3670868,1.92578125,0.17929877
1.927734375,-0.065172665,1.927734375,1.3899418,1.927734375,-0.33978537,1.927734375,-0.28840166,1.927734375,-1.4663246e-11,1.927734375,0.54187775,1.927734375,-1.0462229,1.927734375,-1.4564373
1.9296875,-0.25359797,1.9296875,0.70713794,1.9296875,0.25953424,1.9296875,-0.4962026,1.9296875,-1.866737e-11,1.9296875,0.5302304,1.9296875,-1.1055303,1.9296875,0.695329
1.931640625,0.31910232,1.931640625,0.9688,1.931640625,0.23852015,1.931640625,-0.4725567,1.931640625,-1.0764303e-11,1.931640625,0.42760864,1.931640625,2.3753326,1.931640625,1.7219766
1.93359375,0.2994159,1.93359375,-1.0887251,1.93359375,-0.35260016,1.93359375,-0.22382693,1.93359375,-4.711331e-12,1.93359375,0.5239558,1.93359375,0.76485634,1.93359375,1.2862407
1.935546875,0.19469647,1.935546875,-0.40670928,1.935546875,-0.10094239,1.935546875,0.13723895,1.935546875,-5.194033e-12,1.935546875,0.5380277,1.935546875,-0.41378078,1.935546875,0.2947098
1.9375,-0.22785486,1.9375,1.6086189,1.9375,0.39198592,1.9375,0.44177037,1.9375,-1.19895725e-11,1.9375,0.60017407,1.9375,0.16375695,1.9375,-0.8641197
1.939453125,0.090230666,1.939453125,1.1076516,1.939453125,-0.05200294,1.939453125,0.542961,1.939453125,-1.844591e-11,1.939453125,0.5445775,1.939453125,-0.30395144,1.939453125,1.0403467
1.94140625,-0.1390261,1.94140625,1.902246,1.94140625,-0.3716954,1.94140625,0.38638505,1.94140625,-1.1799606e-11,1.94140625,0.41907316,1.94140625,2.1084297,1.94140625,1.1452571
1.943359375,-0.40841794,1.943359375,0.7633318,1.943359375,0.19703129,1.943359375,0.038986757,1.943359375,-7.1322466e-12,1.943359375,0.41976538,1.943359375,0.06404945,1.943359375,0.3047032
1.9453125,0.41731358,1.9453125,-0.89410764,1.9453125,0.2948176,1.9453125,-0.33857283,1.9453125,-5.696986e-12,1.9453125,0.40497696,1.9453125,1.7793388,1.9453125,1.6094878
1.947265625,-0.36318138,1.947265625,-0.0051794355,1.947265625,-0.3120634,1.947265625,-0.5653529,1.947265625,-1.0867658e-11,1.947265625,0.43532082,1.947265625,-0.15316164,1.947265625,0.79590344
1.94921875,0.45023736,1.94921875,0.15782237,1.94921875,-0.1730565,1.94921875,-0.52624875,1.94921875,-1.5225229e-11,1.94921875,0.47338012,1.94921875,-0.7431784,1.94921875,-0.27230546
1.951171875,-0.053994227,1.951171875,1.0343792,1.951171875,0.3795867,1.951171875,-0.2301048,1.951171875,-7.8048635e-12,1.951171875,0.3529661,1.951171875,0.23628622,1.951171875,0.6078677
1.953125,-0.31486708,1.953125,0.9935052,1.953125,0.024949113,1.953125,0.18937322,1.953125,-2.9629179e-12,1.953125,0.2495127,1.953125,0.9312966,1.953125,0.16255404
1.955078125,0.041900948,1.955078125,1.8980078,1.955078125,-0.38932136,1.955078125,0.53302145,1.955078125,-3.7489022e-12,1.955078125,0.11522966,1.955078125,1.3851258,1.955078125,0.650711
1.95703125,0.37294585,1.95703125,2.0863187,1.95703125,0.12695655,1.95703125,0.63008857,1.95703125,-1.1576714e-12,1.95703125,-0.002059618,1.95703125,-0.29197606,1.95703125,-0.062419437
1.958984375,0.23222488,1.958984375,0.033590622,1.958984375,0.33978537,1.958984375,0.42269906,1.958984375,-2.3041495e-12,1.958984375,-0.008362357,1.958984375,-0.23534329,1.958984375,-0.5054824
1.9609375,0.30656114,1.9609375,0.29722214,1.9609375,-0.25953424,1.9609375,-0.00068490877,1.9609375,-3.8300556e-12,1.9609375,-0.014648298,1.9609375,0.9072335,1.9609375,-1.256573
1.962890625,0.15878336,1.962890625,1.0459898,1.962890625,-0.23852015,1.962890625,-0.44173074,1.962890625,-2.9960214e-12,1.962890625,0.044347182,1.962890625,1.0001858,1.962890625,-1.7194775
1.96484375,0.19227657,1.96484375,0.9866618,1.96484375,0.35260016,1.96484375,-0.68436235,1.96484375,-9.380073e-12,1.96484375,0.08693625,1.96484375,0.46774173,1.96484375,-0.18975745
1.966796875,0.34919566,1.966796875,0.032235216,1.966796875,0.10094239,1.966796875,-0.6001914,1.966796875,-7.829316e-12,1.966796875,0.08622724,1.966796875,-0.12343528,1.966796875,-1.4059869
1.96875,-0.250332,1.96875,-0.8337202,1.96875,-0.39198592,1.96875,-0.21603605,1.96875,5.399383e-13,1.96875,0.0006319327,1.96875,1.0774012,1.96875,-0.04410647
1.970703125,-0.0105750365,1.970703125,-0.37373093,1.970703125,0.05200294,1.970703125,0.2917938,1.970703125,1.2489009e-12,1.970703125,-0.028159127,1.970703125,1.3297035,1.970703125,-1.8540072
1.97265625,-0.27879056,1.97265625,-1.0020226,1.97265625,0.3716954,1.97265625,0.67748004,1.97265625,-1.790332e-12,1.97265625,0.049012326,1.97265625,-0.14137135,1.97265625,-2.8655171
1.974609375,0.487668,1.974609375,1.7155071,1.974609375,-0.19703129,1.974609375,0.7442084,1.974609375,-3.4791612e-12,1.974609375,0.078627326,1.974609375,2.2494879,1.974609375,-1.3134907
1.9765625,0.44405934,1.9765625,-0.5285128,1.9765625,-0.2948176,1.9765625,0.44434398,1.9765625,1.4302428e-13,1.9765625,0.13762102,1.9765625,0.8503416,1.9765625,-0.9514257
1.978515625,-0.4605732,1.978515625,1.131054,1.978515625,0.3120634,1.978515625,-0.08958774,1.978515625,-1.437401e-12,1.978515625,0.18421517,1.978515625,-0.56405807,1.978515625,-0.15100034
1.98046875,0.20557517,1.98046875,-0.33717632,1.98046875,0.1730565,1.98046875,-0.60221505,1.98046875,-1.27156315e-11,1.98046875,0.0039567812,1.98046875,0.62418306,1.98046875,-2.0162601
1.982421875,0.42524832,1.982421875,0.43498445,1.982421875,-0.3795867,1.982421875,-0.8368987,1.982421875,-7.775463e-12,1.982421875,-0.039192192,1.982421875,-0.17953023,1.982421875,-0.22758101
1.984375,-0.31942466,1.984375,0.08505608,1.984375,-0.024949113,1.984375,-0.6640274,1.984375,-2.9025744e-12,1.984375,-0.1749431,1.984375,-0.5469756,1.984375,-1.0965068
1.986328125,0.06794523,1.986328125,-0.891484,1.986328125,0.38932136,1.986328125,-0.15200707,1.986328125,-3.857718e-12,1.986328125,-0.122756444,1.986328125,0.072456256,1.986328125,0.35760096
1.98828125,0.4154883,1.98828125,1.6403792,1.98828125,-0.12695655,1.98828125,0.45767257,1.98828125,-7.1224706e-12,1.98828125,-0.109745674,1.98828125,-1.4727318,1.98828125,-0.51729816
1.990234375,-0.46605402,1.990234375,-0.1384229,1.990234375,-0.33978537,1.990234375,0.8636207,1.990234375,-1.19487085e-11,1.990234375,-0.10913344,1.990234375,0.20470943,1.990234375,-1.890142
1.9921875,0.19742027,1.9921875,-0.09277577,1.9921875,0.25953424,1.9921875,0.85336125,1.9921875,-8.6582954e-12,1.9921875,-0.3410693,1.9921875,0.11782285,1.9921875,2.0186012
1.994140625,-0.202651,1.994140625,-0.7879211,1.994140625,0.23852015,1.994140625,0.4144258,1.994140625,-6.2270883e-12,1.994140625,-0.38839683,1.994140625,0.3651651,1.994140625,-1.6859298
1.99609375,0.4243962,1.99609375,-0.67429245,1.99609375,-0.35260016,1.99609375,-0.25029552,1.99609375,-1.0735358e-11,1.99609375,-0.2695242,1.99609375,-0.8370854,1.99609375,-0.598771
1.998046875,0.47105825,1.998046875,-0.82120645,1.998046875,-0.10094239,1.998046875,-0.81536406,1.998046875,-1.2426791e-11,1.998046875,-0.24793927,1.998046875,0.032415975,1.998046875,1.3193225
2.0,0.4442665,2.0,0.18304059,2.0,0.39198592,2.0,-0.9918978,2.0,-3.1950183e-12,2.0,-0.27756387,2.0,0.080297075,2.0,-0.7487124
2.001953125,-0.025785783,2.001953125,0.44980535,2.001953125,-0.05200294,2.001953125,-0.67534953,2.001953125,-7.902812e-12,2.001953125,-0.27435467,2.001953125,0.9323601,2.001953125,0.36076784
2.00390625,0.36204267,2.00390625,-1.4400616,2.00390625,-0.3716954,2.00390625,-0.0063398224,2.00390625,-1.08078884e-11,2.00390625,-0.11527052,2.00390625,0.71427053,2.00390625,0.74761647
2.005859375,0.3445494,2.005859375,1.6080238,2.005859375,0.19703129,2.005859375,0.69037855,2.005859375,-8.4523265e-12,2.005859375,-0.062918365,2.005859375,0.18454762,2.005859375,0.67260134
2.0078125,-0.18089953,2.0078125,0.06152993,2.0078125,0.2948176,2.0078125,1.0632166,2.0078125,-1.5175743e-11,2.0078125,0.042366866,2.0078125,0.2921827,2.0078125,1.466574
2.009765625,0.32891548,2.009765625,-0.42749467,2.009765625,-0.3120634,2.009765625,0.9113559,2.009765625,-1.3025256e-11,2.009765625,0.11168017,2.009765625,0.36130786,2.009765625,-0.45178872
2.01171875,-0.46299237,2.01171875,-1.5780785,2.01171875,-0.1730565,2.01171875,0.29289138,2.01171875,-7.361236e-12,2.01171875,0.12645562,2.01171875,-0.2989516,2.01171875,2.2317972
2.013671875,0.096269876,2.013671875,-1.6888589,2.013671875,0.3795867,2.013671875,-0.49470168,2.013671875,-7.663008e-12,2.013671875,0.15881033,2.013671875,0.8042687,2.013671875,1.1528882
2.015625,-0.26999116,2.015625,-1.2051576,2.015625,0.024949113,2.015625,-1.0571098,2.015625,-1.20203335e-11,2.015625,0.11307905,2.015625,-0.9600153,2.015625,-0.033090536
2.017578125,-0.37943313,2.017578125,0.5337923,2.017578125,-0.38932136,2.017578125,-1.1007787,2.017578125,-7.1351384e-12,2.017578125,0.042158626,2.017578125,-1.6763902,2.017578125,-0.9875166
2.01953125,-0.4230468,2.01953125,0.1378952,2.01953125,0.12695655,2.01953125,-0.5864989,2.01953125,-2.4546036e-12,2.01953125,0.24576549,2.01953125,1.3491018,2.01953125,0.0154306805
2.021484375,0.19628878,2.021484375,-0.6265107,2.021484375,0.33978537,2.021484375,0.24152978,2.021484375,-1.6811058e-12,2.021484375,0.30466622,2.021484375,0.4648038,2.021484375,1.6888624
2.0234375,-0.16012503,2.0234375,-2.580955,2.0234375,-0.25953424,2.0234375,0.97084266,2.0234375,-3.7070954e-12,2.0234375,0.43199313,2.0234375,0.48569497,2.0234375,1.1972218
2.025390625,0.22476678,2.025390625,-1.0161942,2.025390625,-0.23852015,2.025390625,1.226273,2.025390625,-1.773253e-12,2.025390625,0.57699364,2.025390625,-0.6316339,2.025390625,0.98649615
2.02734375,-0.43464366,2.02734375,-1.0908655,2.02734375,0.35260016,2.02734375,0.8634843,2.02734375,-1.4577951e-12,2.02734375,0.6188583,2.02734375,0.62708807,2.02734375,-1.2395267
2.029296875,-0.18470967,2.029296875,-0.08411077,2.029296875,0.10094239,2.029296875,0.050397553,2.029296875,-4.8197527e-12,2.029296875,0.8167859,2.029296875,-1.5829316,2.029296875,-0.11538134
2.03125,0.039491292,2.03125,-0.4711261,2.03125,-0.39198592,2.03125,-0.80933857,2.03125,-3.3538094e-12,2.03125,0.6090061,2.03125,-0.5054241,2.03125,2.160993
2.033203125,0.29072317,2.033203125,0.20448844,2.033203125,0.05200294,2.033203125,-1.2766914,2.033203125,4.5937397e-13,2.033203125,0.38033745,2.033203125,1.0209397,2.033203125,1.9346015
2.03515625,-0.1812475,2.03515625,0.43878978,2.03515625,0.3716954,2.03515625,-1.1020432,2.03515625,2.6721275e-12,2.03515625,0.19779024,2.03515625,1.3599485,2.03515625,1.7979292
2.037109375,0.12589137,2.037109375,0.913871,2.037109375,-0.19703129,2.037109375,-0.3590708,2.037109375,-2.0771232e-13,2.037109375,0.16103305,2.037109375,-0.44361424,2.037109375,-0.35216922
2.0390625,0.38597775,2.0390625,-0.7552234,2.0390625,-0.2948176,2.0390625,0.58434683,2.0390625,-5.3605514e-12,2.0390625,0.27109525,2.0390625,0.52400583,2.0390625,-0.39414456
2.041015625,0.11586319,2.041015625,-1.499487,2.041015625,0.3120634,2.041015625,1.2480432,2.041015625,-1.0134815e-11,2.041015625,0.2072021,2.041015625,0.8484959,2.041015625,0.8528039
2.04296875,-0.26704052,2.04296875,-1.2456086,2.04296875,0.1730565,2.04296875,1.2845225,2.04296875,-8.424372e-12,2.04296875,0.23515339,2.04296875,1.5466883,2.04296875,-0.081791066
2.044921875,-0.47559923,2.044921875,0.23299408,2.044921875,-0.3795867,2.044921875,0.6617438,2.044921875,1.7694964e-13,2.044921875,0.36191764,2.044921875,0.5968407,2.044921875,0.07534529
2.046875,0.37009886,2.046875,0.05403078,2.046875,-0.024949113,2.046875,-0.31281292,2.046875,5.0630246e-14,2.046875,0.35525778,2.046875,-0.49682572,2.046875,0.99279255
2.048828125,-0.4787306,2.048828125,-1.563273,2.048828125,0.38932136,2.048828125,-1.1434884,2.048828125,-2.0568321e-12,2.048828125,0.3111627,2.048828125,1.9019015,2.048828125,-0.06994353
2.05078125,0.37470168,2.05078125,-0.078072615,2.05078125,-0.12695655,2.05078125,-1.3990027,2.05078125,-6.907e-12,2.05078125,0.24792938,2.05078125,1.1023102,2.05078125,-1.3595154
2.052734375,0.028937135,2.052734375,0.61271083,2.052734375,-0.33978537,2.052734375,-0.93734026,2.052734375,-1.080329e-11,2.052734375,0.2645878,2.052734375,0.87351114,2.052734375,-0.15192577
2.0546875,0.4390677,2.0546875,0.35318452,2.0546875,0.25953424,2.0546875,0.014767691,2.0546875,-4.6044544e-12,2.0546875,0.19805582,2.0546875,0.99797875,2.0546875,-1.9704192
2.056640625,0.29878324,2.056640625,0.6735039,2.056640625,0.23852015,2.056640625,0.97248,2.056640625,-2.2305968e-13,2.056640625,0.13542967,2.056640625,-0.9238083,2.056640625,-0.77432233
2.05859375,0.4979341,2.05859375,0.6459206,2.05859375,-0.35260016,2.05859375,1.4400483,2.05859375,-9.714107e-13,2.05859375,0.07705282,2.05859375,0.44139165,2.05859375,-0.15540068
2.060546875,-0.14928818,2.060546875,-0.2075877,2.060546875,-0.10094239,2.060546875,1.1684238,2.060546875,-1.616117e-12,2.060546875,0.09755827,2.060546875,1.653914,2.060546875,-0.7131304
2.0625,0.26718828,2.0625,0.4280756,2.0625,0.39198592,2.0625,0.28892282,2.0625,1.695142e-12,2.0625,0.10204869,2.0625,1.3876626,2.0625,-0.911262
2.064453125,-0.09806909,2.064453125,1.3966953,2.064453125,-0.05200294,2.064453125,-0.7492731,2.064453125,-8.355333e-13,2.064453125,0.11853818,2.064453125,-0.14167464,2.064453125,-2.4054449
2.06640625,-0.02012438,2.06640625,-0.64018965,2.06640625,-0.3716954,2.06640625,-1.408638,2.06640625,-1.5743136e-12,2.06640625,0.14685342,2.06640625,0.4383226,2.06640625,-1.0610174
2.068359375,0.12750547,2.068359375,-1.782163,2.068359375,0.19703129,2.068359375,-1.3425329,2.068359375,7.739092e-13,2.068359375,0.351208,2.068359375,-1.7486413,2.068359375,-0.5294627
2.0703125,0.3736771,2.0703125,-1.1059203,2.0703125,0.2948176,2.0703125,-0.57863814,2.0703125,1.9608484e-12,2.0703125,0.4752344,2.0703125,-0.2758556,2.0703125,-0.48971295
2.072265625,0.48408347,2.072265625,-1.1752228,2.072265625,-0.3120634,2.072265625,0.49108127,2.072265625,-1.0408453e-12,2.072265625,0.50268185,2.072265625,1.7525685,2.072265625,-2.0186782
2.07421875,0.2682734,2.07421875,0.7025093,2.07421875,-0.1730565,2.07421875,1.3113966,2.07421875,-3.818626e-12,2.07421875,0.47876433,2.07421875,1.7265686,2.07421875,-2.2391324
2.076171875,-0.08223322,2.076171875,-0.53047764,2.076171875,0.3795867,2.076171875,1.4528071,2.076171875,1.7155331e-13,2.076171875,0.54945886,2.076171875,0.073773555,2.076171875,0.5966894
2.078125,-0.078642994,2.078125,1.2593142,2.078125,0.024949113,2.078125,0.8376825,2.078125,1.0214683e-13,2.078125,0.517141,2.078125,-0.80670315,2.078125,0.118036374
2.080078125,0.2375823,2.080078125,-0.55377036,2.080078125,-0.38932136,2.080078125,-0.2161566,2.080078125,-8.731416e-12,2.080078125,0.37750274,2.080078125,0.6671544,2.080078125,-1.9657532
2.08203125,-0.26122284,2.08203125,-1.1875459,2.08203125,0.12695655,2.08203125,-1.1593308,2.08203125,-1.3219635e-11,2.08203125,0.22442386,2.08203125,0.42211762,2.08203125,-1.8509886
2.083984375,-0.3895259,2.083984375,-0.598561,2.083984375,0.33978537,2.083984375,-1.4979346,2.083984375,-9.272669e-13,2.083984375,0.33483416,2.083984375,1.6600589,2.083984375,-1.3350593
2.0859375,-0.14537784,2.0859375,0.3685043,2.0859375,-0.25953424,2.0859375,-1.0534242,2.0859375,2.2350593e-13,2.0859375,0.37634903,2.0859375,-0.10754445,2.0859375,0.6281682
2.087890625,-0.21276101,2.087890625,1.2860502,2.087890625,-0.23852015,2.087890625,-0.057965644,2.087890625,-5.736058e-12,2.087890625,0.35379055,2.087890625,-0.8794911,2.087890625,1.3795086
2.08984375,-0.20369188,2.08984375,-0.57953364,2.08984375,0.35260016,2.08984375,0.966295,2.08984375,-1.2515457e-11,2.08984375,0.35379943,2.08984375,0.9811161,2.08984375,0.25270683
2.091796875,-0.26639226,2.091796875,-0.5593568,2.091796875,0.10094239,2.091796875,1.4815426,2.091796875,-1.2652399e-11,2.091796875,0.53623307,2.091796875,0.36762333,2.091796875,-1.6077228
2.09375,-0.4579068,2.09375,0.82499754,2.09375,-0.39198592,2.09375,1.2178532,2.09375,-3.041216e-12,2.09375,0.6573948,2.09375,0.42427555,2.09375,-2.0746415
2.095703125,-0.48212606,2.095703125,1.1621628,2.095703125,0.05200294,2.095703125,0.31588525,2.095703125,2.9102005e-12,2.095703125,0.77751505,2.095703125,-0.9339648,2.095703125,0.39170024
2.09765625,0.4877224,2.09765625,-0.055627134,2.09765625,0.3716954,2.09765625,-0.74740756,2.09765625,-3.9177663e-12,2.09765625,0.75327116,2.09765625,-1.7963198,2.09765625,-0.3829351
2.099609375,-0.07222687,2.099609375,2.4789505,2.099609375,-0.19703129,2.099609375,-1.4111911,2.099609375,-1.1556209e-11,2.099609375,0.6751903,2.099609375,1.1558275,2.099609375,-0.4443814
2.1015625,-0.115673356,2.1015625,-0.31625146,2.1015625,-0.2948176,2.1015625,-1.3275954,2.1015625,-3.5360532e-12,2.1015625,0.5891636,2.1015625,-0.5233349,2.1015625,-0.5991051
2.103515625,0.17964728,2.103515625,-0.20757368,2.103515625,0.3120634,2.103515625,-0.54531986,2.103515625,-3.052361e-12,2.103515625,0.59875786,2.103515625,0.31994292,2.103515625,1.2028276
2.10546875,-0.28174612,2.10546875,-3.020977,2.10546875,0.1730565,2.10546875,0.51760113,2.10546875,-1.0124491e-12,2.10546875,0.5370068,2.10546875,-2.388456,2.10546875,1.8046213
2.107421875,0.4499612,2.107421875,-0.5315772,2.107421875,-0.3795867,2.107421875,1.2971534,2.107421875,1.4258137e-12,2.107421875,0.5132645,2.107421875,-0.69343716,2.107421875,0.039657407
2.109375,0.286345,2.109375,0.5547473,2.109375,-0.024949113,2.109375,1.3834821,2.109375,-4.6987735e-12,2.109375,0.52137697,2.109375,-1.3042566,2.109375,0.111336984
2.111328125,-0.410589,2.111328125,0.69282186,2.111328125,0.38932136,2.111328125,0.7376272,2.111328125,-4.6224548e-12,2.111328125,0.41660976,2.111328125,-0.7393551,2.111328125,1.8833627
2.11328125,-0.082419224,2.11328125,0.07128176,2.11328125,-0.12695655,2.11328125,-0.2904365,2.11328125,-4.373651e-12,2.11328125,0.30166206,2.11328125,-1.88908,2.11328125,0.7243476
2.115234375,0.3791183,2.115234375,1.6021328,2.115234375,-0.33978537,2.115234375,-1.1511523,2.115234375,-3.981237e-12,2.115234375,0.11377041,2.115234375,-1.6830109,2.115234375,-0.15600874
2.1171875,0.444732,2.1171875,0.548709,2.1171875,0.25953424,2.1171875,-1.3898036,2.1171875,8.106082e-13,2.1171875,0.24071082,2.1171875,-1.158952,2.1171875,0.020861987
2.119140625,-0.032598488,2.119140625,0.025487883,2.119140625,0.23852015,2.119140625,-0.88790035,2.119140625,-2.0385193e-14,2.119140625,0.32795158,2.119140625,-1.376443,2.119140625,0.5060524
2.12109375,0.11341139,2.12109375,0.91878986,2.12109375,-0.35260016,2.12109375,0.077251814,2.12109375,-2.3420128e-13,2.12109375,0.33610275,2.12109375,-0.94001424,2.12109375,1.3584623
2.123046875,-0.33296606,2.123046875,-1.1972103,2.123046875,-0.10094239,2.123046875,0.98519033,2.123046875,2.0979362e-12,2.123046875,0.53352547,2.123046875,-2.6309142,2.123046875,0.8937243
2.125,0.49116862,2.125,-1.1095886,2.125,0.39198592,2.125,1.3533859,2.125,-5.747249e-13,2.125,0.5504789,2.125,-0.63597965,2.125,0.30890957
2.126953125,-0.2683283,2.126953125,-0.017598648,2.126953125,-0.05200294,2.126953125,0.9947117,2.126953125,9.039886e-13,2.126953125,0.587375,2.126953125,-1.0315087,2.126953125,1.4981719
2.12890625,0.44273177,2.12890625,-0.7295513,2.12890625,-0.3716954,2.12890625,0.1133342,2.12890625,1.4495593e-13,2.12890625,0.64078474,2.12890625,-1.0092108,2.12890625,1.4027647
2.130859375,0.14964665,2.130859375,-0.40419403,2.130859375,0.19703129,2.130859375,-0.8105738,2.130859375,-7.2633622e-12,2.130859375,0.6596818,2.130859375,-0.24943806,2.130859375,0.5547295
2.1328125,0.107736796,2.1328125,1.8355455,2.1328125,0.2948176,2.1328125,-1.2826186,2.1328125,-4.9946718e-12,2.1328125,0.64307445,2.1328125,-1.3797956,2.1328125,0.9808401
2.134765625,0.012688511,2.134765625,0.037299104,2.134765625,-0.3120634,2.134765625,-1.059603,2.134765625,-1.7000314e-12,2.134765625,0.56211966,2.134765625,-1.4550064,2.134765625,-0.12998469
2.13671875,-0.26933017,2.13671875,-0.5275585,2.13671875,-0.1730565,2.13671875,-0.27558973,2.13671875,-2.010918e-12,2.13671875,0.637032,2.13671875,0.20440538,2.13671875,1.2276567
2.138671875,-0.32347196,2.138671875,-0.101249024,2.138671875,0.3795867,2.138671875,0.63718337,2.138671875,2.1221761e-12,2.138671875,0.5522937,2.138671875,-1.4465976,2.138671875,-0.019249016
2.140625,-0.27951378,2.140625,-1.4592366,2.140625,0.024949113,2.140625,1.18654,2.140625,1.0721765e-12,2.140625,0.48222575,2.140625,1.3174466,2.140625,0.8610099
2.142578125,-0.31356174,2.142578125,-1.349675,2.142578125,-0.38932136,2.142578125,1.0864258,2.142578125,-6.205905e-12,2.142578125,0.44590452,2.142578125,0.5883315,2.142578125,-0.58944213
2.14453125,0.27958447,2.14453125,0.11683398,2.14453125,0.12695655,2.14453125,0.40656236,2.14453125,-1.1103301e-11,2.14453125,0.46154734,2.14453125,-0.20941854,2.14453125,0.41114882
2.146484375,-0.14987475,2.146484375,-0.7474488,2.146484375,0.33978537,2.146484375,-0.47300977,2.146484375,-8.243439e-12,2.146484375,0.512539,2.146484375,-0.38927713,2.146484375,-1.0848442
2.1484375,-0.44215733,2.1484375,-0.8481808,2.1484375,-0.25953424,2.1484375,-1.0740526,2.1484375,-5.8080064e-12,2.1484375,0.46669954,2.1484375,0.14334664,2.1484375,0.13433239
2.150390625,0.46910262,2.150390625,-1.7124321,2.150390625,-0.23852015,2.150390625,-1.0806259,2.150390625,-2.6309436e-12,2.150390625,0.36512434,2.150390625,0.551775,2.150390625,-0.4368506
2.15234375,0.38378587,2.15234375,0.44841102,2.15234375,0.35260016,2.15234375,-0.5057671,2.15234375,-1.7502573e-12,2.15234375,0.4149486,2.15234375,1.7637846,2.15234375,0.41736624
2.154296875,0.4277523,2.154296875,-1.1272085,2.154296875,0.10094239,2.154296875,0.32393938,2.154296875,-5.236751e-13,2.154296875,0.48886493,2.154296875,2.018411,2.154296875,0.17943387
2.15625,0.49490783,2.15625,-0.9944207,2.15625,-0.39198592,2.15625,0.9533143,2.15625,-2.8889694e-12,2.15625,0.5294296,2.15625,0.13465469,2.15625,1.3052833
2.158203125,-0.32610476,2.158203125,0.9748486,2.158203125,0.05200294,2.158203125,1.0485529,2.158203125,-4.1662364e-12,2.158203125,0.49664047,2.158203125,0.9615246,2.158203125,-1.5504577
2.16015625,-0.10375798,2.16015625,2.3465133,2.16015625,0.3716954,2.16015625,0.5747445,2.16015625,-2.7245066e-12,2.16015625,0.5375613,2.16015625,-0.6123886,2.16015625,-1.4312435
2.162109375,0.25823846,2.162109375,1.034367,2.162109375,-0.19703129,2.162109375,-0.19375254,2.162109375,-2.0298442e-12,2.162109375,0.4470435,2.162109375,3.107898,2.162109375,-2.1863341
2.1640625,0.19602062,2.1640625,0.48018923,2.1640625,-0.2948176,2.1640625,-0.83132195,2.1640625,-1.4574943e-12,2.1640625,0.51162803,2.1640625,0.62010014,2.1640625,-1.7318734
2.166015625,-0.3461041,2.166015625,-0.43260896,2.166015625,0.3120634,2.166015625,-0.99684936,2.166015625,1.341031e-12,2.166015625,0.5181884,2.166015625,0.21130013,2.166015625,0.16553329
2.16796875,0.31583312,2.16796875,-0.22885437,2.16796875,0.1730565,2.16796875,-0.6165585,2.16796875,4.6840206e-13,2.16796875,0.46386606,2.16796875,0.040774833,2.16796875,-2.6508002
2.169921875,-0.27555943,2.169921875,-2.0412018,2.169921875,-0.3795867,2.169921875,0.084287,2.169921875,-4.687729e-12,2.169921875,0.5188277,2.169921875,1.5787581,2.169921875,-0.3255019
2.171875,-0.27618238,2.171875,-2.2360322,2.171875,-0.024949113,2.171875,0.7136785,2.171875,-8.062898e-13,2.171875,0.5135018,2.171875,1.5217804,2.171875,-2.5273368
2.173828125,0.036974423,2.173828125,0.45216608,2.173828125,0.38932136,2.173828125,0.93195814,2.173828125,-7.0480226e-13,2.173828125,0.3282844,2.173828125,4.090325,2.173828125,-1.2113315
2.17578125,0.092939936,2.17578125,0.46663165,2.17578125,-0.12695655,2.17578125,0.6352913,2.17578125,-2.611014e-12,2.17578125,0.1451252,2.17578125,2.2426996,2.17578125,-1.0627697
2.177734375,0.08008621,2.177734375,-2.029685,2.177734375,-0.33978537,2.177734375,0.0042859237,2.177734375,-3.5001234e-13,2.177734375,0.20307285,2.177734375,1.0312828,2.177734375,0.13227376
2.1796875,-0.40851316,2.1796875,0.059888065,2.1796875,0.25953424,2.1796875,-0.60452354,2.1796875,-1.5234115e-12,2.1796875,0.18991803,2.1796875,1.1422049,2.1796875,-0.8582893
2.181640625,0.37746087,2.181640625,-1.1164179,2.181640625,0.23852015,2.181640625,-0.8597604,2.181640625,1.8846986e-12,2.181640625,0.21310128,2.181640625,1.1252154,2.181640625,-2.0537317
2.18359375,-0.23439996,2.18359375,-0.11552584,2.18359375,-0.35260016,2.18359375,-0.63557976,2.18359375,1.6808309e-12,2.18359375,0.10960698,2.18359375,1.5644512,2.18359375,-1.6759677
2.185546875,-0.37048507,2.185546875,0.3055766,2.185546875,-0.10094239,2.185546875,-0.07312171,2.185546875,2.323087e-12,2.185546875,0.17905398,2.185546875,0.35313997,2.185546875,1.2102005
2.1875,0.38874808,2.1875,0.3480827,2.1875,0.39198592,2.1875,0.50659496,2.1875,-1.6600749e-12,2.1875,0.20847307,2.1875,-0.78401124,2.1875,-0.6997338
2.189453125,0.4556515,2.189453125,-1.4108224,2.189453125,-0.05200294,2.189453125,0.78534615,2.189453125,-5.1771985e-12,2.189453125,0.22872916,2.189453125,0.48850757,2.189453125,-0.35933465
2.19140625,0.36212763,2.19140625,-1.0507671,2.19140625,-0.3716954,2.19140625,0.6222209,2.19140625,-1.2407358e-12,2.19140625,0.24436311,2.19140625,2.0450597,2.19140625,-1.3705946
2.193359375,0.30951607,2.193359375,-0.24139825,2.193359375,0.19703129,2.193359375,0.124341615,2.193359375,-1.0363318e-12,2.193359375,0.301619,2.193359375,0.278036,2.193359375,-1.1364712
2.1953125,0.15524198,2.1953125,0.26852396,2.1953125,0.2948176,2.1953125,-0.42138514,2.1953125,-2.9872517e-12,2.1953125,0.2123938,2.1953125,-0.24802127,2.1953125,-0.3524721
2.197265625,0.05085737,2.197265625,-0.6944087,2.197265625,-0.3120634,2.197265625,-0.7129027,2.197265625,-3.9645687e-12,2.197265625,0.28536913,2.197265625,-0.5148039,2.197265625,-0.36529183
2.19921875,-0.41301325,2.19921875,0.7846838,2.19921875,-0.1730565,2.19921875,-0.59986097,2.19921875,-4.0626474e-12,2.19921875,0.26555246,2.19921875,-0.71456903,2.19921875,2.168398
2.201171875,-0.09154679,2.201171875,0.6751455,2.201171875,0.3795867,2.201171875,-0.16068304,2.201171875,-5.38182e-12,2.201171875,0.44637275,2.201171875,0.4639698,2.201171875,0.13904361
2.203125,-0.12731148,2.203125,-1.3823746,2.203125,0.024949113,2.203125,0.34935838,2.203125,-1.0000459e-12,2.203125,0.39485368,2.203125,-1.1955781,2.203125,0.22822557
2.205078125,-0.24024622,2.205078125,-1.4592263,2.205078125,-0.38932136,2.205078125,0.64570147,2.205078125,2.6601685e-12,2.205078125,0.25769585,2.205078125,0.2744618,2.205078125,0.050692495
2.20703125,0.22342011,2.20703125,-1.2327559,2.20703125,0.12695655,2.20703125,0.57277066,2.20703125,-8.017361e-12,2.20703125,0.24180566,2.20703125,-0.07193471,2.20703125,0.15187186
2.208984375,-0.0041242647,2.208984375,0.93686247,2.208984375,0.33978537,2.208984375,0.18518396,2.208984375,-7.308801e-12,2.208984375,0.16415982,2.208984375,-1.635141,2.208984375,-0.6133477
2.2109375,-0.41895378,2.2109375,-1.4939324,2.2109375,-0.25953424,2.2109375,-0.2901984,2.2109375,3.7795028e-12,2.2109375,0.092997715,2.2109375,-1.9793013,2.2109375,0.3563914
2.212890625,-0.2798168,2.212890625,0.18630566,2.212890625,-0.23852015,2.212890625,-0.5861595,2.212890625,-4.7479833e-12,2.212890625,0.063561566,2.212890625,-0.71915895,2.212890625,1.2275846
2.21484375,0.18325876,2.21484375,2.787459,2.21484375,0.35260016,2.21484375,-0.54470044,2.21484375,-1.0832959e-11,2.21484375,0.12986216,2.21484375,-0.7026085,2.21484375,0.97495544
2.216796875,-0.42386913,2.216796875,-2.4060795,2.216796875,0.10094239,2.216796875,-0.20091455,2.216796875,2.3233956e-12,2.216796875,-0.013752448,2.216796875,-0.5067204,2.216796875,0.30119628
2.21875,0.35120693,2.21875,-0.1329375,2.21875,-0.39198592,2.21875,0.24306007,2.21875,3.4984442e-12,2.21875,-0.10176536,2.21875,-0.7908963,2.21875,1.2306584
2.220703125,-0.004853473,2.220703125,-0.7242217,2.220703125,0.05200294,2.220703125,0.5359507,2.220703125,-4.524537e-12,2.220703125,-0.13280065,2.220703125,-1.5096571,2.220703125,1.0592053
2.22265625,-0.019413423,2.22265625,-0.38686693,2.22265625,0.3716954,2.22265625,0.51880324,2.22265625,-1.041105e-12,2.22265625,-0.14740938,2.22265625,-0.33580288,2.22265625,2.3014758
2.224609375,0.092407785,2.224609375,-0.31743407,2.224609375,-0.19703129,2.224609375,0.2107614,2.224609375,4.498102e-13,2.224609375,-0.25442573,2.224609375,-1.1393505,2.224609375,0.15141708
2.2265625,0.32468095,2.2265625,-1.9632784,2.2265625,-0.2948176,2.2265625,-0.20680746,2.2265625,-4.8124955e-12,2.2265625,-0.33219495,2.2265625,-0.2026671,2.2265625,1.4301108
2.228515625,-0.15219079,2.228515625,-0.034651242,2.228515625,0.3120634,2.228515625,-0.49614412,2.228515625,3.657492e-13,2.228515625,-0.32361394,2.228515625,-0.7386702,2.228515625,2.0942233
2.23046875,0.17801616,2.23046875,-1.270577,2.23046875,0.1730565,2.23046875,-0.49760985,2.23046875,1.2235013e-12,2.23046875,-0.3151118,2.23046875,-0.892978,2.23046875,1.7561553
2.232421875,0.065731965,2.232421875,-1.4641593,2.232421875,-0.3795867,2.232421875,-0.21726331,2.232421875,-1.113557e-12,2.232421875,-0.17424685,2.232421875,-0.8668837,2.232421875,2.3359249
2.234375,-0.23297173,2.234375,1.5018773,2.234375,-0.024949113,2.234375,0.18022405,2.234375,-2.2040408e-12,2.234375,-0.2586914,2.234375,0.21523052,2.234375,2.2679284
2.236328125,0.37862998,2.236328125,-1.2569196,2.236328125,0.38932136,2.236328125,0.46734983,2.236328125,-5.2907583e-12,2.236328125,-0.25050142,2.236328125,-0.40779543,2.236328125,0.073849425
2.23828125,0.29742602,2.23828125,0.9016775,2.23828125,-0.12695655,2.23828125,0.4830409,2.23828125,-1.1479175e-12,2.23828125,-0.2583656,2.23828125,-1.0166031,2.23828125,-0.61456233
2.240234375,0.15845184,2.240234375,0.47751582,2.240234375,-0.33978537,2.240234375,0.22249398,2.240234375,9.096354e-13,2.240234375,-0.28657588,2.240234375,-0.10667679,2.240234375,0.6246743
2.2421875,0.35058174,2.2421875,1.4822497,2.2421875,0.25953424,2.2421875,-0.16218764,2.2421875,8.673341e-13,2.2421875,-0.32630062,2.2421875,-0.13497984,2.2421875,1.3132153
2.244140625,0.3672942,2.244140625,-0.57668877,2.244140625,0.23852015,2.244140625,-0.44985622,2.244140625,-2.9664305e-12,2.244140625,-0.48583472,2.244140625,-0.13609055,2.244140625,0.50514346
2.24609375,0.20836298,2.24609375,2.2315626,2.24609375,-0.35260016,2.24609375,-0.47643936,2.24609375,-4.727771e-12,2.24609375,-0.6392813,2.24609375,-1.0752243,2.24609375,0.19480516
2.248046875,0.33701333,2.248046875,1.2146386,2.248046875,-0.10094239,2.248046875,-0.2279844,2.248046875,-2.774113e-12,2.248046875,-0.7347118,2.248046875,0.5809884,2.248046875,0.74381936
2.25,0.19747145,2.25,0.7387857,2.25,0.39198592,2.25,0.15180573,2.25,-3.058016e-12,2.25,-0.72685784,2.25,-0.35321957,2.25,0.64030117
2.251953125,0.18014078,2.251953125,0.35693648,2.251953125,-0.05200294,2.251953125,0.4437463,2.251953125,-4.1048892e-13,2.251953125,-0.6317169,2.251953125,0.6613408,2.251953125,0.96568775
2.25390625,0.11861138,2.25390625,0.40553978,2.25390625,-0.3716954,2.25390625,0.47861063,2.25390625,5.3468026e-13,2.25390625,-0.6016735,2.25390625,0.1401425,2.25390625,0.12802641
2.255859375,0.25271663,2.255859375,-0.5973248,2.255859375,0.19703129,2.255859375,0.23467731,2.255859375,-1.6502534e-12,2.255859375,-0.7385494,2.255859375,0.43926212,2.255859375,0.46858773
2.2578125,-0.3413949,2.2578125,-2.360106,2.2578125,0.2948176,2.2578125,-0.14850995,2.2578125,-2.38024e-12,2.2578125,-0.68086916,2.2578125,-2.3577802,2.2578125,0.64687407
2.259765625,0.38087076,2.259765625,0.6778683,2.259765625,-0.3120634,2.259765625,-0.44898462,2.259765625,-4.557714e-12,2.259765625,-0.37780726,2.259765625,-0.7407001,2.259765625,-0.45142907
2.26171875,0.37184352,2.26171875,-0.71839756,2.26171875,-0.1730565,2.26171875,-0.48986006,2.26171875,-3.9454937e-12,2.26171875,-0.5628758,2.26171875,1.8166692,2.26171875,-1.934193
2.263671875,-0.47075272,2.263671875,1.5464357,2.263671875,0.3795867,2.263671875,-0.24290691,2.263671875,-1.6256066e-12,2.263671875,-0.6383267,2.263671875,1.9899063,2.263671875,-2.6280825
2.265625,0.32581675,2.265625,-1.3759384,2.265625,0.024949113,2.265625,0.15211004,2.265625,-2.5858434e-12,2.265625,-0.708657,2.265625,1.0601714,2.265625,-0.14142942
2.267578125,-0.37113014,2.267578125,-0.26483747,2.267578125,-0.38932136,2.267578125,0.4654698,2.267578125,-1.341259e-12,2.267578125,-0.8023902,2.267578125,0.6028947,2.267578125,0.49376282
2.26953125,-0.16488114,2.26953125,0.2715548,2.26953125,0.12695655,2.26953125,0.5100196,2.26953125,3.0915238e-12,2.26953125,-0.88519675,2.26953125,0.9652799,2.26953125,-1.181057
2.271484375,0.24350825,2.271484375,0.61453253,2.271484375,0.33978537,2.271484375,0.25239834,2.271484375,-4.1704427e-13,2.271484375,-0.5941515,2.271484375,1.1316698,2.271484375,-2.0647674
2.2734375,-0.3392401,2.2734375,-1.5621918,2.2734375,-0.25953424,2.2734375,-0.16280839,2.2734375,-1.0293863e-12,2.2734375,-0.50467426,2.2734375,1.1567036,2.2734375,-3.1056814
2.275390625,0.31796703,2.275390625,0.36523086,2.275390625,-0.23852015,2.275390625,-0.49304956,2.275390625,5.71606e-14,2.275390625,-0.5245919,2.275390625,2.1072044,2.275390625,-2.4495416
2.27734375,0.3321342,2.27734375,0.007980898,2.27734375,0.35260016,2.27734375,-0.53846073,2.27734375,-1.6977648e-12,2.27734375,-0.5228878,2.27734375,0.39557198,2.27734375,0.6981273
2.279296875,0.0074677337,2.279296875,-1.1239693,2.279296875,0.10094239,2.279296875,-0.26228404,2.279296875,-6.089819e-13,2.279296875,-0.40051755,2.279296875,1.1751262,2.279296875,-2.0616915
2.28125,-0.49361414,2.28125,-1.3175546,2.28125,-0.39198592,2.28125,0.1811767,2.28125,2.2860028e-12,2.28125,-0.33295304,2.28125,2.319128,2.28125,-2.5075626
2.283203125,-0.21296187,2.283203125,-1.0475513,2.283203125,0.05200294,2.283203125,0.5314989,2.283203125,-1.5505438e-12,2.283203125,-0.37594187,2.283203125,2.03991,2.283203125,-1.5206909
2.28515625,0.116926916,2.28515625,0.6102725,2.28515625,0.3716954,2.28515625,0.57409304,2.28515625,-2.8689234e-12,2.28515625,-0.35644108,2.28515625,-0.6686454,2.28515625,-1.2311959
2.287109375,0.48118618,2.287109375,-1.6442242,2.287109375,-0.19703129,2.287109375,0.27113643,2.287109375,-1.7606962e-12,2.287109375,-0.23405676,2.287109375,0.50584394,2.287109375,-0.8289762
2.2890625,0.13181353,2.2890625,2.4010737,2.2890625,-0.2948176,2.2890625,-0.20809582,2.2890625,-2.5474497e-12,2.2890625,-0.22321157,2.2890625,0.4944971,2.2890625,-0.2484249
2.291015625,-0.24019642,2.291015625,-1.2679732,2.291015625,0.3120634,2.291015625,-0.5804639,2.291015625,-4.94142e-12,2.291015625,-0.2886871,2.291015625,1.9482286,2.291015625,0.7496378
2.29296875,0.13400571,2.29296875,1.3606373,2.29296875,0.1730565,2.29296875,-0.61535066,2.29296875,-2.1267881e-12,2.29296875,-0.25493425,2.29296875,2.843661,2.29296875,-0.57115346
2.294921875,0.03998538,2.294921875,-0.3307947,2.294921875,-0.3795867,2.294921875,-0.27701855,2.294921875,2.7825142e-12,2.294921875,-0.34747487,2.294921875,-0.7596436,2.294921875,0.101572394
2.296875,0.2798454,2.296875,-0.5707531,2.296875,-0.024949113,2.296875,0.24466018,2.296875,2.771656e-12,2.296875,-0.59367317,2.296875,-0.04030104,2.296875,-1.2187666
2.298828125,-0.39301935,2.298828125,0.10152714,2.298828125,0.38932136,2.298828125,0.63937473,2.298828125,1.718338e-12,2.298828125,-0.48382598,2.298828125,-0.4755457,2.298828125,0.13476735
2.30078125,0.2610279,2.30078125,-1.9381721,2.30078125,-0.12695655,2.30078125,0.660174,2.30078125,6.8274305e-14,2.30078125,-0.33074772,2.30078125,1.1741571,2.30078125,0.99720234
2.302734375,0.04126658,2.302734375,-0.39703423,2.302734375,-0.33978537,2.302734375,0.27755627,2.302734375,-5.759293e-13,2.302734375,-0.4939694,2.302734375,1.1789131,2.302734375,0.30938983
2.3046875,0.462992,2.3046875,0.44015244,2.3046875,0.25953424,2.3046875,-0.29204842,2.3046875,5.9544726e-12,2.3046875,-0.6247255,2.3046875,-0.24446228,2.3046875,0.075536355
2.306640625,-0.15812783,2.306640625,2.0727336,2.306640625,0.23852015,2.306640625,-0.707337,2.306640625,4.132914e-12,2.306640625,-0.5917577,2.306640625,-0.023821615,2.306640625,-0.0135064535
2.30859375,0.1326219,2.30859375,-0.36255306,2.30859375,-0.35260016,2.30859375,-0.7059941,2.30859375,-3.6799887e-13,2.30859375,-0.73384845,2.30859375,-0.7295534,2.30859375,-0.43405634
2.310546875,0.4320281,2.310546875,0.68505365,2.310546875,-0.10094239,2.310546875,-0.2700379,2.310546875,-1.3290297e-12,2.310546875,-0.8030108,2.310546875,-1.3848258,2.310546875,0.87916213
2.3125,-0.39749026,2.3125,0.09938059,2.3125,0.39198592,2.3125,0.35136276,2.3125,-4.122582e-12,2.3125,-0.8819578,2.3125,-0.50689435,2.3125,-0.72267836
2.314453125,0.4372285,2.314453125,-0.30001858,2.314453125,-0.05200294,2.314453125,0.7830089,2.314453125,-4.9392396e-12,2.314453125,-0.86878836,2.314453125,-1.6608069,2.314453125,0.9774948
2.31640625,0.18788572,2.31640625,1.7997893,2.31640625,-0.3716954,2.31640625,0.74973243,2.31640625,-4.73739e-12,2.31640625,-0.8580907,2.31640625,0.028677544,2.31640625,1.4195842
2.318359375,-0.43216294,2.318359375,0.3711144,2.318359375,0.19703129,2.318359375,0.25154546,2.318359375,-4.8399505e-12,2.318359375,-0.97789735,2.318359375,-0.6990443,2.318359375,0.12653731
2.3203125,-0.19903643,2.3203125,0.9612403,2.3203125,0.2948176,2.3203125,-0.4234417,2.3203125,1.2026403e-13,2.3203125,-0.90665716,2.3203125,-1.4290571,2.3203125,1.5079674
2.322265625,0.20817208,2.322265625,0.7102884,2.322265625,-0.3120634,2.322265625,-0.86447775,2.322265625,-1.5427357e-12,2.322265625,-0.8666065,2.322265625,-1.8909404,2.322265625,2.3047273
2.32421875,-0.4326494,2.32421875,-1.4343592,2.32421875,-0.1730565,2.32421875,-0.78782684,2.32421875,-1.0334907e-11,2.32421875,-0.9089366,2.32421875,-0.324119,2.32421875,1.8442469
2.326171875,0.08217046,2.326171875,0.56971496,2.326171875,0.3795867,2.326171875,-0.2191235,2.326171875,-1.7035609e-12,2.326171875,-1.0125202,2.326171875,0.5140228,2.326171875,-0.07128292
2.328125,-0.15411694,2.328125,-0.58633083,2.328125,0.024949113,2.328125,0.5086529,2.328125,3.2983737e-12,2.328125,-0.9657076,2.328125,-1.911154,2.328125,-0.5308044
2.330078125,0.12091552,2.330078125,0.32046366,2.330078125,-0.38932136,2.330078125,0.9491506,2.330078125,-5.1121486e-12,2.330078125,-0.90121776,2.330078125,-0.2949958,2.330078125,1.7509342
2.33203125,-0.45425797,2.33203125,1.1373591,2.33203125,0.12695655,2.33203125,0.81629914,2.33203125,-1.449033e-12,2.33203125,-0.7418407,2.33203125,-0.98054343,2.33203125,2.4435182
2.333984375,0.3715368,2.333984375,-0.025528578,2.333984375,0.33978537,2.333984375,0.16998692,2.333984375,9.682204e-12,2.333984375,-0.7435342,2.333984375,-1.0678347,2.333984375,0.497928
2.3359375,0.47348896,2.3359375,-0.73533285,2.3359375,-0.25953424,2.3359375,-0.6066772,2.3359375,1.2063348e-12,2.3359375,-0.81294775,2.3359375,-1.447523,2.3359375,0.72901857
2.337890625,0.46887785,2.337890625,0.026703482,2.337890625,-0.23852015,2.337890625,-1.0336763,2.337890625,1.3568602e-12,2.337890625,-0.72185874,2.337890625,-1.8684942,2.337890625,0.122048154
2.33984375,0.24965183,2.33984375,0.41667444,2.33984375,0.35260016,2.33984375,-0.8308746,2.33984375,4.9725935e-12,2.33984375,-0.7110116,2.33984375,0.06944286,2.33984375,-1.2166551
2.341796875,-0.36991376,2.341796875,0.39375174,2.341796875,0.10094239,2.341796875,-0.101767115,2.341796875,-1.455162e-12,2.341796875,-0.79042774,2.341796875,0.097643636,2.341796875,1.498739
2.34375,0.2582632,2.34375,0.57433677,2.34375,-0.39198592,2.34375,0.7162986,2.34375,-4.9853403e-12,2.34375,-0.6670413,2.34375,-0.24149185,2.34375,1.7307607
2.345703125,-0.47541308,2.345703125,0.7626201,2.345703125,0.05200294,2.345703125,1.1139174,2.345703125,-5.3561084e-13,2.345703125,-0.5448745,2.345703125,-1.2663172,2.345703125,-0.13719475
2.34765625,-0.47787645,2.34765625,-0.3427074,2.34765625,0.3716954,2.34765625,0.8271651,2.34765625,2.9034856e-12,2.34765625,-0.49416745,2.34765625,0.85279894,2.34765625,-0.25643596
2.349609375,-0.17638978,2.349609375,-0.7620765,2.349609375,-0.19703129,2.349609375,0.012789459,2.349609375,2.8778507e-12,2.349609375,-0.26606244,2.349609375,-1.6824049,2.349609375,-0.25288072
2.3515625,-0.011356809,2.3515625,-1.1019076,2.3515625,-0.2948176,2.3515625,-0.83522,2.3515625,1.9797807e-12,2.3515625,-0.18185382,2.3515625,-0.037006736,2.3515625,0.6290064
2.353515625,0.2704074,2.353515625,-2.1184978,2.353515625,0.3120634,2.353515625,-1.1849923,2.353515625,-4.2457577e-15,2.353515625,-0.30809802,2.353515625,0.34081697,2.353515625,-0.5913607
2.35546875,0.18329538,2.35546875,-1.46274,2.35546875,0.1730565,2.35546875,-0.8009197,2.35546875,1.3176185e-12,2.35546875,-0.37867242,2.35546875,-1.3289678,2.35546875,-0.14852862
2.357421875,-0.054097295,2.357421875,-0.96815574,2.357421875,-0.3795867,2.357421875,0.09763106,2.357421875,-5.239314e-13,2.357421875,-0.3396633,2.357421875,0.18166244,2.357421875,-0.30575758
2.359375,-0.22637333,2.359375,-0.265176,2.359375,-0.024949113,2.359375,0.9599275,2.359375,-5.3596697e-12,2.359375,-0.35216063,2.359375,-0.7253692,2.359375,-0.025663996
2.361328125,0.4971245,2.361328125,-1.2196201,2.361328125,0.38932136,2.361328125,1.2414043,2.361328125,-4.329997e-12,2.361328125,-0.3995179,2.361328125,-0.1494362,2.361328125,-0.20856705
2.36328125,-0.0738187,2.36328125,-0.9677334,2.36328125,-0.12695655,2.36328125,0.74834263,2.36328125,-3.6873655e-12,2.36328125,-0.39974263,2.36328125,0.16765624,2.36328125,-1.5160891
2.365234375,-0.048612975,2.365234375,1.5937188,2.365234375,-0.33978537,2.365234375,-0.22889666,2.365234375,-2.7095223e-12,2.365234375,-0.6394959,2.365234375,-0.25331083,2.365234375,0.29670057
2.3671875,-0.3363762,2.3671875,1.6210154,2.3671875,0.25953424,2.3671875,-1.0856311,2.3671875,-2.4909976e-13,2.3671875,-0.8677021,2.3671875,-0.58255374,2.3671875,-0.65438175
2.369140625,0.29480955,2.369140625,-1.431174,2.369140625,0.23852015,2.369140625,-1.2772716,2.369140625,-1.3879041e-12,2.369140625,-0.91902834,2.369140625,0.025737207,2.369140625,0.03171218
2.37109375,0.19368222,2.37109375,-0.3336483,2.37109375,-0.35260016,2.37109375,-0.6664681,2.37109375,-7.677013e-12,2.37109375,-0.92869735,2.37109375,0.084609956,2.37109375,-1.0211054
2.373046875,-0.2792304,2.373046875,0.75991833,2.373046875,-0.10094239,2.373046875,0.37886453,2.373046875,-7.396763e-12,2.373046875,-0.91115075,2.373046875,0.59497064,2.373046875,-1.6270562
2.375,-0.41761896,2.375,1.7415198,2.375,0.39198592,2.375,1.2063076,2.375,-1.8451458e-12,2.375,-0.8637347,2.375,-0.27382338,2.375,-1.1377397
2.376953125,0.1804993,2.376953125,0.9540163,2.376953125,-0.05200294,2.376953125,1.2866654,2.376953125,-2.4567902e-12,2.376953125,-0.8059388,2.376953125,0.48179892,2.376953125,-0.38551578
2.37890625,0.15451121,2.37890625,-0.55416226,2.37890625,-0.3716954,2.37890625,0.55357033,2.37890625,-5.6257668e-12,2.37890625,-0.8613696,2.37890625,-0.82343817,2.37890625,0.79980713
2.380859375,-0.22674048,2.380859375,-0.88216037,2.380859375,0.19703129,2.380859375,-0.54365045,2.380859375,-4.8420963e-12,2.380859375,-0.7704623,2.380859375,-0.52888036,2.380859375,-2.1959026
2.3828125,0.45086357,2.3828125,0.54927737,2.3828125,0.2948176,2.3828125,-1.3148724,2.3828125,-2.9185157e-12,2.3828125,-0.61942333,2.3828125,1.5241498,2.3828125,-1.510268
2.384765625,-0.3489421,2.384765625,0.45979872,2.384765625,-0.3120634,2.384765625,-1.2640494,2.384765625,-3.7078517e-12,2.384765625,-0.48534083,2.384765625,0.36800146,2.384765625,-2.1362731
2.38671875,-0.0676652,2.38671875,-1.4381753,2.38671875,-0.1730565,2.38671875,-0.40957806,2.38671875,-3.8908187e-12,2.38671875,-0.5859037,2.38671875,0.500296,2.38671875,0.64294034
2.388671875,0.4436159,2.388671875,-0.8551806,2.388671875,0.3795867,2.388671875,0.7175378,2.388671875,-2.556628e-12,2.388671875,-0.73181725,2.388671875,0.6360976,2.388671875,0.061732978
2.390625,-0.08027268,2.390625,-0.280442,2.390625,0.024949113,2.390625,1.403496,2.390625,-4.092457e-12,2.390625,-0.69957674,2.390625,1.6315552,2.390625,0.32672474
2.392578125,0.13852595,2.392578125,0.4761976,2.392578125,-0.38932136,2.392578125,1.204807,2.392578125,-5.8975294e-12,2.392578125,-0.60154235,2.392578125,0.14609644,2.392578125,-0.20445338
2.39453125,-0.1024056,2.39453125,0.20588692,2.39453125,0.12695655,2.39453125,0.2364479,2.39453125,-2.3154e-12,2.39453125,-0.60438895,2.39453125,0.32841548,2.39453125,0.7860916
2.396484375,-0.2257848,2.396484375,-0.49355438,2.396484375,0.33978537,2.396484375,-0.89303154,2.396484375,-2.7684838e-12,2.396484375,-0.49878687,2.396484375,-1.4912355,2.396484375,-0.17460972
2.3984375,0.48397765,2.3984375,-0.65980947,2.3984375,-0.25953424,2.3984375,-1.4640751,2.3984375,-4.9241483e-12,2.3984375,-0.36765164,2.3984375,-0.4948438,2.3984375,0.41014922
2.400390625,-0.090665996,2.400390625,-0.04810656,2.400390625,-0.23852015,2.400390625,-1.1058186,2.400390625,-4.334182e-12,2.400390625,-0.2960084,2.400390625,-0.41730797,2.400390625,-0.15168457
2.40234375,0.3940992,2.40234375,0.70228046,2.40234375,0.35260016,2.40234375,-0.03844554,2.40234375,1.06710654e-13,2.40234375,-0.26156366,2.40234375,0.20101704,2.40234375,1.2904532
2.404296875,-0.2700454,2.404296875,-1.3723588,2.404296875,0.10094239,2.404296875,1.0610924,2.404296875,1.9709766e-12,2.404296875,-0.21055388,2.404296875,0.9227262,2.404296875,0.64879316
2.40625,-0.2868953,2.40625,0.20170338,2.40625,-0.39198592,2.40625,1.488846,2.40625,-1.6009357e-12,2.40625,-0.1710503,2.40625,-0.25247508,2.40625,0.6263458
2.408203125,-0.46886593,2.408203125,-0.22887827,2.408203125,0.05200294,2.408203125,0.96604085,2.408203125,-1.994264e-12,2.408203125,-0.011847507,2.408203125,-1.1450204,2.408203125,-0.7427699
2.41015625,0.15166682,2.41015625,0.5431399,2.41015625,0.3716954,2.41015625,-0.17772394,2.41015625,-8.802925e-12,2.41015625,-0.08101784,2.41015625,1.3822829,2.41015625,1.906313
2.412109375,-0.13147366,2.412109375,-0.54586697,2.412109375,-0.19703129,2.412109375,-1.211574,2.412109375,-1.204117e-11,2.412109375,-0.0020136698,2.412109375,1.7736601,2.412109375,1.7059953
2.4140625,0.36435825,2.4140625,-1.533245,2.4140625,-0.2948176,2.4140625,-1.4711109,2.4140625,-6.2905406e-12,2.4140625,0.12013228,2.4140625,1.3345559,2.4140625,1.399547
2.416015625,-0.026790094,2.416015625,-0.708067,2.416015625,0.3120634,2.416015625,-0.7870217,2.416015625,-3.0811423e-12,2.416015625,0.058142476,2.416015625,-0.64850545,2.416015625,0.32025966
2.41796875,0.46819344,2.41796875,-0.28210247,2.41796875,0.1730565,2.41796875,0.4029919,2.41796875,-5.5226765e-13,2.41796875,0.11190872,2.41796875,-1.2767907,2.41796875,-0.085454784
2.419921875,-0.3144745,2.419921875,-0.50789696,2.419921875,-0.3795867,2.419921875,1.3338687,2.419921875,-6.067308e-12,2.419921875,0.14193727,2.419921875,-0.8781802,2.419921875,-0.12776938
2.421875,0.36862317,2.421875,0.52444667,2.421875,-0.024949113,2.421875,1.4060249,2.421875,-6.7670873e-12,2.421875,0.17373627,2.421875,0.58187014,2.421875,2.1945362
2.423828125,0.27659684,2.423828125,-0.8278341,2.423828125,0.38932136,2.423828125,0.5732741,2.423828125,-2.8005382e-12,2.423828125,0.26223558,2.423828125,-0.44649264,2.423828125,1.7265518
2.42578125,0.27092186,2.42578125,-0.26741046,2.42578125,-0.12695655,2.42578125,-0.6262532,2.42578125,-1.0034747e-11,2.42578125,0.1494962,2.42578125,1.2297678,2.42578125,1.0825156
2.427734375,0.34478322,2.427734375,0.61675876,2.427734375,-0.33978537,2.427734375,-1.4177392,2.427734375,-1.5412642e-11,2.427734375,0.07376504,2.427734375,0.47409305,2.427734375,0.7795471
2.4296875,0.261024,2.4296875,0.35707238,2.4296875,0.25953424,2.4296875,-1.2913637,2.4296875,-7.646034e-12,2.4296875,-0.14897297,2.4296875,-0.41144273,2.4296875,0.9316794
2.431640625,0.12622032,2.431640625,0.20568314,2.431640625,0.23852015,2.431640625,-0.33242902,2.431640625,-1.0858595e-11,2.431640625,-0.20218708,2.431640625,-0.17092171,2.431640625,0.87844455
2.43359375,-0.36875513,2.43359375,0.06821447,2.43359375,-0.35260016,2.43359375,0.8349697,2.43359375,-2.0233008e-11,2.43359375,-0.023688648,2.43359375,-0.9813304,2.43359375,1.4289166
2.435546875,-0.46747383,2.435546875,0.27670166,2.435546875,-0.10094239,2.435546875,1.4542842,2.435546875,-1.342838e-11,2.435546875,-0.20960042,2.435546875,-1.3916906,2.435546875,1.1122279
2.4375,0.42084783,2.4375,-0.46132413,2.4375,0.39198592,2.4375,1.1281797,2.4375,-5.154032e-12,2.4375,-0.22249731,2.4375,-1.1417223,2.4375,-1.1209356
2.439453125,0.11665031,2.439453125,1.4902768,2.439453125,-0.05200294,2.439453125,0.07509625,2.439453125,-1.0660865e-11,2.439453125,-0.10152012,2.439453125,-0.21045545,2.439453125,1.1587725
2.44140625,0.29653728,2.44140625,-0.003730619,2.44140625,-0.3716954,2.44140625,-1.0160427,2.44140625,-1.474721e-11,2.44140625,-0.034044087,2.44140625,0.048825536,2.44140625,0.72892076
2.443359375,-0.018477648,2.443359375,-0.35129848,2.443359375,0.19703129,2.443359375,-1.4369546,2.443359375,-1.2296516e-11,2.443359375,-0.16291651,2.443359375,-0.967522,2.443359375,1.4641536
2.4453125,-0.3826918,2.4453125,2.0873282,2.4453125,0.2948176,2.4453125,-0.9212385,2.4453125,-1.4347818e-11,2.4453125,-0.085425094,2.4453125,-0.9817628,2.4453125,-1.3470395
2.447265625,-0.3748142,2.447265625,-0.63070095,2.447265625,-0.3120634,2.447265625,0.18561792,2.447265625,-1.4730599e-11,2.447265625,-0.17112832,2.447265625,-1.1572475,2.447265625,0.50766456
2.44921875,0.1855653,2.44921875,-0.6718738,2.44921875,-0.1730565,2.44921875,1.15691,2.44921875,-9.0762935e-12,2.44921875,-0.25669956,2.44921875,-0.5825452,2.44921875,0.75105894
2.451171875,-0.0696941,2.451171875,0.93586236,2.451171875,0.3795867,2.451171875,1.3625039,2.451171875,-3.904124e-12,2.451171875,-0.23664787,2.451171875,-0.11860002,2.451171875,1.1758215
2.453125,-0.29947528,2.453125,-1.5012559,2.453125,0.024949113,2.453125,0.6791346,2.453125,-7.429153e-12,2.453125,-0.22672202,2.453125,-0.58658624,2.453125,0.17394419
2.455078125,-0.0084054535,2.455078125,-1.4720887,2.455078125,-0.38932136,2.455078125,-0.43495053,2.455078125,-1.5280142e-11,2.455078125,-0.24443838,2.455078125,-0.05153403,2.455078125,-0.7106712
2.45703125,-0.43579108,2.45703125,-1.008151,2.45703125,0.12695655,2.45703125,-1.2467775,2.45703125,-1.5988112e-11,2.45703125,-0.23002891,2.45703125,0.099923275,2.45703125,0.4744725
2.458984375,0.0819714,2.458984375,-0.5516282,2.458984375,0.33978537,2.458984375,-1.231742,2.458984375,-5.749102e-12,2.458984375,-0.20500295,2.458984375,-1.0375389,2.458984375,-0.21015126
2.4609375,-0.23100659,2.4609375,-0.37436572,2.4609375,-0.25953424,2.4609375,-0.41400304,2.4609375,-8.3135755e-12,2.4609375,-0.37606803,2.4609375,-1.432693,2.4609375,-1.3683794
2.462890625,0.2975591,2.462890625,0.6016422,2.462890625,-0.23852015,2.462890625,0.65764594,2.462890625,-1.1438742e-11,2.462890625,-0.4298688,2.462890625,-0.875103,2.462890625,-1.3889117
2.46484375,-0.18963805,2.46484375,-2.0101452,2.46484375,0.35260016,2.46484375,1.2778549,2.46484375,-3.0186032e-12,2.46484375,-0.40121514,2.46484375,0.13534786,2.46484375,-0.42554918
2.466796875,-0.044779852,2.466796875,-1.4938071,2.466796875,0.10094239,2.466796875,1.0499533,2.466796875,1.1109834e-12,2.466796875,-0.38827488,2.466796875,-0.45964807,2.466796875,-1.2514925
2.46875,-0.48837945,2.46875,-1.2775637,2.46875,-0.39198592,2.46875,0.140787,2.46875,-3.0005104e-12,2.46875,-0.328783,2.46875,-0.89265466,2.46875,-0.88339907
2.470703125,-0.42755312,2.470703125,0.9796311,2.470703125,0.05200294,2.470703125,-0.8393538,2.470703125,-1.0372658e-11,2.470703125,-0.25654358,2.470703125,-1.2883503,2.470703125,-0.92899853
2.47265625,-0.10750645,2.47265625,1.6205264,2.47265625,0.3716954,2.47265625,-1.2464331,2.47265625,-6.5980854e-12,2.47265625,-0.15661444,2.47265625,0.8574119,2.47265625,-1.591922
2.474609375,-0.020061165,2.474609375,-0.5508106,2.474609375,-0.19703129,2.474609375,-0.82686216,2.474609375,2.8050983e-13,2.474609375,-0.26093563,2.474609375,0.32139325,2.474609375,-2.0916963
2.4765625,0.10002055,2.4765625,2.50312,2.4765625,-0.2948176,2.4765625,0.12392325,2.4765625,-4.517364e-12,2.4765625,-0.32363445,2.4765625,0.8241171,2.4765625,0.04695852
2.478515625,-0.20833743,2.478515625,0.56629014,2.478515625,0.3120634,2.478515625,0.96811545,2.478515625,-1.0348085e-11,2.478515625,-0.31779093,2.478515625,0.6764639,2.478515625,-0.15132695
2.48046875,0.19498189,2.48046875,-1.0438031,2.48046875,0.1730565,2.48046875,1.1536299,2.48046875,-4.707812e-12,2.48046875,-0.3442306,2.48046875,0.23230457,2.48046875,-1.6363271
2.482421875,0.36012238,2.482421875,-0.6960017,2.482421875,-0.3795867,2.482421875,0.5760731,2.482421875,-4.378822e-12,2.482421875,-0.45432705,2.482421875,0.73368806,2.482421875,-1.7931529
2.484375,0.279851,2.484375,1.6295625,2.484375,-0.024949113,2.484375,-0.36339256,2.484375,-1.2991938e-11,2.484375,-0.47298142,2.484375,1.1517072,2.484375,-1.3384378
2.486328125,-0.46038118,2.486328125,-0.88991976,2.486328125,0.38932136,2.486328125,-1.0357472,2.486328125,-7.770495e-12,2.486328125,-0.5928045,2.486328125,0.029934628,2.486328125,0.112725325
2.48828125,-0.019493053,2.48828125,-0.6012581,2.48828125,-0.12695655,2.48828125,-1.0056456,2.48828125,-4.0577615e-12,2.48828125,-0.6253993,2.48828125,-0.9482266,2.48828125,0.7209536
2.490234375,-0.3950698,2.490234375,0.8335726,2.490234375,-0.33978537,2.490234375,-0.31397924,2.490234375,-1.2054004e-11,2.490234375,-0.72179365,2.490234375,-1.58514,2.490234375,-0.85401696
2.4921875,-0.25795498,2.4921875,-0.25955907,2.4921875,0.25953424,2.4921875,0.56242424,2.4921875,-1.0426773e-11,2.4921875,-0.80082095,2.4921875,0.59330106,2.4921875,-2.0580683
2.494140625,0.4866626,2.494140625,1.2628927,2.494140625,0.23852015,2.494140625,1.0389069,2.494140625,-5.3233533e-12,2.494140625,-0.76766306,2.494140625,0.083687074,2.494140625,1.0479872
2.49609375,-0.35750446,2.49609375,-0.51486623,2.49609375,-0.35260016,2.49609375,0.8134202,2.49609375,-1.2263157e-11,2.49609375,-0.70379084,2.49609375,-0.98921144,2.49609375,0.24208885
2.498046875,-0.0011118465,2.498046875,-0.13183916,2.498046875,-0.10094239,2.498046875,0.058222625,2.498046875,-1.0344758e-11,2.498046875,-0.770944,2.498046875,-0.34615335,2.498046875,-0.38114083
2.5,0.11815573,2.5,-1.3821253,2.5,0.39198592,2.5,-0.7090034,2.5,-2.5470331e-12,2.5,-0.7323345,2.5,-0.6235462,2.5,0.41878912
2.501953125,0.20246497,2.501953125,-0.18691795,2.501953125,-0.05200294,2.501953125,-0.97964466,2.501953125,-6.5489784e-12,2.501953125,-0.6964567,2.501953125,0.89909124,2.501953125,0.8292718
2.50390625,0.059648685,2.50390625,0.4566959,2.50390625,-0.3716954,2.50390625,-0.5916637,2.50390625,-1.19538025e-11,2.50390625,-0.7680861,2.50390625,0.16196772,2.50390625,0.8006827
2.505859375,-0.49022916,2.505859375,-0.7950067,2.505859375,0.19703129,2.505859375,0.17411892,2.505859375,-8.386218e-12,2.505859375,-0.84581953,2.505859375,-1.0520481,2.505859375,-1.0749698
2.5078125,-0.17353868,2.5078125,2.1974053,2.5078125,0.2948176,2.5078125,0.79564524,2.5078125,-2.067601e-12,2.5078125,-0.87074786,2.5078125,-0.4804918,2.5078125,-1.1945332
2.509765625,0.017711643,2.509765625,1.1805623,2.509765625,-0.3120634,2.509765625,0.86529046,2.509765625,-4.8013434e-12,2.509765625,-0.8633186,2.509765625,-0.6285461,2.509765625,1.6018832
2.51171875,-0.4121335,2.51171875,-0.50477517,2.51171875,-0.1730565,2.51171875,0.35733947,2.51171875,-1.3334158e-11,2.51171875,-0.8030407,2.51171875,0.38422638,2.51171875,0.43387118
2.513671875,-0.14937307,2.513671875,-1.0604081,2.513671875,0.3795867,2.513671875,-0.36836585,2.513671875,-1.6686982e-11,2.513671875,-0.9167654,2.513671875,1.6048163,2.513671875,2.2254326
2.515625,-0.4667969,2.515625,0.29496974,2.515625,0.024949113,2.515625,-0.82020575,2.515625,-1.580499e-11,2.515625,-0.82751983,2.515625,-0.36975655,2.515625,1.2214056
2.517578125,-0.4214215,2.517578125,0.010122169,2.517578125,-0.38932136,2.517578125,-0.7076311,2.517578125,-1.0514041e-11,2.517578125,-0.75834554,2.517578125,-0.89997584,2.517578125,-0.49504536
2.51953125,-0.103076726,2.51953125,-0.39306998,2.51953125,0.12695655,2.51953125,-0.1277911,2.51953125,-2.250001e-12,2.51953125,-0.9293029,2.51953125,-0.30952528,2.51953125,1.6571468
2.521484375,-0.36728424,2.521484375,-0.6732213,2.521484375,0.33978537,2.521484375,0.5137931,2.521484375,-5.9222995e-12,2.521484375,-0.8814589,2.521484375,1.8239185,2.521484375,2.290248
2.5234375,0.06754085,2.5234375,-0.31437004,2.5234375,-0.25953424,2.5234375,0.7859718,2.5234375,-1.5624942e-11,2.5234375,-0.96966785,2.5234375,0.4111752,2.5234375,1.1724749
2.525390625,0.18946497,2.525390625,-2.1753674,2.525390625,-0.23852015,2.525390625,0.5214556,2.525390625,-1.8434853e-11,2.525390625,-0.8454137,2.525390625,0.93385416,2.525390625,1.5796355
2.52734375,0.3005867,2.52734375,-0.33335963,2.52734375,0.35260016,2.52734375,-0.08119442,2.52734375,-1.8770794e-11,2.52734375,-0.6537747,2.52734375,-0.9365189,2.52734375,-0.22190842
2.529296875,-0.29984975,2.529296875,-0.75306,2.529296875,0.10094239,2.529296875,-0.6046213,2.529296875,-1.847066e-11,2.529296875,-0.7071444,2.529296875,-0.45066097,2.529296875,0.8958257
2.53125,-0.33251742,2.53125,0.42620447,2.53125,-0.39198592,2.53125,-0.700969,2.53125,-1.3832517e-11,2.53125,-0.5357771,2.53125,-0.43390495,2.53125,1.9016819
2.533203125,-0.39543217,2.533203125,-0.48592228,2.533203125,0.05200294,2.533203125,-0.32268813,2.533203125,-1.1397246e-11,2.533203125,-0.3973597,2.533203125,0.05147658,2.533203125,1.8806083
2.53515625,0.13643025,2.53515625,0.16947234,2.53515625,0.3716954,2.53515625,0.25704405,2.53515625,-5.953723e-12,2.53515625,-0.4651288,2.53515625,-1.0021417,2.53515625,0.36738515
2.537109375,0.20647572,2.537109375,-0.15698737,2.537109375,-0.19703129,2.537109375,0.6402319,2.537109375,-9.1215525e-12,2.537109375,-0.50848943,2.537109375,-0.96293783,2.537109375,0.46476954
2.5390625,-0.46841386,2.5390625,0.40606302,2.5390625,-0.2948176,2.5390625,0.5765783,2.5390625,-1.6782757e-11,2.5390625,-0.5892937,2.5390625,0.091357596,2.5390625,0.42700994
2.541015625,0.43621224,2.541015625,1.4394839,2.541015625,0.3120634,2.541015625,0.12644471,2.541015625,-1.8316248e-11,2.541015625,-0.58192635,2.541015625,-0.12566648,2.541015625,0.19794397
2.54296875,-0.4480287,2.54296875,-0.11854301,2.54296875,0.1730565,2.54296875,-0.3914461,2.54296875,-1.1304089e-11,2.54296875,-0.7142228,2.54296875,-0.5439324,2.54296875,0.64590454
2.544921875,0.041296337,2.544921875,0.6445626,2.544921875,-0.3795867,2.544921875,-0.62454146,2.544921875,-1.3540805e-11,2.544921875,-0.52691,2.544921875,-1.2083322,2.544921875,-0.06529131
2.546875,0.20906052,2.546875,0.46286845,2.546875,-0.024949113,2.546875,-0.42572272,2.546875,-1.691359e-11,2.546875,-0.52094525,2.546875,0.65042317,2.546875,0.15355381
2.548828125,0.37096912,2.548828125,-0.35000154,2.548828125,0.38932136,2.548828125,0.054589044,2.548828125,-1.4607317e-11,2.548828125,-0.5965377,2.548828125,-0.8638521,2.548828125,1.9522316
2.55078125,0.21408693,2.55078125,0.63303035,2.55078125,-0.12695655,2.55078125,0.48055837,2.55078125,-5.4737955e-12,2.55078125,-0.7271201,2.55078125,0.056457877,2.55078125,0.04897612
2.552734375,0.30172807,2.552734375,0.17528486,2.552734375,-0.33978537,2.552734375,0.5646582,2.552734375,-2.183563e-12,2.552734375,-0.74185324,2.552734375,0.30675822,2.552734375,0.26037773
2.5546875,-0.1605498,2.5546875,-1.3191403,2.5546875,0.25953424,2.5546875,0.26101908,2.5546875,-5.714131e-12,2.5546875,-0.6779527,2.5546875,-0.8292874,2.5546875,-1.6075566
2.556640625,0.31482512,2.556640625,0.35347128,2.556640625,0.23852015,2.556640625,-0.21109086,2.556640625,-3.791929e-12,2.556640625,-0.69162434,2.556640625,-1.0690991,2.556640625,-0.9383546
2.55859375,-0.41988516,2.55859375,-0.7453774,2.55859375,-0.35260016,2.55859375,-0.5243288,2.55859375,-5.3575772e-12,2.55859375,-0.8474031,2.55859375,0.088185884,2.55859375,-1.2249209
2.560546875,0.39481667,2.560546875,0.9905054,2.560546875,-0.10094239,2.560546875,-0.4691475,2.560546875,-5.6293624e-12,2.560546875,-0.7683554,2.560546875,-0.23688287,2.560546875,-1.4957939
2.5625,0.047592375,2.5625,-0.6686731,2.5625,0.39198592,2.5625,-0.09335411,2.5625,-6.5395705e-12,2.5625,-0.71055734,2.5625,0.16808651,2.5625,-0.8125599
2.564453125,0.31729776,2.564453125,-0.8403506,2.564453125,-0.05200294,2.564453125,0.3371131,2.564453125,-5.409771e-12,2.564453125,-0.6227883,2.564453125,-0.59401697,2.564453125,-1.1725507
2.56640625,-0.047681715,2.56640625,-1.045545,2.56640625,-0.3716954,2.56640625,0.5251171,2.56640625,-2.8120388e-12,2.56640625,-0.5285814,2.56640625,-0.6199201,2.56640625,1.0031416
2.568359375,0.1435777,2.568359375,0.43469644,2.568359375,0.19703129,2.568359375,0.34638283,2.568359375,-3.1939505e-12,2.568359375,-0.5874796,2.568359375,-0.57282925,2.568359375,1.5526031
2.5703125,0.026402662,2.5703125,-0.62309647,2.5703125,0.2948176,2.5703125,-0.068716474,2.5703125,-5.352022e-12,2.5703125,-0.6368305,2.5703125,-2.14487,2.5703125,0.0152540235
2.572265625,0.23158953,2.572265625,0.46354952,2.572265625,-0.3120634,2.572265625,-0.429175,2.572265625,-5.205854e-12,2.572265625,-0.4705839,2.572265625,1.6167759,2.572265625,-2.233121
2.57421875,-0.41837,2.57421875,-2.218819,2.57421875,-0.1730565,2.57421875,-0.486041,2.57421875,-1.6500182e-12,2.57421875,-0.5650281,2.57421875,-0.7818785,2.57421875,-0.58541447
2.576171875,-0.4396479,2.576171875,0.06062163,2.576171875,0.3795867,2.576171875,-0.2035109,2.576171875,-1.5152806e-12,2.576171875,-0.71100146,2.576171875,-1.1349797,2.576171875,-1.1681585
2.578125,-0.25289676,2.578125,-0.16036978,2.578125,0.024949113,2.578125,0.21853527,2.578125,-8.326928e-12,2.578125,-0.6674586,2.578125,0.34357768,2.578125,-0.5271253
2.580078125,-0.34045532,2.580078125,-1.7778448,2.580078125,-0.38932136,2.580078125,0.4847298,2.580078125,-3.8312548e-12,2.580078125,-0.6312644,2.580078125,0.49107087,2.580078125,-0.23641011
2.58203125,0.37178355,2.58203125,-1.2111878,2.58203125,0.12695655,2.58203125,0.40963593,2.58203125,-1.3050346e-12,2.58203125,-0.61574256,2.58203125,0.3636256,2.58203125,-2.5393505
2.583984375,-0.280786,2.583984375,-0.5242069,2.583984375,0.33978537,2.583984375,0.04645045,2.583984375,-5.6916342e-12,2.583984375,-0.6690297,2.583984375,-0.3557663,2.583984375,-1.3965942
2.5859375,0.47586524,2.5859375,0.2260113,2.5859375,-0.25953424,2.5859375,-0.34997585,2.5859375,-5.2134685e-12,2.5859375,-0.7381913,2.5859375,0.2913106,2.5859375,0.738624
2.587890625,-0.1631042,2.587890625,-0.4074709,2.587890625,-0.23852015,2.587890625,-0.50057817,2.587890625,-1.0944524e-11,2.587890625,-0.62090814,2.587890625,-2.010423,2.587890625,1.1887733
2.58984375,-0.3178821,2.58984375,-1.1997298,2.58984375,0.35260016,2.58984375,-0.2974343,2.58984375,-1.1233432e-11,2.58984375,-0.6048145,2.58984375,-0.15245323,2.58984375,-0.296854
2.591796875,0.2896985,2.591796875,-0.4767975,2.591796875,0.10094239,2.591796875,0.11892528,2.591796875,-5.0443755e-12,2.591796875,-0.6906792,2.591796875,1.0318513,2.591796875,-1.5607197
2.59375,0.15870778,2.59375,-0.80565757,2.59375,-0.39198592,2.59375,0.4556023,2.59375,-5.3135196e-12,2.59375,-0.6137213,2.59375,0.4401702,2.59375,0.37228206
2.595703125,-0.0018042836,2.595703125,2.0793395,2.595703125,0.05200294,2.595703125,0.47196162,2.595703125,-5.522223e-12,2.595703125,-0.66609305,2.595703125,1.1623288,2.595703125,-1.067172
2.59765625,0.05536355,2.59765625,-0.17200466,2.59765625,0.3716954,2.59765625,0.15088736,2.59765625,-3.2155116e-12,2.59765625,-0.7187296,2.59765625,-0.92828566,2.59765625,0.56158215
2.599609375,0.21920177,2.599609375,0.8561088,2.599609375,-0.19703129,2.599609375,-0.28468242,2.599609375,-2.8994608e-12,2.599609375,-0.6993196,2.599609375,0.71045136,2.599609375,1.1396359
2.6015625,-0.27154526,2.6015625,-1.3855481,2.6015625,-0.2948176,2.6015625,-0.52513295,2.6015625,-3.9587942e-12,2.6015625,-0.6325173,2.6015625,1.6742456,2.6015625,-0.55604154
2.603515625,0.49633393,2.603515625,-0.87304765,2.603515625,0.3120634,2.603515625,-0.3930295,2.603515625,-9.404756e-12,2.603515625,-0.6242076,2.603515625,1.2214116,2.603515625,-0.67578983
2.60546875,0.47479317,2.60546875,0.23728456,2.60546875,0.1730565,2.60546875,0.026339527,2.60546875,-1.0477153e-11,2.60546875,-0.5682229,2.60546875,1.6585493,2.60546875,0.07137147
2.607421875,0.15032569,2.607421875,-0.83588505,2.607421875,-0.3795867,2.607421875,0.43850446,2.607421875,-9.577056e-12,2.607421875,-0.59976274,2.607421875,-1.7555611,2.607421875,-1.753072
2.609375,-0.30045754,2.609375,-0.42735162,2.609375,-0.024949113,2.609375,0.5451294,2.609375,-1.39092834e-11,2.609375,-0.6304287,2.609375,-0.91297185,2.609375,-1.1062298
2.611328125,0.18022825,2.611328125,1.1327974,2.611328125,0.38932136,2.611328125,0.2590696,2.611328125,-9.68029e-12,2.611328125,-0.4834026,2.611328125,0.8103137,2.611328125,0.90923375
2.61328125,-0.42780158,2.61328125,-0.5468022,2.61328125,-0.12695655,2.61328125,-0.22520515,2.61328125,-7.443379e-12,2.61328125,-0.38773188,2.61328125,1.508817,2.61328125,0.17469175
2.615234375,-0.4693475,2.615234375,-0.90471435,2.615234375,-0.33978537,2.615234375,-0.562213,2.615234375,-2.4713432e-12,2.615234375,-0.42072144,2.615234375,0.7342748,2.615234375,2.3539214
2.6171875,-0.24231711,2.6171875,0.672709,2.6171875,0.25953424,2.6171875,-0.50069064,2.6171875,-7.044536e-13,2.6171875,-0.5205755,2.6171875,-1.8510041,2.6171875,-1.680566
2.619140625,-0.037377045,2.619140625,-0.7976055,2.619140625,0.23852015,2.619140625,-0.07033429,2.619140625,1.866022e-12,2.619140625,-0.6933999,2.619140625,0.58311146,2.619140625,0.80768013
2.62109375,0.3682725,2.62109375,1.0935987,2.62109375,-0.35260016,2.62109375,0.42832094,2.62109375,4.616988e-12,2.62109375,-0.63732314,2.62109375,0.42612958,2.62109375,1.6696897
2.623046875,0.22716907,2.623046875,0.34125537,2.623046875,-0.10094239,2.623046875,0.6322788,2.623046875,3.96717e-12,2.623046875,-0.7045366,2.623046875,0.9772462,2.623046875,1.4797153
2.625,0.24270652,2.625,0.8937878,2.625,0.39198592,2.625,0.37944987,2.625,2.7547593e-12,2.625,-0.5578561,2.625,0.90111446,2.625,0.89383245
2.626953125,-0.07450666,2.626953125,0.40591207,2.626953125,-0.05200294,2.626953125,-0.16340907,2.626953125,2.92734e-12,2.626953125,-0.5777778,2.626953125,-1.1991048,2.626953125,0.06777043
2.62890625,-0.15406501,2.62890625,-1.593598,2.62890625,-0.3716954,2.62890625,-0.60859287,2.62890625,3.8230313e-12,2.62890625,-0.6901498,2.62890625,1.7205732,2.62890625,0.48595497
2.630859375,-0.12896124,2.630859375,0.10841139,2.630859375,0.19703129,2.630859375,-0.6231707,2.630859375,8.0530495e-12,2.630859375,-0.6745232,2.630859375,-0.06941833,2.630859375,0.8605092
2.6328125,0.48764956,2.6328125,3.0396762,2.6328125,0.2948176,2.6328125,-0.17739457,2.6328125,2.0506073e-12,2.6328125,-0.4302103,2.6328125,-0.21765679,2.6328125,2.1137192
2.634765625,-0.4598908,2.634765625,1.5404773,2.634765625,-0.3120634,2.634765625,0.4191316,2.634765625,-3.057946e-12,2.634765625,-0.524194,2.634765625,-1.1470087,2.634765625,0.99365485
2.63671875,0.36703148,2.63671875,2.5158052,2.63671875,-0.1730565,2.63671875,0.7308834,2.63671875,-2.4027323e-12,2.63671875,-0.60610896,2.63671875,-2.0152676,2.63671875,0.708299
2.638671875,0.07867541,2.638671875,-0.84870774,2.638671875,0.3795867,2.638671875,0.5136552,2.638671875,9.057949e-13,2.638671875,-0.5781127,2.638671875,-0.22838777,2.638671875,0.28709477
2.640625,-0.06138458,2.640625,0.6090875,2.640625,0.024949113,2.640625,-0.09487733,2.640625,1.4554945e-13,2.640625,-0.6785457,2.640625,-0.626651,2.640625,0.0884126
2.642578125,0.22525766,2.642578125,0.8113567,2.642578125,-0.38932136,2.642578125,-0.6594764,2.642578125,9.662682e-13,2.642578125,-0.7141436,2.642578125,0.37737522,2.642578125,1.6785352
2.64453125,-0.013331058,2.64453125,-0.33919898,2.64453125,0.12695655,2.64453125,-0.75755596,2.64453125,-3.9719543e-12,2.64453125,-0.7459004,2.64453125,-1.6242023,2.64453125,0.028045174
2.646484375,0.37342325,2.646484375,1.0398319,2.646484375,0.33978537,2.646484375,-0.2950965,2.646484375,-1.36216975e-11,2.646484375,-0.7358153,2.646484375,-1.4534733,2.646484375,0.084544934
2.6484375,0.40070185,2.6484375,-0.8050088,2.6484375,-0.25953424,2.6484375,0.40760577,2.6484375,-8.878237e-12,2.6484375,-0.7895554,2.6484375,-1.0742877,2.6484375,0.91797745
2.650390625,-0.07827907,2.650390625,-1.6385742,2.650390625,-0.23852015,2.650390625,0.8360435,2.650390625,-1.6906151e-12,2.650390625,-0.7984993,2.650390625,-0.46316266,2.650390625,0.2192092
2.65234375,-0.2231722,2.65234375,-0.30379063,2.65234375,0.35260016,2.65234375,0.6576873,2.65234375,-2.978246e-13,2.65234375,-0.69060814,2.65234375,0.36767912,2.65234375,-1.2639711
2.654296875,0.09235033,2.654296875,0.91334003,2.654296875,0.10094239,2.654296875,-0.02033041,2.654296875,-7.7006535e-12,2.654296875,-0.66642916,2.654296875,0.25273922,2.654296875,-1.1692477
2.65625,0.41236335,2.65625,-1.3610568,2.65625,-0.39198592,2.65625,-0.7114271,2.65625,-1.3720553e-11,2.65625,-0.6508739,2.65625,-0.84469193,2.65625,0.064430185
2.658203125,-0.2893378,2.658203125,0.20088555,2.658203125,0.05200294,2.658203125,-0.89780164,2.658203125,-1.059929e-11,2.658203125,-0.7813616,2.658203125,-1.192635,2.658203125,0.07437679
2.66015625,0.12296658,2.66015625,-2.8501792,2.66015625,0.3716954,2.66015625,-0.4183181,2.66015625,-3.674973e-12,2.66015625,-0.7691791,2.66015625,-1.3684472,2.66015625,-0.47065112
2.662109375,0.13156022,2.662109375,-0.19182791,2.662109375,-0.19703129,2.662109375,0.39441612,2.662109375,-1.6286051e-12,2.662109375,-0.76936334,2.662109375,-0.4464299,2.662109375,-0.35498607
2.6640625,0.23311302,2.6640625,0.9623328,2.6640625,-0.2948176,2.6640625,0.9429406,2.6640625,-6.964751e-12,2.6640625,-0.8647703,2.6640625,0.2747279,2.6640625,-1.2502015
2.666015625,-0.3684323,2.666015625,0.5881783,2.666015625,0.3120634,2.666015625,0.80387753,2.666015625,-1.1461218e-11,2.666015625,-0.8160152,2.666015625,0.6124867,2.666015625,-0.0073000076
2.66796875,0.21582496,2.66796875,-1.4517972,2.66796875,0.1730565,2.66796875,0.05473636,2.66796875,-2.1200717e-12,2.66796875,-0.7337339,2.66796875,-1.8344098,2.66796875,0.7460714
2.669921875,0.40903252,2.669921875,0.35847372,2.669921875,-0.3795867,2.669921875,-0.76366276,2.669921875,-1.5683146e-12,2.669921875,-0.67149496,2.669921875,0.15882753,2.669921875,-1.0889298
2.671875,-0.32031688,2.671875,1.3153292,2.671875,-0.024949113,2.671875,-1.0367937,2.671875,-3.2743235e-12,2.671875,-0.7200242,2.671875,0.4561776,2.671875,-2.3321142
2.673828125,-0.2624567,2.673828125,0.18115938,2.673828125,0.38932136,2.673828125,-0.5381429,2.673828125,-1.0945422e-12,2.673828125,-0.7491759,2.673828125,-0.8866648,2.673828125,-1.0759437
2.67578125,0.4713951,2.67578125,-0.5624219,2.67578125,-0.12695655,2.67578125,0.38400868,2.67578125,-8.170839e-12,2.67578125,-0.8582112,2.67578125,-1.0414563,2.67578125,0.09039012
2.677734375,-0.31902304,2.677734375,1.2686706,2.677734375,-0.33978537,2.677734375,1.0480076,2.677734375,-4.7181456e-12,2.677734375,-0.7711536,2.677734375,0.11976673,2.677734375,-0.19466972
2.6796875,0.3543851,2.6796875,0.6794016,2.6796875,0.25953424,2.6796875,0.94271,2.6796875,-6.494438e-12,2.6796875,-0.6768244,2.6796875,-1.4644343,2.6796875,-0.24051003
2.681640625,-0.0077221435,2.681640625,0.2208897,2.681640625,0.23852015,2.681640625,0.12144702,2.681640625,-4.6378036e-12,2.681640625,-0.8078776,2.681640625,-0.028031277,2.681640625,-2.503181
2.68359375,-0.25276893,2.68359375,0.68820524,2.68359375,-0.35260016,2.68359375,-0.8178923,2.68359375,3.3629675e-12,2.68359375,-1.0207865,2.68359375,0.98454666,2.68359375,-1.9641955
2.685546875,0.3707499,2.685546875,-0.87549275,2.685546875,-0.10094239,2.685546875,-1.1674922,2.685546875,-4.598451e-12,2.685546875,-0.84248203,2.685546875,0.35527498,2.685546875,-1.663695
2.6875,-0.054694746,2.6875,0.6259079,2.6875,0.39198592,2.6875,-0.64361596,2.6875,-1.3802429e-11,2.6875,-0.8559169,2.6875,-1.9370334,2.6875,0.19161244
2.689453125,0.014817354,2.689453125,-1.3445483,2.689453125,-0.05200294,2.689453125,0.3833011,2.689453125,-6.8092624e-12,2.689453125,-0.914834,2.689453125,-0.111780286,2.689453125,0.9899464
2.69140625,-0.14076664,2.69140625,-1.429125,2.69140625,-0.3716954,2.69140625,1.1488925,2.69140625,-4.2372074e-12,2.69140625,-0.896935,2.69140625,1.0996598,2.69140625,-1.4767096
2.693359375,0.09295085,2.693359375,-0.15579651,2.693359375,0.19703129,2.693359375,1.0640972,2.693359375,-1.0617601e-11,2.693359375,-0.95607436,2.693359375,0.1730403,2.693359375,0.25984675
2.6953125,-0.33647612,2.6953125,0.03507715,2.6953125,0.2948176,2.6953125,0.16934662,2.6953125,-3.7500506e-12,2.6953125,-0.95513856,2.6953125,1.4940388,2.6953125,0.33271742
2.697265625,-0.108918466,2.697265625,-0.39309293,2.697265625,-0.3120634,2.697265625,-0.8771462,2.697265625,-1.115898e-11,2.697265625,-0.87472636,2.697265625,-2.7615488,2.697265625,0.603425
2.69921875,0.46941233,2.69921875,-0.58068603,2.69921875,-0.1730565,2.69921875,-1.2831823,2.69921875,-1.1139162e-11,2.69921875,-0.8639867,2.69921875,-1.1656799,2.69921875,1.3120736
2.701171875,-0.24186657,2.701171875,-0.24027517,2.701171875,0.3795867,2.701171875,-0.7232883,2.701171875,-9.2903706e-12,2.701171875,-0.8495446,2.701171875,-0.09869525,2.701171875,0.08479617
2.703125,0.15673667,2.703125,-0.45817143,2.703125,0.024949113,2.703125,0.39985582,2.703125,-1.3416072e-11,2.703125,-0.8392452,2.703125,0.3246785,2.703125,0.19588427
2.705078125,-0.17480993,2.705078125,-0.5431063,2.705078125,-0.38932136,2.705078125,1.2435931,2.705078125,-8.070698e-12,2.705078125,-0.6937747,2.705078125,-0.60405463,2.705078125,1.1236209
2.70703125,0.2734731,2.70703125,0.5439801,2.70703125,0.12695655,2.70703125,1.1580967,2.70703125,-2.0065412e-12,2.70703125,-0.7012221,2.70703125,0.5426559,2.70703125,0.41566172
2.708984375,-0.36912635,2.708984375,-2.9107652,2.708984375,0.33978537,2.708984375,0.18823014,2.708984375,-5.5222714e-12,2.708984375,-0.84777945,2.708984375,0.2855623,2.708984375,1.3155088
2.7109375,0.46982104,2.7109375,-0.9073776,2.7109375,-0.25953424,2.7109375,-0.9441055,2.7109375,-1.2438909e-11,2.7109375,-0.9009197,2.7109375,0.23905127,2.7109375,0.89181423
2.712890625,-0.04621046,2.712890625,0.90070045,2.712890625,-0.23852015,2.712890625,-1.3771505,2.712890625,-1.31389795e-11,2.712890625,-0.9944698,2.712890625,1.9512305,2.712890625,1.2183611
2.71484375,-0.26394954,2.71484375,-1.0533488,2.71484375,0.35260016,2.71484375,-0.76648104,2.71484375,-1.27975755e-11,2.71484375,-1.0539939,2.71484375,0.93685615,2.71484375,0.85179657
2.716796875,-0.42650324,2.716796875,-0.14733598,2.716796875,0.10094239,2.716796875,0.43993455,2.716796875,-1.0192652e-11,2.716796875,-0.9869792,2.716796875,-1.0146419,2.716796875,2.9186807
2.71875,-0.3302421,2.71875,0.39899838,2.71875,-0.39198592,2.71875,1.3292425,2.71875,-5.3298056e-12,2.71875,-0.9254801,2.71875,1.4274151,2.71875,0.48682097
2.720703125,0.019773949,2.720703125,-0.047025934,2.720703125,0.05200294,2.720703125,1.215309,2.720703125,-9.28795e-12,2.720703125,-0.9535433,2.720703125,0.9823295,2.720703125,1.1021479
2.72265625,-0.16299683,2.72265625,0.6554517,2.72265625,0.3716954,2.72265625,0.16983998,2.72265625,-1.3851424e-11,2.72265625,-0.9701559,2.72265625,2.565039,2.72265625,2.0896301
2.724609375,0.32888338,2.724609375,-1.0331652,2.724609375,-0.19703129,2.724609375,-1.019382,2.724609375,-1.0270793e-11,2.724609375,-1.0228584,2.724609375,0.4992367,2.724609375,1.1762437
2.7265625,-0.06911248,2.7265625,0.2686199,2.7265625,-0.2948176,2.7265625,-1.4422218,2.7265625,-3.5911157e-12,2.7265625,-0.92876726,2.7265625,-0.56763667,2.7265625,-0.4429836
2.728515625,-0.25128573,2.728515625,0.67573065,2.728515625,0.3120634,2.728515625,-0.7643905,2.728515625,-6.1495223e-12,2.728515625,-1.1624446,2.728515625,-0.46385524,2.728515625,0.41866854
2.73046875,0.11714499,2.73046875,-0.27159598,2.73046875,0.1730565,2.73046875,0.5067083,2.73046875,-6.7794928e-12,2.73046875,-1.2176366,2.73046875,0.82038903,2.73046875,0.8055437
2.732421875,0.20677722,2.732421875,-1.0248001,2.732421875,-0.3795867,2.732421875,1.4010185,2.732421875,-3.02924e-12,2.732421875,-1.0934838,2.732421875,0.97452486,2.732421875,2.1443148
2.734375,-0.3329581,2.734375,0.12962812,2.734375,-0.024949113,2.734375,1.2272903,2.734375,-2.2314097e-12,2.734375,-0.90195423,2.734375,0.7488215,2.734375,1.5941902
2.736328125,-0.33238077,2.736328125,-0.43619788,2.736328125,0.38932136,2.736328125,0.10939381,2.736328125,-2.744975e-12,2.736328125,-0.9415211,2.736328125,-0.5398217,2.736328125,1.382102
2.73828125,-0.46332857,2.73828125,-0.7352084,2.73828125,-0.12695655,2.73828125,-1.1001217,2.73828125,-2.4081156e-12,2.73828125,-0.83454376,2.73828125,0.13572554,2.73828125,0.32826278
2.740234375,0.23640202,2.740234375,-0.121140294,2.740234375,-0.33978537,2.740234375,-1.4705843,2.740234375,1.6914228e-12,2.740234375,-0.8371251,2.740234375,-0.47157812,2.740234375,1.2190818
2.7421875,0.16380453,2.7421875,-0.67254406,2.7421875,0.25953424,2.7421875,-0.71120435,2.7421875,-2.6604062e-12,2.7421875,-0.6934359,2.7421875,-0.8505276,2.7421875,0.18368639
2.744140625,-0.025369124,2.744140625,-0.75481313,2.744140625,0.23852015,2.744140625,0.59882754,2.744140625,-3.943672e-12,2.744140625,-0.53893876,2.744140625,1.0024438,2.744140625,-1.3246529
2.74609375,0.34417045,2.74609375,0.50245017,2.74609375,-0.35260016,2.74609375,1.4515861,2.74609375,-2.4489777e-12,2.74609375,-0.560595,2.74609375,0.7258244,2.74609375,-0.14612897
2.748046875,0.30567014,2.748046875,0.06275594,2.748046875,-0.10094239,2.748046875,1.1872766,2.748046875,2.6748321e-12,2.748046875,-0.5463803,2.748046875,-1.1866835,2.748046875,0.46376082
2.75,0.085354365,2.75,0.16529173,2.75,0.39198592,2.75,0.006906261,2.75,6.4522493e-12,2.75,-0.37389952,2.75,0.047630906,2.75,0.30531803
2.751953125,0.3682713,2.751953125,0.48635328,2.751953125,-0.05200294,2.751953125,-1.1792512,2.751953125,-3.04152e-13,2.751953125,-0.27985594,2.751953125,0.61870754,2.751953125,-0.7620974
2.75390625,-0.2941588,2.75390625,-0.6713256,2.75390625,-0.3716954,2.75390625,-1.4542378,2.75390625,-7.1675847e-12,2.75390625,-0.3224412,2.75390625,-1.5957402,2.75390625,-0.9462241
2.755859375,-0.3880804,2.755859375,-0.5699606,2.755859375,0.19703129,2.755859375,-0.6053103,2.755859375,-4.6755768e-12,2.755859375,-0.32164887,2.755859375,-0.35066193,2.755859375,0.068071164
2.7578125,-0.23025039,2.7578125,0.03136484,2.7578125,0.2948176,2.7578125,0.7095646,2.7578125,-1.1013117e-11,2.7578125,-0.39525333,2.7578125,-0.751156,2.7578125,0.6949044
2.759765625,-0.44291314,2.759765625,0.15525956,2.759765625,-0.3120634,2.759765625,1.4713819,2.759765625,-1.6410597e-11,2.759765625,-0.42341492,2.759765625,-0.32673982,2.759765625,-0.21754436
2.76171875,0.031169528,2.76171875,-1.1712096,2.76171875,-0.1730565,2.76171875,1.0913604,2.76171875,-1.3704103e-11,2.76171875,-0.33805782,2.76171875,0.07196975,2.76171875,-0.97280633
2.763671875,0.4366057,2.763671875,-0.05441922,2.763671875,0.3795867,2.763671875,-0.1318287,2.763671875,-1.2595489e-11,2.763671875,-0.30279005,2.763671875,-0.9201601,2.763671875,-0.33988297
2.765625,-0.46065646,2.765625,-0.65163255,2.765625,0.024949113,2.765625,-1.2456363,2.765625,-1.4926355e-11,2.765625,-0.22738698,2.765625,-2.1077235,2.765625,-0.012490826
2.767578125,-0.37789008,2.767578125,-0.7317372,2.767578125,-0.38932136,2.767578125,-1.3862195,2.767578125,-1.493184e-11,2.767578125,-0.27067968,2.767578125,-0.4756774,2.767578125,0.28768256
2.76953125,-0.047800973,2.76953125,-0.5218621,2.76953125,0.12695655,2.76953125,-0.4505025,2.76953125,-9.033692e-12,2.76953125,-0.23340504,2.76953125,-0.014447868,2.76953125,-1.5695965
2.771484375,0.43387502,2.771484375,-0.6057991,2.771484375,0.33978537,2.771484375,0.8267817,2.771484375,-3.3270459e-12,2.771484375,-0.26714385,2.771484375,-2.1090167,2.771484375,-1.1484259
2.7734375,-0.1838439,2.7734375,-0.15203708,2.7734375,-0.25953424,2.7734375,1.449906,2.7734375,-7.0565884e-12,2.7734375,-0.14729166,2.7734375,0.41681698,2.7734375,-2.0317495
2.775390625,0.0072348085,2.775390625,-1.7226956,2.775390625,-0.23852015,2.775390625,0.94002897,2.775390625,-1.5353312e-11,2.775390625,-0.028294299,2.775390625,0.16634095,2.775390625,-1.0870221
2.77734375,-0.45842713,2.77734375,0.027496893,2.77734375,0.35260016,2.77734375,-0.2948652,2.77734375,-9.939131e-12,2.77734375,0.06028362,2.77734375,-0.8407852,2.77734375,-0.52058846
2.779296875,-0.3516568,2.779296875,-0.7854451,2.779296875,0.10094239,2.779296875,-1.285351,2.779296875,-3.031534e-13,2.779296875,-0.04997621,2.779296875,1.4621979,2.779296875,-1.1668761
2.78125,0.4866301,2.78125,0.4859475,2.78125,-0.39198592,2.78125,-1.2625245,2.78125,-9.213021e-12,2.78125,-0.13419978,2.78125,-0.9675875,2.78125,-1.8577276
2.783203125,0.4651187,2.783203125,-0.845642,2.783203125,0.05200294,2.783203125,-0.25686917,2.783203125,-7.858291e-12,2.783203125,-0.14720279,2.783203125,-0.6714267,2.783203125,-0.6588082
2.78515625,-0.49506003,2.78515625,0.746106,2.78515625,0.3716954,2.78515625,0.9339882,2.78515625,-5.1049226e-12,2.78515625,0.0026156532,2.78515625,0.45112187,2.78515625,0.16856885
2.787109375,0.4518118,2.787109375,0.21712914,2.787109375,-0.19703129,2.787109375,1.3779675,2.787109375,-6.3585448e-12,2.787109375,-0.021084964,2.787109375,-1.0092503,2.787109375,0.26519373
2.7890625,0.13911994,2.7890625,1.5072381,2.7890625,-0.2948176,2.7890625,0.73970056,2.7890625,8.943805e-13,2.7890625,-0.16689475,2.7890625,0.012002212,2.7890625,1.1792818
2.791015625,0.36791828,2.791015625,-0.37030432,2.791015625,0.3120634,2.791015625,-0.4647135,2.791015625,-1.6093387e-12,2.791015625,-0.12070015,2.791015625,1.1024212,2.791015625,-0.24659728
2.79296875,-0.045260143,2.79296875,-0.42982715,2.79296875,0.1730565,2.79296875,-1.2840809,2.79296875,-9.114463e-13,2.79296875,-0.065964945,2.79296875,1.2363682,2.79296875,0.39840347
2.794921875,0.015596028,2.794921875,1.4460784,2.794921875,-0.3795867,2.794921875,-1.0843326,2.794921875,9.151919e-13,2.794921875,-0.046385445,2.794921875,1.0098815,2.794921875,0.5942406
2.796875,-0.0111534195,2.796875,-0.7784816,2.796875,-0.024949113,2.796875,-0.040866483,2.796875,-6.6241036e-12,2.796875,-0.122715585,2.796875,-0.04987638,2.796875,0.61161983
2.798828125,0.16686426,2.798828125,1.1730001,2.798828125,0.38932136,2.798828125,1.0126512,2.798828125,-1.2486704e-11,2.798828125,-0.055207144,2.798828125,0.4585005,2.798828125,-1.2905728
2.80078125,-0.36034873,2.80078125,-0.20196106,2.80078125,-0.12695655,2.80078125,1.2505282,2.80078125,-5.9633774e-12,2.80078125,-0.019748894,2.80078125,1.0756315,2.80078125,-0.4202068
2.802734375,-0.4700264,2.802734375,-1.4980165,2.802734375,-0.33978537,2.802734375,0.50365144,2.802734375,-3.0093963e-12,2.802734375,-0.14349316,2.802734375,0.985018,2.802734375,1.255901
2.8046875,-0.19207005,2.8046875,0.3029209,2.8046875,0.25953424,2.8046875,-0.62026703,2.8046875,-2.8540135e-12,2.8046875,-0.1343408,2.8046875,1.0732373,2.8046875,0.19751689
2.806640625,0.20468076,2.806640625,-0.4161303,2.806640625,0.23852015,2.806640625,-1.2303994,2.806640625,-4.351293e-12,2.806640625,-0.23505042,2.806640625,0.9564929,2.806640625,-0.28288266
2.80859375,-0.29814655,2.80859375,-0.018897269,2.80859375,-0.35260016,2.80859375,-0.8598573,2.80859375,-3.9533173e-12,2.80859375,-0.28548428,2.80859375,-0.4459146,2.80859375,-0.29683954
2.810546875,0.17343244,2.810546875,-1.8695627,2.810546875,-0.10094239,2.810546875,0.17595273,2.810546875,-7.6558193e-13,2.810546875,-0.29346302,2.810546875,0.1205875,2.810546875,0.19781063
2.8125,0.46991205,2.8125,1.0873436,2.8125,0.39198592,2.8125,1.0456455,2.8125,-9.136897e-12,2.8125,-0.35045707,2.8125,2.3016987,2.8125,1.9949709
2.814453125,-0.4060993,2.814453125,-0.08500427,2.814453125,-0.05200294,2.814453125,1.0694349,2.814453125,-1.5804951e-11,2.814453125,-0.18757862,2.814453125,0.68859917,2.814453125,0.33488554
2.81640625,0.17260212,2.81640625,-0.41820598,2.81640625,-0.3716954,2.81640625,0.25161082,2.81640625,-1.5027807e-11,2.81640625,-0.021393841,2.81640625,0.41681468,2.81640625,0.17699598
2.818359375,-0.056249782,2.818359375,0.7774814,2.818359375,0.19703129,2.818359375,-0.7401357,2.818359375,-1.5829647e-11,2.818359375,0.022210369,2.818359375,0.49720722,2.818359375,-1.7306519
2.8203125,0.36814225,2.8203125,-1.5757116,2.8203125,0.2948176,2.8203125,-1.1192485,2.8203125,-1.1793052e-11,2.8203125,-0.045800533,2.8203125,2.4899411,2.8203125,1.003887
2.822265625,-0.3228502,2.822265625,-1.253594,2.822265625,-0.3120634,2.822265625,-0.6049346,2.822265625,-6.330558e-12,2.822265625,-0.2561512,2.822265625,2.5820358,2.822265625,1.4556586
2.82421875,0.19262595,2.82421875,-0.11662063,2.82421875,-0.1730565,2.82421875,0.36987537,2.82421875,-6.2317963e-12,2.82421875,-0.29594186,2.82421875,0.65919375,2.82421875,1.2310265
2.826171875,0.33811527,2.826171875,-1.4616846,2.826171875,0.3795867,2.826171875,1.0212784,2.826171875,-1.1673853e-11,2.826171875,-0.30711207,2.826171875,0.05873934,2.826171875,0.81334275
2.828125,0.44461423,2.828125,-0.9291095,2.828125,0.024949113,2.828125,0.8450375,2.828125,-1.4759331e-11,2.828125,-0.20755053,2.828125,-0.33254105,2.828125,0.38983238
2.830078125,0.18324803,2.830078125,1.3790565,2.830078125,-0.38932136,2.830078125,0.007460896,2.830078125,-4.4755033e-12,2.830078125,-0.23708136,2.830078125,-0.483374,2.830078125,1.3351547
2.83203125,-0.002825236,2.83203125,1.2485181,2.83203125,0.12695655,2.83203125,-0.8069782,2.83203125,1.2616074e-12,2.83203125,-0.26266986,2.83203125,1.485236,2.83203125,1.5596349
2.833984375,0.11784724,2.833984375,0.31157553,2.833984375,0.33978537,2.833984375,-0.9545483,2.833984375,-9.212412e-13,2.833984375,-0.31024566,2.833984375,2.1376193,2.833984375,0.8041486
2.8359375,0.36890498,2.8359375,0.03558394,2.8359375,-0.25953424,2.8359375,-0.34154192,2.8359375,-3.696744e-12,2.8359375,-0.19880453,2.8359375,-1.0603672,2.8359375,1.719438
2.837890625,0.07060975,2.837890625,-2.6139686,2.837890625,-0.23852015,2.837890625,0.51942533,2.837890625,-1.1254778e-11,2.837890625,-0.12586324,2.837890625,-0.14225681,2.837890625,0.38987887
2.83984375,-0.46961293,2.83984375,-0.019118441,2.83984375,0.35260016,2.83984375,0.9367954,2.83984375,-1.4843503e-11,2.83984375,-0.24032013,2.83984375,0.7558643,2.83984375,0.38902676
2.841796875,0.4309487,2.841796875,-0.46785876,2.841796875,0.10094239,2.841796875,0.5956539,2.841796875,-1.0175679e-11,2.841796875,-0.18517204,2.841796875,-0.30902547,2.841796875,0.3225536
2.84375,0.18952675,2.84375,-0.7737306,2.84375,-0.39198592,2.84375,-0.20499632,2.84375,-5.2121007e-12,2.84375,-0.10812836,2.84375,-0.28763977,2.84375,0.9309265
2.845703125,0.17651339,2.845703125,-0.045343023,2.845703125,0.05200294,2.845703125,-0.8117708,2.845703125,-4.8779604e-12,2.845703125,-0.09121502,2.845703125,-0.24226572,2.845703125,0.29056025
2.84765625,-0.28432485,2.84765625,-0.83220786,2.84765625,0.3716954,2.84765625,-0.7496784,2.84765625,-2.5060442e-12,2.84765625,-0.12381379,2.84765625,-1.0619682,2.84765625,0.11584893
2.849609375,0.15888546,2.849609375,0.17208263,2.849609375,-0.19703129,2.849609375,-0.09393496,2.849609375,2.252755e-12,2.849609375,-0.334636,2.849609375,0.24580553,2.849609375,-0.2709112
2.8515625,-0.10613559,2.8515625,-1.0344366,2.8515625,-0.2948176,2.8515625,0.61024237,2.8515625,9.859473e-13,2.8515625,-0.38289312,2.8515625,-1.9581537,2.8515625,-0.31418312
2.853515625,0.15123297,2.853515625,0.9639432,2.853515625,0.3120634,2.853515625,0.79991114,2.853515625,-3.0045844e-12,2.853515625,-0.31570238,2.853515625,-0.8912798,2.853515625,-0.49286288
2.85546875,-0.39340696,2.85546875,0.36426744,2.85546875,0.1730565,2.85546875,0.344256,2.85546875,-3.4260574e-12,2.85546875,-0.4137592,2.85546875,-1.1681442,2.85546875,-0.12559763
2.857421875,0.1578453,2.857421875,-0.5060095,2.857421875,-0.3795867,2.857421875,-0.36736533,2.857421875,2.1064738e-12,2.857421875,-0.43352598,2.857421875,0.20012577,2.857421875,0.8678361
2.859375,0.49941373,2.859375,-0.3414889,2.859375,-0.024949113,2.859375,-0.7563883,2.859375,-4.0411682e-13,2.859375,-0.31493434,2.859375,0.17453219,2.859375,-1.6406027
2.861328125,-0.45178795,2.861328125,0.62426895,2.861328125,0.38932136,2.861328125,-0.5248741,2.861328125,-1.1012904e-11,2.861328125,-0.2193915,2.861328125,-0.2133014,2.861328125,-0.5788587
2.86328125,0.4771742,2.86328125,0.5685765,2.86328125,-0.12695655,2.86328125,0.11695772,2.86328125,-8.265003e-12,2.86328125,-0.26611868,2.86328125,0.9858944,2.86328125,-0.57825476
2.865234375,-0.09309204,2.865234375,-1.0789883,2.865234375,-0.33978537,2.865234375,0.6386885,2.865234375,-5.401448e-12,2.865234375,-0.32063013,2.865234375,-0.7112234,2.865234375,-0.5937096
2.8671875,0.37075344,2.8671875,-0.6972978,2.8671875,0.25953424,2.8671875,0.6270528,2.8671875,-2.3108694e-12,2.8671875,-0.33172935,2.8671875,-0.49214554,2.8671875,-0.19547349
2.869140625,0.2823855,2.869140625,1.0020516,2.869140625,0.23852015,2.869140625,0.11275914,2.869140625,4.2049237e-12,2.869140625,-0.38607952,2.869140625,-0.04403131,2.869140625,-1.4463035
2.87109375,0.06701626,2.87109375,0.059468962,2.87109375,-0.35260016,2.87109375,-0.47124,2.87109375,4.9932445e-12,2.87109375,-0.35806945,2.87109375,-0.76025033,2.87109375,-3.2372448
2.873046875,0.23844922,2.873046875,-1.8945185,2.873046875,-0.10094239,2.873046875,-0.6528132,2.873046875,-4.890496e-13,2.873046875,-0.29778305,2.873046875,-0.009498113,2.873046875,-2.8456948
2.875,0.37851557,2.875,0.02079698,2.875,0.39198592,2.875,-0.30158377,2.875,-1.1622123e-11,2.875,-0.3760746,2.875,0.3277256,2.875,-0.033615984
2.876953125,-0.09585968,2.876953125,1.1378933,2.876953125,-0.05200294,2.876953125,0.27902263,2.876953125,-9.533931e-12,2.876953125,-0.3830206,2.876953125,-1.2490765,2.876953125,-1.2914312
2.87890625,-0.17296684,2.87890625,0.21592423,2.87890625,-0.3716954,2.87890625,0.61211807,2.87890625,-6.3926473e-12,2.87890625,-0.37102392,2.87890625,0.31981134,2.87890625,-0.32007107
2.880859375,0.16759339,2.880859375,0.21435958,2.880859375,0.19703129,2.880859375,0.43795848,2.880859375,-4.7409737e-12,2.880859375,-0.46689153,2.880859375,-0.110730745,2.880859375,-1.7898489
2.8828125,0.30784595,2.8828125,0.4477943,2.8828125,0.2948176,2.8828125,-0.084281236,2.8828125,-5.171572e-12,2.8828125,-0.40945178,2.8828125,0.7805515,2.8828125,-0.97248507
2.884765625,0.26228514,2.884765625,1.1506417,2.884765625,-0.3120634,2.884765625,-0.51960707,2.884765625,-1.0288198e-11,2.884765625,-0.2826383,2.884765625,0.29055497,2.884765625,0.026108315
2.88671875,0.29781365,2.88671875,1.0044523,2.88671875,-0.1730565,2.88671875,-0.5181403,2.88671875,-1.4064365e-11,2.88671875,-0.10577457,2.88671875,-0.20599888,2.88671875,-0.42726344
2.888671875,-0.064416684,2.888671875,-0.47673213,2.888671875,0.3795867,2.888671875,-0.09545585,2.888671875,-1.03690685e-11,2.888671875,0.024754357,2.888671875,-1.1979053,2.888671875,-0.34572354
2.890625,0.31783423,2.890625,0.49195006,2.890625,0.024949113,2.890625,0.39154807,2.890625,-1.0944451e-11,2.890625,0.06647223,2.890625,0.35409006,2.890625,0.45342708
2.892578125,-0.37979093,2.892578125,-0.5464524,2.892578125,-0.38932136,2.892578125,0.54444194,2.892578125,-1.2331095e-11,2.892578125,0.051855758,2.892578125,1.719591,2.892578125,0.19697861
2.89453125,0.044489097,2.89453125,0.64359576,2.89453125,0.12695655,2.89453125,0.24806632,2.89453125,-1.6617206e-11,2.89453125,0.17754215,2.89453125,-0.12603319,2.89453125,-0.5136911
2.896484375,-0.49424133,2.896484375,1.0773042,2.896484375,0.33978537,2.896484375,-0.24346925,2.896484375,-1.497094e-11,2.896484375,0.2358006,2.896484375,0.22549625,2.896484375,0.1636138
2.8984375,-0.17541417,2.8984375,-0.7744856,2.8984375,-0.25953424,2.8984375,-0.52310604,2.8984375,-6.3421e-12,2.8984375,0.33319354,2.8984375,0.42962173,2.8984375,-1.9457159
2.900390625,-0.13353847,2.900390625,-0.13150753,2.900390625,-0.23852015,2.900390625,-0.36647654,2.900390625,-5.1670096e-12,2.900390625,0.37216765,2.900390625,0.3045449,2.900390625,-0.6880546
2.90234375,-0.103827305,2.90234375,-0.092139155,2.90234375,0.35260016,2.90234375,0.08869369,2.90234375,-5.5227056e-12,2.90234375,0.44264507,2.90234375,1.0124627,2.90234375,-0.08677915
2.904296875,0.1954672,2.904296875,-0.55034083,2.904296875,0.10094239,2.904296875,0.46230018,2.904296875,-2.7686846e-12,2.904296875,0.48656783,2.904296875,0.52774066,2.904296875,0.64599305
2.90625,-0.111441895,2.90625,0.095444106,2.90625,-0.39198592,2.90625,0.44763535,2.90625,1.0353939e-12,2.90625,0.63584703,2.90625,-0.025316656,2.90625,-0.51540375
2.908203125,-0.051306378,2.908203125,-1.4384677,2.908203125,0.05200294,2.908203125,0.06222809,2.908203125,1.1669457e-11,2.908203125,0.70717365,2.908203125,1.1027387,2.908203125,0.62323457
2.91015625,-0.26245588,2.91015625,0.9571162,2.91015625,0.3716954,2.91015625,-0.3705729,2.91015625,1.869105e-11,2.91015625,0.60756516,2.91015625,0.68951166,2.91015625,-0.089338705
2.912109375,-0.1267482,2.912109375,1.1198682,2.912109375,-0.19703129,2.912109375,-0.49122778,2.912109375,2.6402804e-11,2.912109375,0.5300622,2.912109375,1.5635377,2.912109375,2.0362906
2.9140625,-0.27273038,2.9140625,0.21855205,2.9140625,-0.2948176,2.9140625,-0.2013656,2.9140625,3.27869e-11,2.9140625,0.39043936,2.9140625,1.2000724,2.9140625,1.0525874
2.916015625,-0.42680407,2.916015625,-1.1030686,2.916015625,0.3120634,2.916015625,0.25592947,2.916015625,3.3560488e-11,2.916015625,0.4764644,2.916015625,0.44895712,2.916015625,0.12477843
2.91796875,0.10344859,2.91796875,1.4836514,2.91796875,0.1730565,2.91796875,0.4984813,2.91796875,3.0270206e-11,2.91796875,0.46984106,2.91796875,-0.22527763,2.91796875,-0.5633176
2.919921875,0.1682128,2.919921875,-1.5566071,2.919921875,-0.3795867,2.919921875,0.32281217,2.919921875,2.3749518e-11,2.919921875,0.35602155,2.919921875,0.82094383,2.919921875,0.2763462
2.921875,0.11949035,2.921875,-0.27895275,2.921875,-0.024949113,2.921875,-0.1255196,2.921875,1.9126607e-11,2.921875,0.40706325,2.921875,0.73100024,2.921875,1.3443513
2.923828125,-0.036505956,2.923828125,-0.007862571,2.923828125,0.38932136,2.923828125,-0.47130677,2.923828125,1.404159e-11,2.923828125,0.49436316,2.923828125,-1.1193678,2.923828125,0.8507202
2.92578125,-0.12021422,2.92578125,-0.55870056,2.92578125,-0.12695655,2.92578125,-0.42194325,2.92578125,1.34779445e-11,2.92578125,0.6064147,2.92578125,0.9260487,2.92578125,2.3191862
2.927734375,0.36333364,2.927734375,-0.8354032,2.927734375,-0.33978537,2.927734375,-0.014200579,2.927734375,1.1681895e-11,2.927734375,0.6812205,2.927734375,-0.7743049,2.927734375,0.101138845
2.9296875,0.019081784,2.9296875,0.3117739,2.9296875,0.25953424,2.9296875,0.41188174,2.9296875,4.7102305e-12,2.9296875,0.5909862,2.9296875,1.1670976,2.9296875,0.75525284
2.931640625,-0.020818122,2.931640625,0.21776606,2.931640625,0.23852015,2.931640625,0.4947845,2.931640625,-3.5767416e-14,2.931640625,0.70818096,2.931640625,1.2766677,2.931640625,2.0091414
2.93359375,-0.47435793,2.93359375,1.8731616,2.93359375,-0.35260016,2.93359375,0.15704164,2.93359375,-8.6187125e-12,2.93359375,0.7460577,2.93359375,0.09504107,2.93359375,0.9676486
2.935546875,-0.15875217,2.935546875,0.92036456,2.935546875,-0.10094239,2.935546875,-0.32265732,2.935546875,-1.2615327e-11,2.935546875,0.68556595,2.935546875,-0.37210274,2.935546875,-0.11991902
2.9375,-0.11980438,2.9375,0.33432165,2.9375,0.39198592,2.9375,-0.53766024,2.9375,-5.2054095e-12,2.9375,0.76802194,2.9375,-1.4558994,2.9375,-1.3411311
2.939453125,-0.101177216,2.939453125,0.1776414,2.939453125,-0.05200294,2.939453125,-0.29661313,2.939453125,-5.0819934e-12,2.939453125,0.8049903,2.939453125,-0.6857276,2.939453125,0.45003855
2.94140625,0.08017237,2.94140625,1.9577228,2.94140625,-0.3716954,2.94140625,0.20667398,2.94140625,-1.0510031e-11,2.94140625,0.70600104,2.94140625,0.5817305,2.94140625,0.14512725
2.943359375,0.033602547,2.943359375,0.9180542,2.943359375,0.19703129,2.943359375,0.5471906,2.943359375,-1.6413043e-11,2.943359375,0.8601236,2.943359375,0.50560474,2.943359375,0.70109636
2.9453125,0.10790509,2.9453125,-0.023930818,2.9453125,0.2948176,2.9453125,0.42600495,2.9453125,-2.0031548e-11,2.9453125,0.8304713,2.9453125,-0.5334585,2.9453125,0.08671768
2.947265625,0.26488325,2.947265625,0.0028806427,2.947265625,-0.3120634,2.947265625,-0.06801768,2.947265625,-1.1671084e-11,2.947265625,0.8866746,2.947265625,0.80433166,2.947265625,0.14746138
2.94921875,0.31298575,2.94921875,-1.5823941,2.94921875,-0.1730565,2.94921875,-0.5206078,2.94921875,-3.760536e-12,2.94921875,0.8763633,2.94921875,-0.29605037,2.94921875,0.4761883
2.951171875,0.21812308,2.951171875,-0.2295046,2.951171875,0.3795867,2.951171875,-0.5377411,2.951171875,-4.570192e-12,2.951171875,0.7754219,2.951171875,-0.7843511,2.951171875,-1.0595235
2.953125,0.4555237,2.953125,0.23801862,2.953125,0.024949113,2.953125,-0.08776213,2.953125,-1.2391641e-11,2.953125,0.8116343,2.953125,0.08449442,2.953125,-0.44418684
2.955078125,-0.48176742,2.955078125,-0.09828526,2.955078125,-0.38932136,2.955078125,0.45629007,2.955078125,-7.556864e-12,2.955078125,0.792542,2.955078125,0.49533162,2.955078125,-0.50929755
2.95703125,-0.30422202,2.95703125,0.8968292,2.95703125,0.12695655,2.95703125,0.624048,2.95703125,-3.2578456e-12,2.95703125,0.7874959,2.95703125,-0.27100998,2.95703125,0.50969124
2.958984375,-0.49243712,2.958984375,0.6553302,2.958984375,0.33978537,2.958984375,0.25342253,2.958984375,-3.8792433e-12,2.958984375,0.96790546,2.958984375,-0.34399632,2.958984375,0.047427278
2.9609375,0.14747472,2.9609375,-0.61331964,2.9609375,-0.25953424,2.9609375,-0.35436675,2.9609375,-9.651823e-12,2.9609375,0.9816699,2.9609375,-0.027100308,2.9609375,-0.42088574
2.962890625,0.39803055,2.962890625,-0.94561005,2.962890625,-0.23852015,2.962890625,-0.6774027,2.962890625,-1.6319652e-11,2.962890625,0.9796121,2.962890625,-0.47055435,2.962890625,-0.61584294
2.96484375,-0.2565177,2.96484375,0.27276298,2.96484375,0.35260016,2.96484375,-0.42008156,2.96484375,-6.4124006e-12,2.96484375,1.0178365,2.96484375,0.40883526,2.96484375,-0.40303886
2.966796875,0.42703456,2.966796875,0.73092043,2.966796875,0.10094239,2.966796875,0.21724518,2.966796875,-1.0740126e-11,2.966796875,0.9596782,2.966796875,-0.5881022,2.966796875,0.20390825
2.96875,-0.4397326,2.96875,0.33987537,2.96875,-0.39198592,2.96875,0.6912672,2.96875,-1.5935519e-11,2.96875,0.8041196,2.96875,1.1345208,2.96875,-1.0763298
2.970703125,0.43443602,2.970703125,1.7011706,2.970703125,0.05200294,2.970703125,0.5775876,2.970703125,-6.2603807e-12,2.970703125,0.56786966,2.970703125,0.6370727,2.970703125,-1.3490832
2.97265625,-0.14837731,2.97265625,2.0299845,2.97265625,0.3716954,2.97265625,-0.049927697,2.97265625,-4.5048327e-12,2.97265625,0.63128597,2.97265625,0.7106092,2.97265625,-1.7197317
2.974609375,-0.39857918,2.974609375,1.9258248,2.974609375,-0.19703129,2.974609375,-0.6608798,2.974609375,-5.0009836e-12,2.974609375,0.65907955,2.974609375,-0.3597677,2.974609375,-2.112854
2.9765625,-0.014128241,2.9765625,-0.65911454,2.9765625,-0.2948176,2.9765625,-0.715171,2.9765625,-6.1229854e-12,2.9765625,0.59535617,2.9765625,-0.60959613,2.9765625,-1.1692753
2.978515625,-0.24322343,2.978515625,-1.226817,2.978515625,0.3120634,2.978515625,-0.13996455,2.978515625,-3.8432287e-12,2.978515625,0.46885702,2.978515625,0.25909048,2.978515625,-0.041183073
2.98046875,-0.2151271,2.98046875,-0.7489918,2.98046875,0.1730565,2.98046875,0.58396596,2.98046875,7.8826263e-13,2.98046875,0.43777132,2.98046875,-0.8592146,2.98046875,-0.57279587
2.982421875,-0.19271004,2.982421875,-1.2546986,2.982421875,-0.3795867,2.982421875,0.8222936,2.982421875,-5.4792863e-12,2.982421875,0.55800426,2.982421875,0.6192287,2.982421875,-0.80337954
2.984375,0.3030259,2.984375,0.3290987,2.984375,-0.024949113,2.984375,0.34249306,2.984375,-1.0508171e-11,2.984375,0.61437935,2.984375,0.26998425,2.984375,-1.1540848
2.986328125,0.039161276,2.986328125,0.755433,2.986328125,0.38932136,2.986328125,-0.46125063,2.986328125,-1.4042915e-12,2.986328125,0.5781395,2.986328125,-0.49086717,2.986328125,0.86938006
2.98828125,-0.1886923,2.98828125,1.1984861,2.98828125,-0.12695655,2.98828125,-0.8895818,2.98828125,-2.9715585e-12,2.98828125,0.62710786,2.98828125,-0.07235371,2.98828125,-0.8882098
2.990234375,0.110333785,2.990234375,1.3186852,2.990234375,-0.33978537,2.990234375,-0.54600513,2.990234375,-1.3556769e-11,2.990234375,0.6198729,2.990234375,0.5606093,2.990234375,0.14521307
2.9921875,0.21615067,2.9921875,0.19841658,2.9921875,0.25953424,2.9921875,0.2966854,2.9921875,-3.985518e-12,2.9921875,0.5138458,2.9921875,2.809301,2.9921875,-0.56349635
2.994140625,-0.227376,2.994140625,0.26268354,2.994140625,0.23852015,2.994140625,0.909716,2.994140625,6.985002e-13,2.994140625,0.45928916,2.994140625,0.7360693,2.994140625,-0.31189984
2.99609375,-0.0864509,2.99609375,-0.34862754,2.99609375,-0.35260016,2.99609375,0.7379699,2.99609375,-7.986682e-12,2.99609375,0.44169602,2.99609375,-1.570976,2.99609375,0.52675587
2.998046875,-0.3781139,2.998046875,1.0502157,2.998046875,-0.10094239,2.998046875,-0.09735227,2.998046875,-6.1961174e-12,2.998046875,0.39581248,2.998046875,-1.8109668,2.998046875,-0.38647583
3.0,-0.31885064,3.0,-0.15271309,3.0,0.39198592,3.0,-0.87816334,3.0,-4.435461e-13,3.0,0.44723544,3.0,1.2415,3.0,0.93967664
3.001953125,0.18111785,3.001953125,-0.6729455,3.001953125,-0.05200294,3.001953125,-0.9059482,3.001953125,-2.4744456e-12,3.001953125,0.51892835,3.001953125,1.7239703,3.001953125,0.65282273
3.00390625,-0.31856164,3.00390625,-0.85783285,3.00390625,-0.3716954,3.00390625,-0.12695023,3.00390625,3.0293181e-12,3.00390625,0.52543586,3.00390625,-0.18012723,3.00390625,1.5665072
3.005859375,0.025163384,3.005859375,0.12739815,3.005859375,0.19703129,3.005859375,0.79366297,3.005859375,2.3047597e-12,3.005859375,0.4406186,3.005859375,1.1725333,3.005859375,-0.28875577
3.0078125,0.20904626,3.0078125,1.1757298,3.0078125,0.2948176,3.0078125,1.0385833,3.0078125,-1.8903874e-12,3.0078125,0.3910778,3.0078125,-0.039497256,3.0078125,-0.63007295
3.009765625,-0.3931231,3.009765625,0.4571106,3.009765625,-0.3120634,3.009765625,0.36438996,3.009765625,5.401864e-13,3.009765625,0.45920846,3.009765625,-0.6239955,3.009765625,-0.43912214
3.01171875,0.06731222,3.01171875,-0.0061484887,3.01171875,-0.1730565,3.01171875,-0.6584127,3.01171875,-1.902488e-12,3.01171875,0.47158003,3.01171875,0.96304625,3.01171875,1.2271974
3.013671875,-0.24343722,3.013671875,1.0792886,3.013671875,0.3795867,3.013671875,-1.126502,3.013671875,-6.1104533e-12,3.013671875,0.4446755,3.013671875,-0.03510937,3.013671875,0.8209023
3.015625,0.46292686,3.015625,-0.3684086,3.015625,0.024949113,3.015625,-0.6019743,3.015625,-4.820634e-12,3.015625,0.489373,3.015625,0.3665643,3.015625,-0.43473396
3.017578125,-0.016454354,3.017578125,-1.4346194,3.017578125,-0.38932136,3.017578125,0.47794217,3.017578125,-4.9302047e-12,3.017578125,0.4457667,3.017578125,0.39064258,3.017578125,-0.19028145
3.01953125,0.30599254,3.01953125,-1.0922,3.01953125,0.12695655,3.01953125,1.1630348,3.01953125,-2.4912123e-12,3.01953125,0.394348,3.01953125,-0.8170884,3.01953125,-0.43988734
3.021484375,0.050226543,3.021484375,-0.73041886,3.021484375,0.33978537,3.021484375,0.82651734,3.021484375,-1.3353146e-12,3.021484375,0.3387607,3.021484375,0.6399849,3.021484375,0.6162299
3.0234375,-0.45658746,3.0234375,-0.8261065,3.0234375,-0.25953424,3.0234375,-0.2606979,3.0234375,-5.3801347e-12,3.0234375,0.33182913,3.0234375,-0.34108454,3.0234375,2.1480582
3.025390625,0.13315138,3.025390625,0.6224921,3.025390625,-0.23852015,3.025390625,-1.1446891,3.025390625,-2.1143742e-13,3.025390625,0.35400292,3.025390625,-0.5635337,3.025390625,0.73565215
3.02734375,0.45140335,3.02734375,-0.7004192,3.02734375,0.35260016,3.02734375,-1.025601,3.02734375,4.0973696e-12,3.02734375,0.3150915,3.02734375,-1.0077538,3.02734375,0.008830087
3.029296875,0.10161182,3.029296875,-1.9396553,3.029296875,0.10094239,3.029296875,0.017393366,3.029296875,-4.7722516e-12,3.029296875,0.32327807,3.029296875,0.21090461,3.029296875,-0.4483181
3.03125,0.31918886,3.03125,-0.27435708,3.03125,-0.39198592,3.03125,1.0713425,3.03125,-4.424241e-12,3.03125,0.3123057,3.03125,1.3673636,3.03125,0.5368857
3.033203125,0.38420647,3.033203125,-0.36775285,3.033203125,0.05200294,3.033203125,1.1884389,3.033203125,-4.1202723e-12,3.033203125,0.083604835,3.033203125,0.054399908,3.033203125,0.06253076
3.03515625,-0.27192023,3.03515625,0.0066011804,3.03515625,0.3716954,3.03515625,0.23980053,3.03515625,-2.634222e-12,3.03515625,-0.025483169,3.03515625,-1.431345,3.03515625,-0.40330917
3.037109375,-0.28795516,3.037109375,-1.980436,3.037109375,-0.19703129,3.037109375,-0.94615525,3.037109375,1.1929248e-12,3.037109375,-0.19185248,3.037109375,-1.564137,3.037109375,-0.1611042
3.0390625,0.11098099,3.0390625,0.10282574,3.0390625,-0.2948176,3.0390625,-1.3065686,3.0390625,1.4891315e-12,3.0390625,-0.1574159,3.0390625,0.23042588,3.0390625,0.0937765
3.041015625,-0.08897153,3.041015625,-0.41965315,3.041015625,0.3120634,3.041015625,-0.4981404,3.041015625,-2.1840858e-12,3.041015625,-0.13158046,3.041015625,-1.0899632,3.041015625,1.2379057
3.04296875,0.3398613,3.04296875,1.6611992,3.04296875,0.1730565,3.04296875,0.77522945,3.04296875,-3.4549317e-12,3.04296875,-0.12038204,3.04296875,0.5038092,3.04296875,0.38617525
3.044921875,0.40002313,3.044921875,0.086892724,3.044921875,-0.3795867,3.044921875,1.3743261,3.044921875,-5.8362996e-14,3.044921875,-0.1659192,3.044921875,-1.348298,3.044921875,0.9795131
3.046875,-0.14657862,3.046875,-0.85986805,3.046875,-0.024949113,3.046875,0.7451868,3.046875,-1.5370198e-12,3.046875,-0.16969942,3.046875,0.69043744,3.046875,-0.5349971
3.048828125,-0.26312944,3.048828125,-2.1649427,3.048828125,0.38932136,3.048828125,-0.56706506,3.048828125,-2.2228857e-12,3.048828125,-0.20762004,3.048828125,-0.09732613,3.048828125,-0.015626008
3.05078125,0.2805255,3.05078125,1.327745,3.05078125,-0.12695655,3.05078125,-1.3890755,3.05078125,1.2456038e-12,3.05078125,-0.13608737,3.05078125,0.7873211,3.05078125,-0.52472067
3.052734375,-0.22519396,3.052734375,1.4726185,3.052734375,-0.33978537,3.052734375,-0.9695985,3.052734375,-4.1611888e-12,3.052734375,-0.18451478,3.052734375,-1.7571633,3.052734375,-1.802172
3.0546875,0.3226143,3.0546875,0.0464683,3.0546875,0.25953424,3.0546875,0.33187562,3.0546875,-2.8749125e-12,3.0546875,-0.1653873,3.0546875,-0.5648995,3.0546875,1.0106987
3.056640625,-0.076261744,3.056640625,1.332664,3.056640625,0.23852015,3.056640625,1.3511996,3.056640625,-1.4762974e-12,3.056640625,-0.16844183,3.056640625,-0.9926973,3.056640625,1.7862991
3.05859375,0.1675499,3.05859375,-0.04613648,3.05859375,-0.35260016,3.05859375,1.1617851,3.05859375,-3.2833955e-12,3.05859375,0.014555745,3.05859375,-0.55153203,3.05859375,-0.7339842
3.060546875,-0.4044647,3.060546875,1.3692309,3.060546875,-0.10094239,3.060546875,-0.08083466,3.060546875,-3.078851e-12,3.060546875,0.025493314,3.060546875,0.45868948,3.060546875,0.15772803
3.0625,0.12385932,3.0625,0.13198608,3.0625,0.39198592,3.0625,-1.2638743,3.0625,-8.383208e-12,3.0625,0.12483905,3.0625,0.606575,3.0625,-0.448969
3.064453125,-0.04823232,3.064453125,-0.014683792,3.064453125,-0.05200294,3.064453125,-1.3143811,3.064453125,-8.435275e-12,3.064453125,0.31038353,3.064453125,-1.0340052,3.064453125,-1.5240291
3.06640625,0.08660846,3.06640625,0.6172291,3.06640625,-0.3716954,3.06640625,-0.17468144,3.06640625,-9.932356e-12,3.06640625,0.29213962,3.06640625,-1.081631,3.06640625,-0.22044966
3.068359375,-0.3319858,3.068359375,0.28489777,3.068359375,0.19703129,3.068359375,1.1326666,3.068359375,-1.0969843e-11,3.068359375,0.22201833,3.068359375,0.25975323,3.068359375,0.9242161
3.0703125,0.23687375,3.0703125,-0.8182672,3.0703125,0.2948176,3.0703125,1.4225208,3.0703125,-1.1305427e-12,3.0703125,0.18501987,3.0703125,-0.8236034,3.0703125,-0.9385047
3.072265625,0.36279708,3.072265625,0.39116684,3.072265625,-0.3120634,3.072265625,0.4237933,3.072265625,-5.490045e-12,3.072265625,0.16734026,3.072265625,0.28917164,3.072265625,-1.8740857
3.07421875,-0.2832602,3.07421875,0.3528466,3.07421875,-0.1730565,3.07421875,-0.96500754,3.07421875,-9.348983e-12,3.07421875,0.21021706,3.07421875,0.18727648,3.07421875,-1.3721378
3.076171875,-0.40428543,3.076171875,0.36420324,3.076171875,0.3795867,3.076171875,-1.4839171,3.076171875,-3.6998763e-12,3.076171875,0.14215596,3.076171875,-0.46878725,3.076171875,-0.19332415
3.078125,-0.47636142,3.078125,1.4989823,3.078125,0.024949113,3.078125,-0.65671504,3.078125,-3.2237292e-12,3.078125,0.12791659,3.078125,-1.2576071,3.078125,-0.383702
3.080078125,0.1419715,3.080078125,-0.40447837,3.080078125,-0.38932136,3.080078125,0.7695948,3.080078125,-7.8820665e-12,3.080078125,0.13467924,3.080078125,0.68518937,3.080078125,-2.149714
3.08203125,0.107094035,3.08203125,0.20928814,3.08203125,0.12695655,3.08203125,1.4987607,3.08203125,-6.6991035e-12,3.08203125,0.13959175,3.08203125,0.08951905,3.08203125,-2.6614504
3.083984375,0.04669741,3.083984375,-0.16535632,3.083984375,0.33978537,3.083984375,0.8652155,3.083984375,-6.2465956e-13,3.083984375,0.17729308,3.083984375,-0.34346643,3.083984375,-2.0491288
3.0859375,-0.2680529,3.0859375,0.09860883,3.0859375,-0.25953424,3.0859375,-0.5557755,3.0859375,7.76814e-13,3.0859375,0.16261595,3.0859375,-0.3872177,3.0859375,-1.14524
3.087890625,-0.109094,3.087890625,0.102718554,3.087890625,-0.23852015,3.087890625,-1.4694686,3.087890625,-7.4948285e-12,3.087890625,-0.029885817,3.087890625,-1.102174,3.087890625,0.21489319
3.08984375,0.094476335,3.08984375,1.053869,3.08984375,0.35260016,3.08984375,-1.042927,3.08984375,-2.8489695e-12,3.08984375,-0.041086003,3.08984375,0.41472703,3.08984375,-0.25611702
3.091796875,-0.003233141,3.091796875,0.60095525,3.091796875,0.10094239,3.091796875,0.33295906,3.091796875,5.26433e-12,3.091796875,0.0883447,3.091796875,1.3483119,3.091796875,-0.790119
3.09375,0.48778552,3.09375,-0.58907324,3.09375,-0.39198592,3.09375,1.4003208,3.09375,5.7466466e-12,3.09375,0.128646,3.09375,1.0736492,3.09375,-0.80686694
3.095703125,-0.36356026,3.095703125,-0.47773963,3.095703125,0.05200294,3.095703125,1.1855003,3.095703125,5.128522e-12,3.095703125,0.20197171,3.095703125,-1.6718003,3.095703125,-0.051536642
3.09765625,0.19514455,3.09765625,-0.14968356,3.09765625,0.3716954,3.09765625,-0.11009532,3.09765625,1.8149593e-12,3.09765625,0.21526287,3.09765625,-0.20483658,3.09765625,-0.43584064
3.099609375,-0.095681235,3.099609375,1.5758983,3.099609375,-0.19703129,3.099609375,-1.297024,3.099609375,-1.6660009e-12,3.099609375,0.17499474,3.099609375,-0.8688469,3.099609375,1.6368204
3.1015625,-0.07180039,3.1015625,-0.9677943,3.1015625,-0.2948176,3.1015625,-1.2906152,3.1015625,-6.0809504e-12,3.1015625,0.047994196,3.1015625,2.1497514,3.1015625,-0.7605219
3.103515625,0.21759777,3.103515625,0.05145606,3.103515625,0.3120634,3.103515625,-0.10475353,3.103515625,-6.1184243e-12,3.103515625,0.06368896,3.103515625,1.1024175,3.103515625,1.6123476
3.10546875,0.19243616,3.10546875,0.78661007,3.10546875,0.1730565,3.10546875,1.166244,3.10546875,-7.465911e-12,3.10546875,0.10985096,3.10546875,-0.65735054,3.10546875,0.7903175
3.107421875,0.491256,3.107421875,-0.64587903,3.107421875,-0.3795867,3.107421875,1.3578668,3.107421875,-1.07798995e-11,3.107421875,0.35814732,3.107421875,-1.5537142,3.107421875,-0.4707656
3.109375,-0.37160572,3.109375,1.1342467,3.109375,-0.024949113,3.109375,0.30473256,3.109375,-3.4334128e-12,3.109375,0.30852613,3.109375,-1.5911573,3.109375,0.02816536
3.111328125,-0.39589036,3.111328125,-0.3093812,3.111328125,0.38932136,3.111328125,-1.0151409,3.111328125,-1.5376364e-12,3.111328125,0.18917589,3.111328125,1.0752393,3.111328125,1.9993577
3.11328125,0.22433881,3.11328125,-0.39364445,3.11328125,-0.12695655,3.11328125,-1.3885528,3.11328125,-6.2940833e-12,3.11328125,0.23071477,3.11328125,1.3844963,3.11328125,1.4486686
3.115234375,0.07838692,3.115234375,-1.722987,3.115234375,-0.33978537,3.115234375,-0.4843992,3.115234375,-5.6711975e-12,3.115234375,0.0937962,3.115234375,-0.30657735,3.115234375,-0.30476227
3.1171875,-0.22583933,3.1171875,-0.5494394,3.1171875,0.25953424,3.1171875,0.8509384,3.1171875,-4.597923e-12,3.1171875,0.14305125,3.1171875,1.0027845,3.1171875,0.039452277
3.119140625,-0.42058063,3.119140625,0.054437164,3.119140625,0.23852015,3.119140625,1.3853898,3.119140625,-4.130322e-12,3.119140625,-0.0646624,3.119140625,-0.55741894,3.119140625,-0.35996553
3.12109375,-0.41434175,3.12109375,-1.6609106,3.12109375,-0.35260016,3.12109375,0.63981813,3.12109375,-5.0820687e-13,3.12109375,-0.12349208,3.12109375,0.5352443,3.12109375,1.8395435
3.123046875,0.39419088,3.123046875,-1.615716,3.123046875,-0.10094239,3.123046875,-0.6805502,3.123046875,7.199353e-13,3.123046875,-0.1941033,3.123046875,-0.489707,3.123046875,2.6144664
3.125,-0.30813268,3.125,1.1863532,3.125,0.39198592,3.125,-1.3521898,3.125,-2.524986e-12,3.125,-0.2532466,3.125,-0.5065106,3.125,2.5407383
3.126953125,-0.17662844,3.126953125,0.63246924,3.126953125,-0.05200294,3.126953125,-0.7685567,3.126953125,-2.5579257e-12,3.126953125,-0.1854644,3.126953125,0.13000242,3.126953125,-0.3455504
3.12890625,-0.2733436,3.12890625,-1.023136,3.12890625,-0.3716954,3.12890625,0.5102772,3.12890625,6.1219666e-12,3.12890625,-0.06673066,3.12890625,-0.23968686,3.12890625,-0.23733328
3.130859375,-0.14500369,3.130859375,-1.3447443,3.130859375,0.19703129,3.130859375,1.2935205,3.130859375,5.6651206e-13,3.130859375,-0.08843752,3.130859375,-0.7039149,3.130859375,0.37274373
3.1328125,-0.43057615,3.1328125,-0.90762866,3.1328125,0.2948176,3.1328125,0.8695975,3.1328125,-2.9475012e-12,3.1328125,0.00093293056,3.1328125,0.15467378,3.1328125,0.55245674
3.134765625,0.01905979,3.134765625,-0.2745996,3.134765625,-0.3120634,3.134765625,-0.34558356,3.134765625,-4.625278e-13,3.134765625,0.014765174,3.134765625,0.19444501,3.134765625,1.115694
3.13671875,-0.43238744,3.13671875,0.5342698,3.13671875,-0.1730565,3.13671875,-1.2143757,3.13671875,-1.7234098e-12,3.13671875,-0.048314355,3.13671875,1.146106,3.13671875,0.4780524
3.138671875,0.3003565,3.138671875,-1.8679625,3.138671875,0.3795867,3.138671875,-0.94318616,3.138671875,-1.7197238e-12,3.138671875,-0.027444337,3.138671875,-0.056216463,3.138671875,-0.47415802
3.140625,-0.26628792,3.140625,1.6961629,3.140625,0.024949113,3.140625,0.19095236,3.140625,-3.6044993e-12,3.140625,-0.061343968,3.140625,-0.59433174,3.140625,-0.34433654
3.142578125,0.040011916,3.142578125,-0.21714066,3.142578125,-0.38932136,3.142578125,1.1198735,3.142578125,-1.8852814e-12,3.142578125,0.021601634,3.142578125,-0.78967893,3.142578125,1.4451232
3.14453125,0.3800791,3.14453125,-0.48078483,3.14453125,0.12695655,3.14453125,0.99063504,3.14453125,2.0273377e-12,3.14453125,0.12951775,3.14453125,0.031923316,3.14453125,1.6025475
3.146484375,0.15087737,3.146484375,-0.12621555,3.146484375,0.33978537,3.146484375,-0.04981646,3.146484375,-1.0370279e-12,3.146484375,0.13032724,3.146484375,-1.0894091,3.146484375,0.4797485
3.1484375,0.032957785,3.1484375,0.41429946,3.1484375,-0.25953424,3.1484375,-1.0149941,3.1484375,9.569519e-13,3.1484375,0.23555072,3.1484375,-0.68202704,3.1484375,-1.7675714
3.150390625,-0.17566624,3.150390625,-0.5533434,3.150390625,-0.23852015,3.150390625,-1.0141019,3.150390625,4.1068646e-12,3.150390625,0.31922424,3.150390625,-0.23977521,3.150390625,0.3069529
3.15234375,-0.16699809,3.15234375,0.60244805,3.15234375,0.35260016,3.15234375,-0.07544484,3.15234375,2.1320584e-12,3.15234375,0.23847347,3.15234375,-0.8158095,3.15234375,0.53698385
3.154296875,0.16948695,3.154296875,0.96199733,3.154296875,0.10094239,3.154296875,0.9043686,3.154296875,2.7795724e-12,3.154296875,0.09960161,3.154296875,-1.1559564,3.154296875,-1.5542965
3.15625,0.49413937,3.15625,1.4055794,3.15625,-0.39198592,3.15625,1.0163603,3.15625,2.4738043e-13,3.15625,-0.04401388,3.15625,-1.1994045,3.15625,-0.7813887
3.158203125,0.16183919,3.158203125,0.34134936,3.158203125,0.05200294,3.158203125,0.18345404,3.158203125,-2.2459777e-12,3.158203125,-0.18020491,3.158203125,-0.9536347,3.158203125,0.5064586
3.16015625,0.057783417,3.16015625,1.6740856,3.16015625,0.3716954,3.16015625,-0.7921195,3.16015625,-2.0431562e-12,3.16015625,-0.10294647,3.16015625,-0.38314065,3.16015625,0.4533971
3.162109375,0.23065051,3.162109375,-0.5928075,3.162109375,-0.19703129,3.162109375,-1.0005778,3.162109375,-4.657551e-12,3.162109375,-0.22941886,3.162109375,0.032898005,3.162109375,-0.5345234
3.1640625,-0.034794386,3.1640625,-1.588905,3.1640625,-0.2948176,3.1640625,-0.27374163,3.1640625,-2.3498048e-12,3.1640625,-0.3411692,3.1640625,0.4092118,3.1640625,-1.0108548
3.166015625,-0.43985766,3.166015625,0.33177856,3.166015625,0.3120634,3.166015625,0.6817551,3.166015625,2.217416e-12,3.166015625,-0.38557363,3.166015625,0.09440839,3.166015625,-0.6821792
3.16796875,0.062296815,3.16796875,0.3313993,3.16796875,0.1730565,3.16796875,0.9701116,3.16796875,2.3742425e-12,3.16796875,-0.3355651,3.16796875,0.8899402,3.16796875,-0.54786766
3.169921875,0.45762527,3.169921875,-0.6776752,3.169921875,-0.3795867,3.169921875,0.34662294,3.169921875,-1.4109685e-12,3.169921875,-0.3500897,3.169921875,0.32147896,3.169921875,-0.1158785
3.171875,-0.32469705,3.171875,-2.5012758,3.171875,-0.024949113,3.171875,-0.57611257,3.171875,-4.474395e-12,3.171875,-0.3093393,3.171875,0.67588043,3.171875,-3.3993568
3.173828125,0.19000489,3.173828125,-0.36179173,3.173828125,0.38932136,3.173828125,-0.9283314,3.173828125,-8.839393e-12,3.173828125,-0.3316215,3.173828125,-0.311871,3.173828125,-1.1967448
3.17578125,-0.2990663,3.17578125,1.8718646,3.17578125,-0.12695655,3.17578125,-0.4030581,3.17578125,-1.1661573e-11,3.17578125,-0.34747437,3.17578125,0.27958763,3.17578125,-0.63538545
3.177734375,0.035827685,3.177734375,-0.00022407208,3.177734375,-0.33978537,3.177734375,0.47734368,3.177734375,-1.3030654e-11,3.177734375,-0.2935547,3.177734375,-1.2635659,3.177734375,-0.9114579
3.1796875,-0.40332356,3.1796875,0.3786957,3.1796875,0.25953424,3.1796875,0.87847286,3.1796875,-3.8047083e-12,3.1796875,-0.31534424,3.1796875,0.6023834,3.1796875,-1.2760482
3.181640625,-0.049629062,3.181640625,0.59209514,3.181640625,0.23852015,3.181640625,0.4445056,3.181640625,3.247001e-12,3.181640625,-0.41920647,3.181640625,1.1388681,3.181640625,-1.5724168
3.18359375,0.25616333,3.18359375,0.6042035,3.18359375,-0.35260016,3.18359375,-0.3869383,3.18359375,-1.512564e-12,3.18359375,-0.49892923,3.18359375,0.16215959,3.18359375,-2.4435833
3.185546875,-0.15242848,3.185546875,1.034039,3.185546875,-0.10094239,3.185546875,-0.82352555,3.185546875,-2.4949673e-12,3.185546875,-0.57033277,3.185546875,0.7810486,3.185546875,-0.17384608
3.1875,0.16491172,3.1875,-0.10335251,3.1875,0.39198592,3.1875,-0.47277862,3.1875,-8.4467876e-13,3.1875,-0.5495692,3.1875,-2.5968523,3.1875,0.34460658
3.189453125,0.29544997,3.189453125,1.6543746,3.189453125,-0.05200294,3.189453125,0.3057747,3.189453125,-2.0841581e-12,3.189453125,-0.59692866,3.189453125,0.32803044,3.189453125,-0.78809536
3.19140625,0.42717782,3.19140625,-0.5539691,3.19140625,-0.3716954,3.19140625,0.7661537,3.19140625,-1.9951048e-12,3.19140625,-0.48375604,3.19140625,1.603931,3.19140625,-1.1807256
3.193359375,-0.2653579,3.193359375,1.1907842,3.193359375,0.19703129,3.193359375,0.4899115,3.193359375,-3.3782476e-12,3.193359375,-0.574243,3.193359375,1.3014988,3.193359375,-0.8566095
3.1953125,-0.100684084,3.1953125,-1.4937735,3.1953125,0.2948176,3.1953125,-0.234191,3.1953125,-1.3923259e-12,3.1953125,-0.6149591,3.1953125,0.4730415,3.1953125,-0.56572276
3.197265625,-0.34758398,3.197265625,0.7491185,3.197265625,-0.3120634,3.197265625,-0.708648,3.197265625,-9.840777e-13,3.197265625,-0.5969891,3.197265625,1.2062896,3.197265625,0.19937159
3.19921875,0.4924835,3.19921875,-0.19188917,3.19921875,-0.1730565,3.19921875,-0.49804062,3.19921875,-7.807941e-13,3.19921875,-0.5943144,3.19921875,-0.30034113,3.19921875,0.1759586
3.201171875,0.42700097,3.201171875,1.1537968,3.201171875,0.3795867,3.201171875,0.1720691,3.201171875,-1.8089814e-13,3.201171875,-0.6542044,3.201171875,2.5571733,3.201171875,-0.040275563
3.203125,0.03995713,3.203125,0.6237043,3.203125,0.024949113,3.203125,0.6529057,3.203125,7.8407837e-13,3.203125,-0.5830312,3.203125,1.847984,3.203125,-0.28251517
3.205078125,0.3420333,3.205078125,-1.2185338,3.205078125,-0.38932136,3.205078125,0.4993037,3.205078125,1.4613124e-12,3.205078125,-0.53817326,3.205078125,0.32713652,3.205078125,1.802157
3.20703125,0.020957977,3.20703125,-0.30650488,3.20703125,0.12695655,3.20703125,-0.11892511,3.20703125,-2.4177166e-12,3.20703125,-0.43516988,3.20703125,0.3828251,3.20703125,-0.9190485
3.208984375,0.123585686,3.208984375,-0.020567117,3.208984375,0.33978537,3.208984375,-0.6004332,3.208984375,-2.9099154e-12,3.208984375,-0.38873369,3.208984375,1.470123,3.208984375,-0.445585
3.2109375,-0.41087556,3.2109375,0.6939154,3.2109375,-0.25953424,3.2109375,-0.49575815,3.2109375,-2.9431603e-12,3.2109375,-0.21374735,3.2109375,1.9142147,3.2109375,1.6978784
3.212890625,0.25527042,3.212890625,-0.0032594467,3.212890625,-0.23852015,3.212890625,0.07400029,3.212890625,-1.2243318e-12,3.212890625,-0.25163683,3.212890625,0.9964187,3.212890625,0.9026937
3.21484375,-0.37228653,3.21484375,-1.1923531,3.21484375,0.35260016,3.21484375,0.552368,3.21484375,1.6030713e-12,3.21484375,-0.20894302,3.21484375,-0.55135465,3.21484375,1.2153301
3.216796875,0.32606763,3.216796875,-1.0776877,3.216796875,0.10094239,3.216796875,0.48931885,3.216796875,2.0619444e-12,3.216796875,-0.19367208,3.216796875,-0.6633428,3.216796875,-0.71479225
3.21875,0.28202808,3.21875,1.2296534,3.21875,-0.39198592,3.21875,-0.036348477,3.21875,9.2447236e-14,3.21875,-0.41463652,3.21875,0.8724271,3.21875,0.848434
3.220703125,0.2087447,3.220703125,-0.78021026,3.220703125,0.05200294,3.220703125,-0.50951433,3.220703125,-4.708815e-12,3.220703125,-0.4258703,3.220703125,0.8648755,3.220703125,0.99253905
3.22265625,-0.46383962,3.22265625,0.8261155,3.22265625,0.3716954,3.22265625,-0.48171452,3.22265625,-4.5305886e-12,3.22265625,-0.4348359,3.22265625,-0.25555786,3.22265625,2.1157153
3.224609375,-0.19687164,3.224609375,1.136451,3.224609375,-0.19703129,3.224609375,0.004916394,3.224609375,-1.2362859e-12,3.224609375,-0.52070516,3.224609375,0.18661766,3.224609375,0.8961715
3.2265625,-0.23688743,3.2265625,0.6385816,3.2265625,-0.2948176,3.2265625,0.47238788,3.2265625,3.966583e-13,3.2265625,-0.64249814,3.2265625,-0.90864944,3.2265625,-0.12882075
3.228515625,-0.1398636,3.228515625,0.8328034,3.228515625,0.3120634,3.228515625,0.47446004,3.228515625,2.1979363e-12,3.228515625,-0.6498936,3.228515625,-0.72055256,3.228515625,0.4159286
3.23046875,-0.41235724,3.23046875,0.03833101,3.23046875,0.1730565,3.23046875,0.021385003,3.23046875,1.8786366e-12,3.23046875,-0.5424874,3.23046875,-0.96603614,3.23046875,0.7883395
3.232421875,0.43695784,3.232421875,-0.48887348,3.232421875,-0.3795867,3.232421875,-0.44126588,3.232421875,-1.2948432e-12,3.232421875,-0.5586587,3.232421875,-0.8605158,3.232421875,0.6992242
3.234375,0.05380224,3.234375,0.21890382,3.234375,-0.024949113,3.234375,-0.46884313,3.234375,4.40408e-12,3.234375,-0.68236476,3.234375,0.5841318,3.234375,-0.14063983
3.236328125,-0.1944757,3.236328125,0.48535928,3.236328125,0.38932136,3.236328125,-0.04361959,3.236328125,1.0895267e-11,3.236328125,-0.52253217,3.236328125,-1.0253104,3.236328125,0.6040894
3.23828125,-0.103018485,3.23828125,-0.16877382,3.23828125,-0.12695655,3.23828125,0.41623893,3.23828125,6.430549e-12,3.23828125,-0.43980935,3.23828125,-0.73276407,3.23828125,-0.24556188
3.240234375,-0.05279746,3.240234375,0.12317666,3.240234375,-0.33978537,3.240234375,0.46592203,3.240234375,4.1075073e-12,3.240234375,-0.45494056,3.240234375,-0.93074507,3.240234375,0.621232
3.2421875,0.100594334,3.2421875,1.4226184,3.2421875,0.25953424,3.2421875,0.06277586,3.2421875,1.673542e-12,3.2421875,-0.48086488,3.2421875,-1.4843616,3.2421875,1.2172711
3.244140625,0.015679428,3.244140625,0.51919144,3.244140625,0.23852015,3.244140625,-0.39726138,3.244140625,-1.9504964e-12,3.244140625,-0.4784285,3.244140625,-1.9446838,3.244140625,0.896838
3.24609375,0.41939196,3.24609375,0.19066383,3.24609375,-0.35260016,3.24609375,-0.46653172,3.24609375,4.702968e-13,3.24609375,-0.48621872,3.24609375,-1.3965005,3.24609375,-0.46736774
3.248046875,-0.0030365172,3.248046875,-0.7758111,3.248046875,-0.10094239,3.248046875,-0.0797272,3.248046875,4.1491498e-13,3.248046875,-0.50374055,3.248046875,-0.73275626,3.248046875,0.23083846
3.25,0.49215803,3.25,1.3479427,3.25,0.39198592,3.25,0.38419798,3.25,-2.0688496e-12,3.25,-0.5351158,3.25,-1.0454767,3.25,1.0189925
3.251953125,0.35142496,3.251953125,0.3422828,3.251953125,-0.05200294,3.251953125,0.4712963,3.251953125,-3.2003794e-12,3.251953125,-0.5490717,3.251953125,-0.16687849,3.251953125,-0.38132957
3.25390625,-0.29148948,3.25390625,2.83206,3.25390625,-0.3716954,3.25390625,0.09520217,3.25390625,-1.9052967e-12,3.25390625,-0.5147797,3.25390625,-1.1008909,3.25390625,-0.33294204
3.255859375,0.43059522,3.255859375,-0.84201527,3.255859375,0.19703129,3.255859375,-0.37686545,3.255859375,-4.848036e-12,3.255859375,-0.4788768,3.255859375,-0.35712546,3.255859375,0.6189889
3.2578125,-0.3836336,3.2578125,-2.4995763,3.2578125,0.2948176,3.2578125,-0.4806444,3.2578125,-4.333886e-12,3.2578125,-0.5253769,3.2578125,-0.66875356,3.2578125,-0.5248829
3.259765625,0.31744972,3.259765625,1.1434615,3.259765625,-0.3120634,3.259765625,-0.10976358,3.259765625,-8.358099e-13,3.259765625,-0.46808794,3.259765625,-0.60653245,3.259765625,-0.40939912
3.26171875,-0.119376704,3.26171875,0.43781573,3.26171875,-0.1730565,3.26171875,0.37506714,3.26171875,-6.5337124e-13,3.26171875,-0.5600004,3.26171875,0.4534822,3.26171875,-1.6240886
3.263671875,0.37797433,3.263671875,0.38823202,3.263671875,0.3795867,3.263671875,0.49482617,3.263671875,-3.7299564e-12,3.263671875,-0.5622295,3.263671875,-1.7927235,3.263671875,-1.4265423
3.265625,0.36805668,3.265625,-0.29344082,3.265625,0.024949113,3.265625,0.123795606,3.265625,-3.6445083e-12,3.265625,-0.5224813,3.265625,0.043888077,3.265625,-1.617801
3.267578125,0.3059254,3.267578125,-0.44808125,3.267578125,-0.38932136,3.267578125,-0.37862068,3.267578125,-1.3386235e-12,3.267578125,-0.5833833,3.267578125,-1.8436524,3.267578125,-0.0009960675
3.26953125,0.29003045,3.26953125,-2.433904,3.26953125,0.12695655,3.26953125,-0.51392984,3.26953125,-1.9114337e-12,3.26953125,-0.57897085,3.26953125,-0.18597546,3.26953125,-0.82945913
3.271484375,-0.19532086,3.271484375,1.5003765,3.271484375,0.33978537,3.271484375,-0.13749756,3.271484375,-8.832192e-12,3.271484375,-0.6183094,3.271484375,0.19401392,3.271484375,-2.751191
3.2734375,-0.4190807,3.2734375,-0.32148564,3.2734375,-0.25953424,3.2734375,0.38737747,3.2734375,-1.6513634e-11,3.2734375,-0.66462827,3.2734375,1.0311011,3.2734375,-1.6393753
3.275390625,-0.09701982,3.275390625,-1.1737009,3.275390625,-0.23852015,3.275390625,0.53789675,3.275390625,-5.9945785e-12,3.275390625,-0.614451,3.275390625,0.101908535,3.275390625,0.983975
3.27734375,-0.32647547,3.27734375,0.9008715,3.27734375,0.35260016,3.27734375,0.15088348,3.27734375,-5.089521e-12,3.27734375,-0.66527265,3.27734375,-0.8057246,3.27734375,0.07314936
3.279296875,0.19495109,3.279296875,-0.6160551,3.279296875,0.10094239,3.279296875,-0.4012348,3.279296875,-1.643629e-11,3.279296875,-0.7159757,3.279296875,0.2476168,3.279296875,-0.33947766
3.28125,-0.15390028,3.28125,1.5682832,3.28125,-0.39198592,3.28125,-0.5665335,3.28125,-1.6134087e-11,3.28125,-0.5487827,3.28125,-0.06196784,3.28125,-3.025977
3.283203125,0.4756102,3.283203125,0.002534671,3.283203125,0.05200294,3.283203125,-0.16378655,3.283203125,-1.2696935e-11,3.283203125,-0.57480025,3.283203125,1.4367919,3.283203125,-2.0172338
3.28515625,0.14097208,3.28515625,0.5510068,3.28515625,0.3716954,3.28515625,0.42014006,3.28515625,-1.3803862e-11,3.28515625,-0.56097025,3.28515625,1.221945,3.28515625,-1.9014523
3.287109375,0.32248056,3.287109375,-0.07260999,3.287109375,-0.19703129,3.287109375,0.5995211,3.287109375,-1.9096207e-11,3.287109375,-0.71283174,3.287109375,0.7267734,3.287109375,-0.16053963
3.2890625,-0.36747533,3.2890625,2.250245,3.2890625,-0.2948176,3.2890625,0.1758677,3.2890625,-1.53435e-11,3.2890625,-0.6739497,3.2890625,-0.10759348,3.2890625,-0.910162
3.291015625,0.36201447,3.291015625,0.63080853,3.291015625,0.3120634,3.291015625,-0.44408786,3.291015625,-7.199625e-12,3.291015625,-0.5952987,3.291015625,0.61829484,3.291015625,-1.2501175
3.29296875,0.42275718,3.29296875,-1.7235843,3.29296875,0.1730565,3.29296875,-0.63642067,3.29296875,-3.934027e-12,3.29296875,-0.53499424,3.29296875,1.967024,3.29296875,-0.76543367
3.294921875,-0.012938081,3.294921875,-0.6450972,3.294921875,-0.3795867,3.294921875,-0.18662794,3.294921875,-6.41962e-12,3.294921875,-0.6008283,3.294921875,0.5961259,3.294921875,-1.9511296
3.296875,0.10625294,3.296875,-0.8908612,3.296875,-0.024949113,3.296875,0.47311017,3.296875,-1.5958224e-11,3.296875,-0.70172566,3.296875,0.1120657,3.296875,-0.30942217
3.298828125,0.2648098,3.298828125,-1.6343232,3.298828125,0.38932136,3.298828125,0.6766762,3.298828125,-1.6244865e-11,3.298828125,-0.7439191,3.298828125,0.004572319,3.298828125,0.4333479
3.30078125,-0.32516137,3.30078125,0.1934785,3.30078125,-0.12695655,3.30078125,0.19542396,3.30078125,-1.1117163e-11,3.30078125,-0.78339446,3.30078125,1.7076945,3.30078125,0.071612425
3.302734375,0.0025660763,3.302734375,-2.5757391,3.302734375,-0.33978537,3.302734375,-0.5072604,3.302734375,-3.921831e-12,3.302734375,-0.751779,3.302734375,2.0395408,3.302734375,-0.96056205
3.3046875,-0.10133697,3.3046875,0.04370404,3.3046875,0.25953424,3.3046875,-0.7196148,3.3046875,-1.0690059e-12,3.3046875,-0.8042988,3.3046875,-1.7712599,3.3046875,-0.39797372
3.306640625,-0.353626,3.306640625,1.277326,3.306640625,0.23852015,3.306640625,-0.2014873,3.306640625,-9.833887e-12,3.306640625,-0.9507084,3.306640625,-0.44576833,3.306640625,0.51151294
3.30859375,-0.13246557,3.30859375,1.348809,3.30859375,-0.35260016,3.30859375,0.54659194,3.30859375,-1.1277739e-11,3.30859375,-0.95569295,3.30859375,0.21676579,3.30859375,-0.37834877
3.310546875,-0.4318277,3.310546875,0.684831,3.310546875,-0.10094239,3.310546875,0.7644444,3.310546875,-6.683318e-12,3.310546875,-1.0999672,3.310546875,0.8469922,3.310546875,0.5086827
3.3125,-0.4741881,3.3125,0.44178498,3.3125,0.39198592,3.3125,0.20394672,3.3125,-5.949693e-12,3.3125,-1.115798,3.3125,1.1009789,3.3125,1.7310576
3.314453125,-0.3648337,3.314453125,0.13187595,3.314453125,-0.05200294,3.314453125,-0.591132,3.314453125,-5.6498196e-12,3.314453125,-1.0560589,3.314453125,0.7867628,3.314453125,1.5906905
3.31640625,0.46311513,3.31640625,-1.0794247,3.31640625,-0.3716954,3.31640625,-0.8102518,3.31640625,-6.3216745e-12,3.31640625,-0.9615394,3.31640625,-0.163114,3.31640625,-1.5108975
3.318359375,0.049529538,3.318359375,0.8358037,3.318359375,0.19703129,3.318359375,-0.2018544,3.318359375,-8.892548e-12,3.318359375,-0.9325869,3.318359375,-1.2259572,3.318359375,-1.4082663
3.3203125,0.46582216,3.3203125,0.87801844,3.3203125,0.2948176,3.3203125,0.6408519,3.3203125,-6.243963e-12,3.3203125,-0.9388649,3.3203125,-1.597838,3.3203125,0.6984882
3.322265625,-0.06750212,3.322265625,-0.20119455,3.322265625,-0.3120634,3.322265625,0.85599977,3.322265625,-1.1490227e-11,3.322265625,-1.022153,3.322265625,0.50550616,3.322265625,1.0079901
3.32421875,-0.18818387,3.32421875,-1.0173862,3.32421875,-0.1730565,3.32421875,0.19421577,3.32421875,-1.6503741e-11,3.32421875,-1.0455648,3.32421875,0.3340378,3.32421875,0.39882037
3.326171875,0.006141863,3.326171875,1.1158012,3.326171875,0.3795867,3.326171875,-0.6956345,3.326171875,-1.0171893e-11,3.326171875,-0.9661,3.326171875,-0.35132498,3.326171875,-0.09926559
3.328125,-0.06048831,3.328125,-0.4521426,3.328125,0.024949113,3.328125,-0.9005273,3.328125,-1.2353633e-11,3.328125,-0.98125976,3.328125,0.3346277,3.328125,-0.2824395
3.330078125,-0.39433533,3.330078125,-1.9218346,3.330078125,-0.38932136,3.330078125,-0.18002374,3.330078125,-8.8163565e-12,3.330078125,-1.0698932,3.330078125,-0.5405135,3.330078125,0.9239633
3.33203125,0.14082631,3.33203125,-0.93105155,3.33203125,0.12695655,3.33203125,0.7552404,3.33203125,-2.7443132e-12,3.33203125,-1.0689065,3.33203125,-1.3788582,3.33203125,2.4878826
3.333984375,-0.2839618,3.333984375,-0.8250537,3.333984375,0.33978537,3.333984375,0.94255227,3.333984375,-4.0026086e-12,3.333984375,-0.9453062,3.333984375,-1.2155144,3.333984375,1.5121857
3.3359375,0.11958796,3.3359375,-0.6726599,3.3359375,-0.25953424,3.3359375,0.15829684,3.3359375,-1.2806972e-12,3.3359375,-0.86353135,3.3359375,-0.7961853,3.3359375,0.4601479
3.337890625,0.1502011,3.337890625,0.426215,3.337890625,-0.23852015,3.337890625,-0.8192741,3.337890625,6.870576e-13,3.337890625,-0.82990116,3.337890625,-1.5273428,3.337890625,-0.34315342
3.33984375,-0.34797513,3.33984375,-2.2733645,3.33984375,0.35260016,3.33984375,-0.9806789,3.33984375,-5.024559e-12,3.33984375,-0.88689446,3.33984375,-1.7664616,3.33984375,0.75123
3.341796875,-0.43865037,3.341796875,1.7203857,3.341796875,0.10094239,3.341796875,-0.12812184,3.341796875,-1.1586218e-11,3.341796875,-0.90986437,3.341796875,-1.6806388,3.341796875,0.21764648
3.34375,0.2807616,3.34375,-0.61150616,3.34375,-0.39198592,3.34375,0.8871524,3.34375,-8.354429e-12,3.34375,-0.7707221,3.34375,-1.1977849,3.34375,0.46320498
3.345703125,-0.040199578,3.345703125,-0.038166683,3.345703125,0.05200294,3.345703125,1.0134124,3.345703125,-8.727879e-12,3.345703125,-0.7308547,3.345703125,-0.001984836,3.345703125,0.22663948
3.34765625,-0.4418362,3.34765625,-0.29226506,3.34765625,0.3716954,3.34765625,0.088699944,3.34765625,-1.3605936e-11,3.34765625,-0.8760379,3.34765625,-0.29427168,3.34765625,0.23830184
3.349609375,0.4948663,3.349609375,0.8601499,3.349609375,-0.19703129,3.349609375,-0.95807505,3.349609375,-8.3980696e-12,3.349609375,-0.7871862,3.349609375,0.7344451,3.349609375,0.6281194
3.3515625,-0.44221944,3.3515625,0.53906894,3.3515625,-0.2948176,3.3515625,-1.0391798,3.3515625,-3.6246318e-12,3.3515625,-0.6573878,3.3515625,-0.88597476,3.3515625,-0.5465146
3.353515625,0.19503523,3.353515625,0.97742873,3.353515625,0.3120634,3.353515625,-0.039396334,3.353515625,-4.3980965e-12,3.353515625,-0.6486881,3.353515625,-1.1429965,3.353515625,0.0042787637
3.35546875,0.48367894,3.35546875,-0.8371412,3.35546875,0.1730565,3.35546875,1.0310029,3.35546875,3.4104458e-13,3.35546875,-0.5350306,3.35546875,0.81527746,3.35546875,0.06409712
3.357421875,-0.26081988,3.357421875,0.8532112,3.357421875,-0.3795867,3.357421875,1.0563616,3.357421875,7.587127e-13,3.357421875,-0.46686026,3.357421875,0.15428317,3.357421875,0.69961756
3.359375,-0.35775062,3.359375,0.072916865,3.359375,-0.024949113,3.359375,-0.02020829,3.359375,-2.8510885e-12,3.359375,-0.39549354,3.359375,-2.2257254,3.359375,-0.76739585
3.361328125,-0.37861505,3.361328125,-0.010936032,3.361328125,0.38932136,3.361328125,-1.1046422,3.361328125,-4.2741364e-13,3.361328125,-0.40490004,3.361328125,-0.7457468,3.361328125,1.2031293
3.36328125,-0.19672485,3.36328125,-0.246191,3.36328125,-0.12695655,3.36328125,-1.0633305,3.36328125,-1.5260789e-12,3.36328125,-0.40778112,3.36328125,0.3425711,3.36328125,-0.47143754
3.365234375,-0.39895418,3.365234375,-0.46199164,3.365234375,-0.33978537,3.365234375,0.090265706,3.365234375,1.7703096e-12,3.365234375,-0.2646422,3.365234375,0.7785949,3.365234375,-1.3380647
3.3671875,0.19216134,3.3671875,0.96725875,3.3671875,0.25953424,3.3671875,1.1774396,3.3671875,4.8634026e-12,3.3671875,-0.209276,3.3671875,1.0810603,3.3671875,-0.07626492
3.369140625,-0.4377082,3.369140625,1.2558299,3.369140625,0.23852015,3.369140625,1.0585029,3.369140625,1.5023697e-12,3.369140625,-0.17109625,3.369140625,0.7107466,3.369140625,-1.7608154
3.37109375,0.009422128,3.37109375,0.03261944,3.37109375,-0.35260016,3.37109375,-0.17060976,3.37109375,-3.502832e-12,3.37109375,-0.26754248,3.37109375,1.1499404,3.37109375,-0.8020702
3.373046875,0.49669686,3.373046875,0.31999588,3.373046875,-0.10094239,3.373046875,-1.2475897,3.373046875,-3.5928357e-12,3.373046875,-0.17684868,3.373046875,1.1632234,3.373046875,-1.2875236
3.375,0.31397027,3.375,0.96393746,3.375,0.39198592,3.375,-1.0403972,3.375,-1.3267881e-12,3.375,-0.11037885,3.375,-0.2595732,3.375,-0.5694767
3.376953125,0.11521944,3.376953125,1.5770577,3.376953125,-0.05200294,3.376953125,0.2607101,3.376953125,1.6639389e-13,3.376953125,-0.03897671,3.376953125,-0.53870434,3.376953125,-0.28235465
3.37890625,-0.19374637,3.37890625,0.8577349,3.37890625,-0.3716954,3.37890625,1.3130561,3.37890625,-9.204525e-12,3.37890625,0.011303787,3.37890625,-0.036172684,3.37890625,0.43272647
3.380859375,0.12389584,3.380859375,-1.4264323,3.380859375,0.19703129,3.380859375,1.007703,3.380859375,-9.657347e-12,3.380859375,-0.027547846,3.380859375,0.85854816,3.380859375,-2.1077514
3.3828125,0.027041463,3.3828125,-2.6091843,3.3828125,0.2948176,3.3828125,-0.35963327,3.3828125,2.3775272e-12,3.3828125,-0.0733955,3.3828125,1.8209928,3.3828125,-2.8408878
3.384765625,-0.073916614,3.384765625,0.36920822,3.384765625,-0.3120634,3.384765625,-1.3716091,3.384765625,2.057624e-12,3.384765625,0.014626571,3.384765625,0.1960326,3.384765625,-2.382848
3.38671875,-0.36928964,3.38671875,-1.8570677,3.38671875,-0.1730565,3.38671875,-0.9593558,3.38671875,-3.841195e-12,3.38671875,-0.18083513,3.38671875,0.25332987,3.38671875,-0.43150198
3.388671875,0.38660422,3.388671875,-0.237931,3.388671875,0.3795867,3.388671875,0.46601444,3.388671875,-5.1212532e-12,3.388671875,-0.1584251,3.388671875,-1.5850803,3.388671875,-1.2058939
3.390625,-0.050215352,3.390625,-0.41824922,3.390625,0.024949113,3.390625,1.4208798,3.390625,-1.1699815e-12,3.390625,-0.11447798,3.390625,1.1887494,3.390625,-0.86267245
3.392578125,-0.30537748,3.392578125,-0.68464094,3.392578125,-0.38932136,3.392578125,0.8946171,3.392578125,2.4768469e-12,3.392578125,-0.16832644,3.392578125,0.40797183,3.392578125,0.28622738
3.39453125,-0.13224065,3.39453125,1.2686328,3.39453125,0.12695655,3.39453125,-0.5780434,3.39453125,2.8756437e-12,3.39453125,-0.1181413,3.39453125,-0.42201152,3.39453125,-0.094944365
3.396484375,-0.08587025,3.396484375,-0.2535669,3.396484375,0.33978537,3.396484375,-1.4584328,3.396484375,-8.921582e-12,3.396484375,-0.02366507,3.396484375,-0.61224496,3.396484375,-2.0446367
3.3984375,0.3275379,3.3984375,1.9931867,3.3984375,-0.25953424,3.3984375,-0.813154,3.3984375,-1.3723642e-11,3.3984375,0.023549093,3.3984375,-2.0431778,3.3984375,-1.631554
3.400390625,0.23361439,3.400390625,1.5574207,3.400390625,-0.23852015,3.400390625,0.6934687,3.400390625,-5.365316e-12,3.400390625,0.026314791,3.400390625,-0.9369572,3.400390625,-0.2465934
3.40234375,0.2693049,3.40234375,1.1559302,3.40234375,0.35260016,3.40234375,1.4818542,3.40234375,-7.018066e-12,3.40234375,0.032281756,3.40234375,0.71765476,3.40234375,-1.2235342
3.404296875,-0.48896873,3.404296875,-0.19070728,3.404296875,0.10094239,3.404296875,0.71511555,3.404296875,-1.5025661e-11,3.404296875,0.22028391,3.404296875,1.8204328,3.404296875,1.5056185
3.40625,-0.083846,3.40625,0.74359804,3.40625,-0.39198592,3.40625,-0.8096227,3.40625,-9.3944704e-12,3.40625,0.24631932,3.40625,0.31865785,3.40625,1.4635044
3.408203125,-0.018655848,3.408203125,0.102289915,3.408203125,0.05200294,3.408203125,-1.4888563,3.408203125,-1.6292111e-12,3.408203125,0.264176,3.408203125,0.39031088,3.408203125,1.1740772
3.41015625,-0.48080772,3.41015625,1.628783,3.41015625,0.3716954,3.41015625,-0.6012004,3.41015625,-4.100409e-12,3.41015625,0.18869145,3.41015625,1.1390733,3.41015625,1.2459368
3.412109375,-0.2401868,3.412109375,-0.38310575,3.412109375,-0.19703129,3.412109375,0.92347157,3.412109375,-5.699799e-12,3.412109375,0.22489156,3.412109375,0.95101464,3.412109375,1.2507219
3.4140625,0.26028982,3.4140625,-0.49576786,3.4140625,-0.2948176,3.4140625,1.4773937,3.4140625,-9.8799935e-12,3.4140625,0.28059074,3.4140625,0.012542305,3.4140625,0.7536051
3.416015625,-0.3628903,3.416015625,0.67606336,3.416015625,0.3120634,3.416015625,0.4727089,3.416015625,-1.6335624e-11,3.416015625,0.15548332,3.416015625,-0.46682566,3.416015625,0.2513569
3.41796875,0.03531013,3.41796875,0.57994986,3.41796875,0.1730565,3.41796875,-1.0316905,3.41796875,-1.263243e-11,3.41796875,0.07882882,3.41796875,-0.32783815,3.41796875,-0.7394015
3.419921875,-0.28479812,3.419921875,1.2649117,3.419921875,-0.3795867,3.419921875,-1.4457867,3.419921875,-4.6820416e-12,3.419921875,-0.103684194,3.419921875,-0.43633285,3.419921875,0.34963903
3.421875,-0.48787922,3.421875,-1.0059365,3.421875,-0.024949113,3.421875,-0.33157486,3.421875,-3.2535908e-12,3.421875,-0.07436559,3.421875,-0.41278875,3.421875,2.3407743
3.423828125,-0.25879854,3.423828125,0.15920101,3.423828125,0.38932136,3.423828125,1.1307659,3.423828125,-2.593683e-12,3.423828125,0.0057884147,3.423828125,-1.3023448,3.423828125,1.6752852
3.42578125,0.47587377,3.42578125,-1.1727209,3.42578125,-0.12695655,3.42578125,1.3928466,3.42578125,-4.610265e-12,3.42578125,0.06614266,3.42578125,0.63747257,3.42578125,1.6481081
3.427734375,0.30153713,3.427734375,0.5813058,3.427734375,-0.33978537,3.427734375,0.18037048,3.427734375,-1.1961115e-11,3.427734375,0.0155264465,3.427734375,-0.8616759,3.427734375,0.22925983
3.4296875,0.45957664,3.4296875,-1.1186804,3.4296875,0.25953424,3.4296875,-1.2171227,3.4296875,-1.4952322e-11,3.4296875,0.01603891,3.4296875,-2.1483927,3.4296875,-0.89648527
3.431640625,-0.012145956,3.431640625,-0.28575504,3.431640625,0.23852015,3.431640625,-1.3179952,3.431640625,-1.2598998e-11,3.431640625,0.015047387,3.431640625,-0.3737661,3.431640625,1.7867151
3.43359375,-0.3902638,3.43359375,-0.3105962,3.43359375,-0.35260016,3.43359375,-0.02227915,3.43359375,-4.692092e-12,3.43359375,-0.059467416,3.43359375,0.39815822,3.43359375,0.0708421
3.435546875,0.047959488,3.435546875,2.100378,3.435546875,-0.10094239,3.435546875,1.2872747,3.435546875,1.9245339e-12,3.435546875,0.049745895,3.435546875,-1.1309416,3.435546875,0.77635247
3.4375,-0.045622665,3.4375,-0.78293574,3.4375,0.39198592,3.4375,1.2213701,3.4375,-1.55448e-12,3.4375,0.11138924,3.4375,-1.0129697,3.4375,-0.17241357
3.439453125,0.34435707,3.439453125,-1.1233009,3.439453125,-0.05200294,3.439453125,-0.13896789,3.439453125,-3.991875e-12,3.439453125,0.14983849,3.439453125,-0.84631264,3.439453125,0.46405977
3.44140625,-0.40191743,3.44140625,-0.20769155,3.44140625,-0.3716954,3.44140625,-1.3379905,3.44140625,-3.6097035e-12,3.44140625,0.23269507,3.44140625,0.43507898,3.44140625,0.6814179
3.443359375,-0.011758863,3.443359375,-0.31823388,3.443359375,0.19703129,3.443359375,-1.1039064,3.443359375,-1.1294704e-12,3.443359375,0.2820131,3.443359375,-0.88328063,3.443359375,1.0564853
3.4453125,-0.34995133,3.4453125,0.7358905,3.4453125,0.2948176,3.4453125,0.2991932,3.4453125,1.8196694e-12,3.4453125,0.355531,3.4453125,-1.7736992,3.4453125,-0.24435347
3.447265625,-0.17532407,3.447265625,1.8568609,3.447265625,-0.3120634,3.447265625,1.3664706,3.447265625,1.037589e-13,3.447265625,0.386555,3.447265625,0.107190244,3.447265625,0.3723679
3.44921875,0.23735708,3.44921875,-1.1432667,3.44921875,-0.1730565,3.44921875,0.9673871,3.44921875,-2.2371215e-12,3.44921875,0.37780654,3.44921875,-0.12921381,3.44921875,-0.34070083
3.451171875,-0.023981871,3.451171875,-1.1728401,3.451171875,0.3795867,3.451171875,-0.45391318,3.451171875,-2.9052951e-12,3.451171875,0.29285482,3.451171875,-0.35160443,3.451171875,0.3773943
3.453125,-0.12411171,3.453125,0.025818652,3.453125,0.024949113,3.453125,-1.370522,3.453125,-2.705855e-12,3.453125,0.2023249,3.453125,1.0646114,3.453125,-0.057371534
3.455078125,-0.10552372,3.455078125,2.3933694,3.455078125,-0.38932136,3.455078125,-0.8144511,3.455078125,5.508907e-13,3.455078125,0.24751934,3.455078125,-0.7969531,3.455078125,-0.9081906
3.45703125,-0.04055323,3.45703125,0.5421752,3.45703125,0.12695655,3.45703125,0.59851336,3.45703125,3.9553443e-12,3.45703125,0.23958652,3.45703125,-0.7802791,3.45703125,0.44093052
3.458984375,0.28501654,3.458984375,-0.46733075,3.458984375,0.33978537,3.458984375,1.3487227,3.458984375,1.7760331e-12,3.458984375,0.13360316,3.458984375,-1.0079751,3.458984375,-0.010318633
3.4609375,0.3920847,3.4609375,-0.2379311,3.4609375,-0.25953424,3.4609375,0.6485554,3.4609375,1.0552887e-12,3.4609375,0.061636902,3.4609375,-0.78000844,3.4609375,-0.3971723
3.462890625,0.4553347,3.462890625,0.5394462,3.462890625,-0.23852015,3.462890625,-0.72845286,3.462890625,-1.2935615e-12,3.462890625,0.25629386,3.462890625,-0.3512086,3.462890625,-1.4319957
3.46484375,0.28690338,3.46484375,1.1483289,3.46484375,0.35260016,3.46484375,-1.3005601,3.46484375,-2.679376e-12,3.46484375,0.26955953,3.46484375,0.29491052,3.46484375,-0.83251745
3.466796875,-0.18459311,3.466796875,0.9173159,3.466796875,0.10094239,3.466796875,-0.47388357,3.466796875,-2.1531375e-12,3.466796875,0.31635615,3.466796875,-1.0911068,3.466796875,0.298259
3.46875,0.1881347,3.46875,-0.5684181,3.46875,-0.39198592,3.46875,0.8394879,3.46875,-4.864802e-12,3.46875,0.31290266,3.46875,0.2041073,3.46875,-0.41243273
3.470703125,-0.062396877,3.470703125,-0.63282317,3.470703125,0.05200294,3.470703125,1.2265321,3.470703125,-3.603325e-12,3.470703125,0.3250811,3.470703125,-0.4684362,3.470703125,-2.7114172
3.47265625,-0.24532938,3.47265625,-0.03482058,3.47265625,0.3716954,3.47265625,0.29520193,3.47265625,-1.6927735e-12,3.47265625,0.22785746,3.47265625,1.8080862,3.47265625,-2.747554
3.474609375,0.34087157,3.474609375,-1.3841529,3.474609375,-0.19703129,3.474609375,-0.92790234,3.474609375,-8.9449406e-13,3.474609375,0.23792759,3.474609375,0.80242836,3.474609375,-1.3260204
3.4765625,-0.46157366,3.4765625,-0.89099026,3.4765625,-0.2948176,3.4765625,-1.1281981,3.4765625,-4.472116e-12,3.4765625,0.122369125,3.4765625,-0.10179626,3.4765625,0.3336727
3.478515625,0.40176198,3.478515625,1.2443053,3.478515625,0.3120634,3.478515625,-0.11766534,3.478515625,-1.0226058e-11,3.478515625,0.23978849,3.478515625,-0.24278016,3.478515625,-0.30797547
3.48046875,-0.038522534,3.48046875,-0.4926359,3.48046875,0.1730565,3.48046875,0.99072814,3.48046875,-6.481746e-12,3.48046875,0.24355793,3.48046875,1.5506682,3.48046875,-1.8176717
3.482421875,0.13720147,3.482421875,-0.34483853,3.482421875,-0.3795867,3.482421875,1.0081695,3.482421875,-2.7641077e-12,3.482421875,0.30629632,3.482421875,2.091994,3.482421875,-1.6338724
3.484375,0.15935393,3.484375,-1.0986472,3.484375,-0.024949113,3.484375,-0.05341912,3.484375,-9.980524e-12,3.484375,0.42641056,3.484375,-0.67323416,3.484375,0.28025812
3.486328125,0.39511773,3.486328125,-1.8140413,3.486328125,0.38932136,3.486328125,-1.0259401,3.486328125,-8.260175e-12,3.486328125,0.5676148,3.486328125,-0.18137754,3.486328125,0.038509805
3.48828125,0.13666968,3.48828125,-0.8858576,3.48828125,-0.12695655,3.48828125,-0.8700328,3.48828125,3.3714774e-12,3.48828125,0.65633106,3.48828125,-2.2278247,3.48828125,0.60966706
3.490234375,0.113933586,3.490234375,0.23918009,3.490234375,-0.33978537,3.490234375,0.21285833,3.490234375,-5.1406037e-13,3.490234375,0.86814636,3.490234375,1.04533,3.490234375,-0.35552207
3.4921875,-0.43334797,3.4921875,1.5754646,3.4921875,0.25953424,3.4921875,1.0326049,3.4921875,-4.8324105e-12,3.4921875,0.86012924,3.4921875,1.0385169,3.4921875,-0.21376592
3.494140625,0.018408023,3.494140625,-0.11648315,3.494140625,0.23852015,3.494140625,0.7182047,3.494140625,6.654637e-13,3.494140625,0.8398371,3.494140625,2.346092,3.494140625,-0.7799606
3.49609375,-0.34983099,3.49609375,0.35180643,3.49609375,-0.35260016,3.49609375,-0.35585135,3.49609375,1.0973619e-12,3.49609375,0.82280546,3.49609375,-0.8893072,3.49609375,0.37028
3.498046875,0.23743376,3.498046875,0.611632,3.498046875,-0.10094239,3.498046875,-1.0109706,3.498046875,-3.870875e-12,3.498046875,0.77152777,3.498046875,-1.4825584,3.498046875,0.7919922
3.5,0.012221921,3.5,0.6816699,3.5,0.39198592,3.5,-0.55772173,3.5,-4.8392544e-12,3.5,0.7368783,3.5,0.5387389,3.5,0.46726227
3.501953125,0.18022779,3.501953125,-0.12506413,3.501953125,-0.05200294,3.501953125,0.4782589,3.501953125,-6.1771022e-12,3.501953125,0.68440545,3.501953125,-0.5242366,3.501953125,-0.049902882
3.50390625,-0.45832708,3.50390625,0.067028545,3.50390625,-0.3716954,3.50390625,0.9624793,3.50390625,-1.4312702e-11,3.50390625,0.6038006,3.50390625,0.04778649,3.50390625,0.43621728
3.505859375,-0.41520798,3.505859375,0.64177585,3.505859375,0.19703129,3.505859375,0.3939766,3.505859375,-1.6865455e-11,3.505859375,0.49604902,3.505859375,0.7526941,3.505859375,-0.5257567
3.5078125,0.21632339,3.5078125,1.9014806,3.5078125,0.2948176,3.5078125,-0.576841,3.5078125,-6.1628697e-12,3.5078125,0.37110004,3.5078125,0.691244,3.5078125,-0.2543674
3.509765625,-0.42791566,3.509765625,-0.43135732,3.509765625,-0.3120634,3.509765625,-0.8896988,3.509765625,-8.5181705e-12,3.509765625,0.44901496,3.509765625,0.115284994,3.509765625,0.8336561
3.51171875,-0.42874327,3.51171875,2.3672984,3.51171875,-0.1730565,3.51171875,-0.23241721,3.51171875,-9.041409e-12,3.51171875,0.5087634,3.51171875,-0.120572075,3.51171875,0.9627628
3.513671875,-0.48789153,3.513671875,-0.38756573,3.513671875,0.3795867,3.513671875,0.64943916,3.513671875,-3.849594e-13,3.513671875,0.48568606,3.513671875,-1.6393731,3.513671875,2.1714575
3.515625,0.4565014,3.515625,-1.1832868,3.515625,0.024949113,3.515625,0.79616976,3.515625,-6.8358106e-12,3.515625,0.42736462,3.515625,1.0051115,3.515625,1.9844656
3.517578125,0.23750836,3.517578125,0.32798424,3.517578125,-0.38932136,3.517578125,0.07823406,3.517578125,-1.1971844e-11,3.517578125,0.46341738,3.517578125,-0.79518175,3.517578125,0.43458688
3.51953125,-0.14674859,3.51953125,0.64992833,3.51953125,0.12695655,3.51953125,-0.6950822,3.51953125,-7.0386253e-12,3.51953125,0.39977774,3.51953125,-0.14011048,3.51953125,0.6719591
3.521484375,-0.20346442,3.521484375,-0.8305015,3.521484375,0.33978537,3.521484375,-0.68617594,3.521484375,-3.3409744e-12,3.521484375,0.37387267,3.521484375,1.0941958,3.521484375,1.7173408
3.5234375,-0.15029678,3.5234375,-1.1555641,3.5234375,-0.25953424,3.5234375,0.06393776,3.5234375,-3.4176323e-12,3.5234375,0.37021333,3.5234375,-0.24977031,3.5234375,2.22916
3.525390625,0.27465352,3.525390625,0.15370147,3.525390625,-0.23852015,3.525390625,0.71400094,3.525390625,-6.373629e-12,3.525390625,0.38305855,3.525390625,0.4822285,3.525390625,0.040211603
3.52734375,0.1613706,3.52734375,-0.037948404,3.52734375,0.35260016,3.52734375,0.56445557,3.52734375,-5.914237e-12,3.52734375,0.38877407,3.52734375,1.206537,3.52734375,-0.27741453
3.529296875,-0.31480443,3.529296875,-0.13395496,3.529296875,0.10094239,3.529296875,-0.19027063,3.529296875,-4.3623312e-12,3.529296875,0.41177043,3.529296875,0.20856203,3.529296875,-0.02940851
3.53125,-0.32589066,3.53125,-0.6988559,3.53125,-0.39198592,3.53125,-0.7075429,3.53125,-3.932397e-12,3.53125,0.38621935,3.53125,1.3049699,3.53125,3.2973895
3.533203125,-0.40160435,3.533203125,-0.026885545,3.533203125,0.05200294,3.533203125,-0.4358776,3.533203125,-3.316965e-12,3.533203125,0.26739633,3.533203125,0.4900296,3.533203125,-0.38758928
3.53515625,0.16030271,3.53515625,0.961734,3.53515625,0.3716954,3.53515625,0.29792222,3.53515625,-3.1797297e-12,3.53515625,0.14149088,3.53515625,-1.051179,3.53515625,0.693719
3.537109375,0.26437268,3.537109375,-0.23627758,3.537109375,-0.19703129,3.537109375,0.6779921,3.537109375,-1.0933679e-11,3.537109375,0.20268548,3.537109375,0.71608377,3.537109375,-0.31026423
3.5390625,-0.23495357,3.5390625,-1.6542873,3.5390625,-0.2948176,3.5390625,0.30511785,3.5390625,-1.0111762e-11,3.5390625,0.061462868,3.5390625,-0.43542284,3.5390625,1.7767152
3.541015625,-0.47905505,3.541015625,-1.1248351,3.541015625,0.3120634,3.541015625,-0.38511533,3.541015625,-4.342743e-12,3.541015625,-0.051687896,3.541015625,0.27426758,3.541015625,1.4320983
3.54296875,-0.41782832,3.54296875,-0.21895625,3.54296875,0.1730565,3.54296875,-0.62830806,3.54296875,-1.0630696e-11,3.54296875,-0.11027632,3.54296875,0.26133296,3.54296875,1.0256436
3.544921875,0.46786004,3.544921875,-0.26013014,3.544921875,-0.3795867,3.544921875,-0.1763708,3.544921875,-5.3850292e-12,3.544921875,-0.21121304,3.544921875,1.1225656,3.544921875,0.20535706
3.546875,-0.20455523,3.546875,-0.3805133,3.546875,-0.024949113,3.546875,0.4511057,3.546875,1.3138085e-12,3.546875,-0.25088048,3.546875,-0.1637784,3.546875,-1.311553
3.548828125,0.26922315,3.548828125,3.0076072,3.548828125,0.38932136,3.548828125,0.5618124,3.548828125,-2.8846884e-12,3.548828125,-0.44836688,3.548828125,-0.8020373,3.548828125,0.15701607
3.55078125,0.12466357,3.55078125,1.1711168,3.55078125,-0.12695655,3.55078125,0.05313543,3.55078125,-2.4924852e-12,3.55078125,-0.40913785,3.55078125,1.5554249,3.55078125,-0.2610381
3.552734375,-0.11806036,3.552734375,-1.1278033,3.552734375,-0.33978537,3.552734375,-0.49603647,3.552734375,-3.2264577e-12,3.552734375,-0.55224955,3.552734375,0.052831102,3.552734375,0.2968142
3.5546875,-0.29431275,3.5546875,0.19809334,3.5546875,0.25953424,3.5546875,-0.48186177,3.5546875,-1.0197317e-11,3.5546875,-0.5070385,3.5546875,0.67244315,3.5546875,-1.1682409
3.556640625,-0.3786136,3.556640625,1.5826135,3.556640625,0.23852015,3.556640625,0.061892465,3.556640625,-5.0057163e-12,3.556640625,-0.43477678,3.556640625,-0.8398395,3.556640625,-1.4758242
3.55859375,0.115012966,3.55859375,0.73010063,3.55859375,-0.35260016,3.55859375,0.5206939,3.55859375,-2.3021654e-12,3.55859375,-0.37539193,3.55859375,2.123294,3.55859375,-0.08340686
3.560546875,0.2746338,3.560546875,1.5725508,3.560546875,-0.10094239,3.560546875,0.3915532,3.560546875,-5.0216294e-12,3.560546875,-0.20031893,3.560546875,1.0496781,3.560546875,-1.033558
3.5625,0.14390425,3.5625,-0.7794508,3.5625,0.39198592,3.5625,-0.16679978,3.5625,-3.1883762e-12,3.5625,-0.0600545,3.5625,0.691964,3.5625,-2.8819916
3.564453125,0.030302133,3.564453125,1.4442251,3.564453125,-0.05200294,3.564453125,-0.52619624,3.564453125,-1.9518908e-13,3.564453125,-0.07367603,3.564453125,1.5103807,3.564453125,-1.2856865
3.56640625,-0.4580488,3.56640625,0.61644953,3.56640625,-0.3716954,3.56640625,-0.29351023,3.56640625,1.7714162e-12,3.56640625,-0.1163026,3.56640625,1.6986079,3.56640625,-0.8220754
3.568359375,0.46848878,3.568359375,1.6001527,3.568359375,0.19703129,3.568359375,0.260302,3.568359375,3.2077685e-13,3.568359375,-0.026664317,3.568359375,0.11287011,3.568359375,1.2268237
3.5703125,0.2987142,3.5703125,0.029402731,3.5703125,0.2948176,3.5703125,0.51366204,3.5703125,-5.4289225e-12,3.5703125,-0.19343342,3.5703125,1.5809397,3.5703125,-2.0851653
3.572265625,-0.20717797,3.572265625,-0.25294653,3.572265625,-0.3120634,3.572265625,0.18979363,3.572265625,-4.670357e-12,3.572265625,-0.17686279,3.572265625,1.54612,3.572265625,-2.3768735
3.57421875,0.47997034,3.57421875,-2.4375603,3.57421875,-0.1730565,3.57421875,-0.3414705,3.57421875,-4.6762507e-12,3.57421875,-0.11333368,3.57421875,-0.09643104,3.57421875,-1.7178872
3.576171875,0.101881586,3.576171875,0.93082434,3.576171875,0.3795867,3.576171875,-0.48391682,3.576171875,-1.2259588e-11,3.576171875,-0.21991955,3.576171875,-0.07812636,3.576171875,1.635214
3.578125,0.08242266,3.578125,-0.34003696,3.578125,0.024949113,3.578125,-0.08196672,3.578125,-1.1266313e-11,3.578125,-0.24844326,3.578125,-0.7928081,3.578125,-0.951969
3.580078125,0.24807318,3.580078125,-1.2154294,3.580078125,-0.38932136,3.580078125,0.40937918,3.580078125,-6.2567894e-12,3.580078125,-0.16817272,3.580078125,-0.48723474,3.580078125,-1.5217389
3.58203125,0.31176978,3.58203125,1.7094461,3.58203125,0.12695655,3.58203125,0.43730104,3.58203125,-1.2930903e-11,3.58203125,-0.054508384,3.58203125,0.21248853,3.58203125,-2.2372096
3.583984375,0.15647861,3.583984375,1.2190744,3.583984375,0.33978537,3.583984375,-0.028674185,3.583984375,-1.4142235e-11,3.583984375,-0.026532155,3.583984375,-0.09172405,3.583984375,-2.4201589
3.5859375,-0.37190425,3.5859375,0.6529794,3.5859375,-0.25953424,3.5859375,-0.46273014,3.5859375,-5.3638166e-12,3.5859375,-0.005490241,3.5859375,0.14984691,3.5859375,-0.73446727
3.587890625,-0.1617325,3.587890625,0.10706344,3.587890625,-0.23852015,3.587890625,-0.37363756,3.587890625,9.621443e-15,3.587890625,0.14224699,3.587890625,-1.5060337,3.587890625,0.50069255
3.58984375,0.42808363,3.58984375,1.4114012,3.58984375,0.35260016,3.58984375,0.14072187,3.58984375,-4.4192048e-13,3.58984375,0.07909426,3.58984375,0.44810778,3.58984375,-0.66409427
3.591796875,-0.2753844,3.591796875,-2.219803,3.591796875,0.10094239,3.591796875,0.49953455,3.591796875,-4.3638344e-12,3.591796875,-0.023714118,3.591796875,1.7191675,3.591796875,-0.5881883
3.59375,-0.12783298,3.59375,-0.20458378,3.59375,-0.39198592,3.59375,0.2924011,3.59375,-1.062787e-11,3.59375,-0.1670696,3.59375,-0.8308622,3.59375,-0.74691355
3.595703125,-0.06792311,3.595703125,0.33397445,3.595703125,0.05200294,3.595703125,-0.25218126,3.595703125,-4.849632e-12,3.595703125,-0.1475116,3.595703125,-0.92927223,3.595703125,-0.3356452
3.59765625,-0.06059501,3.59765625,-1.8800402,3.59765625,0.3716954,3.59765625,-0.5169336,3.59765625,-5.7196205e-12,3.59765625,-0.13002415,3.59765625,-1.249073,3.59765625,-0.3849844
3.599609375,0.11293958,3.599609375,-0.6314558,3.599609375,-0.19703129,3.599609375,-0.19310504,3.599609375,-1.1989768e-11,3.599609375,-0.07104266,3.599609375,-1.0037034,3.599609375,-0.09132099
3.6015625,0.44307584,3.6015625,-0.18225455,3.6015625,-0.2948176,3.6015625,0.3599722,3.6015625,-6.6092327e-12,3.6015625,0.032511756,3.6015625,0.4611599,3.6015625,0.021866256
3.603515625,-0.2593073,3.603515625,-1.6568704,3.603515625,0.3120634,3.603515625,0.511239,3.603515625,-3.6312017e-12,3.603515625,-0.11542894,3.603515625,1.3164736,3.603515625,-0.19566448
3.60546875,-0.3784986,3.60546875,1.331646,3.60546875,0.1730565,3.60546875,0.075884126,3.60546875,-4.828096e-12,3.60546875,0.025807234,3.60546875,0.075990625,3.60546875,0.05305192
3.607421875,-0.3025295,3.607421875,0.04719235,3.607421875,-0.3795867,3.607421875,-0.45951518,3.607421875,-3.9491075e-12,3.607421875,0.15439335,3.607421875,1.4646013,3.607421875,0.43126556
3.609375,0.3869249,3.609375,1.6026554,3.609375,-0.024949113,3.609375,-0.47825208,3.609375,-6.3471086e-12,3.609375,0.1831606,3.609375,0.2601906,3.609375,0.22361584
3.611328125,0.14581081,3.611328125,0.5339368,3.611328125,0.38932136,3.611328125,0.057791017,3.611328125,-5.3368408e-12,3.611328125,0.19579427,3.611328125,0.74717325,3.611328125,1.1920199
3.61328125,-0.21409321,3.61328125,1.5985557,3.61328125,-0.12695655,3.61328125,0.54451627,3.61328125,-1.08216405e-11,3.61328125,0.17161272,3.61328125,2.55324,3.61328125,2.499325
3.615234375,0.31594694,3.615234375,-0.08325004,3.615234375,-0.33978537,3.615234375,0.4138866,3.615234375,-5.478978e-12,3.615234375,0.2583739,3.615234375,-1.2954799,3.615234375,-0.7445304
3.6171875,0.36137,3.6171875,0.08124669,3.6171875,0.25953424,3.6171875,-0.20437437,3.6171875,2.9350526e-12,3.6171875,0.2517709,3.6171875,-0.87768215,3.6171875,0.116073325
3.619140625,0.34651434,3.619140625,-1.8684763,3.619140625,0.23852015,3.619140625,-0.60706216,3.619140625,-3.127201e-12,3.619140625,0.28167617,3.619140625,0.76799,3.619140625,0.21932596
3.62109375,0.41892654,3.62109375,0.33291858,3.62109375,-0.35260016,3.62109375,-0.3150665,3.62109375,-4.6001493e-12,3.62109375,0.25698718,3.62109375,0.6917286,3.62109375,2.7213914
3.623046875,-0.24775898,3.623046875,-1.4942958,3.623046875,-0.10094239,3.623046875,0.35762227,3.623046875,-2.8546525e-12,3.623046875,0.32024115,3.623046875,0.46846446,3.623046875,2.7833967
3.625,0.25504193,3.625,0.44974896,3.625,0.39198592,3.625,0.63811094,3.625,-9.750089e-13,3.625,0.27669933,3.625,0.2547076,3.625,0.28757417
3.626953125,-0.039460503,3.626953125,0.18938428,3.626953125,-0.05200294,3.626953125,0.18081446,3.626953125,-1.763566e-12,3.626953125,0.2244786,3.626953125,-0.18848662,3.626953125,-0.24429856
3.62890625,0.34199855,3.62890625,-1.632009,3.62890625,-0.3716954,3.62890625,-0.5082498,3.62890625,-2.2664754e-12,3.62890625,0.16735949,3.62890625,0.556812,3.62890625,-7.4412026e-05
3.630859375,0.22849068,3.630859375,0.83356714,3.630859375,0.19703129,3.630859375,-0.62841547,3.630859375,-4.865777e-12,3.630859375,0.17847076,3.630859375,-0.2740788,3.630859375,2.3271308
3.6328125,0.27644745,3.6328125,-1.6724128,3.6328125,0.2948176,3.6328125,-0.013385142,3.6328125,-8.8721966e-13,3.6328125,0.25602368,3.6328125,-1.4473994,3.6328125,2.4158766
3.634765625,0.15616184,3.634765625,0.0042944765,3.634765625,-0.3120634,3.634765625,0.6440235,3.634765625,4.250139e-12,3.634765625,0.27379563,3.634765625,0.80293596,3.634765625,1.9171897
3.63671875,-0.32257122,3.63671875,0.23575673,3.63671875,-0.1730565,3.63671875,0.5698465,3.63671875,2.3557707e-12,3.63671875,0.26933846,3.63671875,0.5313934,3.63671875,-0.14057751
3.638671875,0.04502692,3.638671875,-0.6312,3.638671875,0.3795867,3.638671875,-0.18075424,3.638671875,-6.04618e-13,3.638671875,0.068350464,3.638671875,-1.3441279,3.638671875,0.66349196
3.640625,0.48466974,3.640625,2.3081088,3.640625,0.024949113,3.640625,-0.7504129,3.640625,5.3351906e-12,3.640625,0.20401302,3.640625,0.5847324,3.640625,0.85343933
3.642578125,0.43738806,3.642578125,-0.77227306,3.642578125,-0.38932136,3.642578125,-0.45700327,3.642578125,9.942115e-12,3.642578125,0.22066301,3.642578125,0.3279484,3.642578125,0.6991599
3.64453125,-0.45682627,3.64453125,-0.18309578,3.64453125,0.12695655,3.64453125,0.39032033,3.64453125,3.6073377e-12,3.64453125,0.057294715,3.64453125,-0.6406291,3.64453125,1.625704
3.646484375,-0.33518517,3.646484375,-1.4992796,3.646484375,0.33978537,3.646484375,0.8118594,3.646484375,8.29047e-12,3.646484375,0.029157253,3.646484375,-0.736316,3.646484375,-0.024544617
3.6484375,-0.36827123,3.6484375,1.6033641,3.6484375,-0.25953424,3.6484375,0.2889114,3.6484375,1.4398334e-11,3.6484375,0.16238937,3.6484375,0.2446918,3.6484375,-0.30855072
3.650390625,0.22597991,3.650390625,-0.8947182,3.650390625,-0.23852015,3.650390625,-0.5992094,3.650390625,3.9014217e-12,3.650390625,0.16732751,3.650390625,-0.35355517,3.650390625,-1.1764121
3.65234375,0.31778532,3.65234375,0.4958808,3.65234375,0.35260016,3.65234375,-0.81362575,3.65234375,3.0904329e-12,3.65234375,0.19281302,3.65234375,0.60161114,3.65234375,0.18407375
3.654296875,-0.28648862,3.654296875,-0.56891567,3.654296875,0.10094239,3.654296875,-0.07054023,3.654296875,1.0711399e-11,3.654296875,0.21832877,3.654296875,-1.3305053,3.654296875,0.27823806
3.65625,0.0058526928,3.65625,0.45634568,3.65625,-0.39198592,3.65625,0.7872698,3.65625,7.529603e-12,3.65625,0.33916834,3.65625,0.11832755,3.65625,-0.2757294
3.658203125,0.34070304,3.658203125,-0.8691959,3.658203125,0.05200294,3.658203125,0.7440754,3.658203125,4.8462154e-12,3.658203125,0.42274857,3.658203125,-0.47417176,3.658203125,1.089913
3.66015625,0.23280154,3.66015625,-0.6584731,3.66015625,0.3716954,3.66015625,-0.1861737,3.66015625,4.215454e-12,3.66015625,0.39044866,3.66015625,-0.5342504,3.66015625,-0.057838693
3.662109375,0.042237207,3.662109375,-1.1106862,3.662109375,-0.19703129,3.662109375,-0.93193865,3.662109375,9.35364e-13,3.662109375,0.43951058,3.662109375,1.1489136,3.662109375,-2.4837778
3.6640625,0.09034769,3.6640625,0.88634384,3.6640625,-0.2948176,3.6640625,-0.5971179,3.6640625,5.218586e-12,3.6640625,0.320445,3.6640625,-1.3928549,3.6640625,-1.1417389
3.666015625,0.008360547,3.666015625,-1.4763656,3.666015625,0.3120634,3.666015625,0.46210486,3.666015625,1.21754e-11,3.666015625,0.3130498,3.666015625,0.12669535,3.666015625,-0.2574198
3.66796875,-0.20245154,3.66796875,-0.1278463,3.66796875,0.1730565,3.66796875,1.0107045,3.66796875,1.327763e-11,3.66796875,0.31245184,3.66796875,-0.896931,3.66796875,-0.7184852
3.669921875,0.06502199,3.669921875,-1.5265363,3.669921875,-0.3795867,3.669921875,0.37445223,3.669921875,6.1596587e-12,3.669921875,0.20947334,3.669921875,-0.31885743,3.669921875,-2.3625033
3.671875,0.1888853,3.671875,-0.8495596,3.671875,-0.024949113,3.671875,-0.7317695,3.671875,1.5419341e-12,3.671875,0.2795805,3.671875,-0.5002088,3.671875,-2.7917001
3.673828125,0.3733229,3.673828125,0.0994806,3.673828125,0.38932136,3.673828125,-1.0041995,3.673828125,3.2521683e-12,3.673828125,0.19122955,3.673828125,0.17348233,3.673828125,-1.9685875
3.67578125,0.13629135,3.67578125,0.8166604,3.67578125,-0.12695655,3.67578125,-0.08718459,3.67578125,3.7025795e-12,3.67578125,0.14647828,3.67578125,-0.19766288,3.67578125,0.5080979
3.677734375,0.26112154,3.677734375,-0.082905166,3.677734375,-0.33978537,3.677734375,0.96533865,3.677734375,3.83703e-12,3.677734375,0.13888429,3.677734375,0.34186736,3.677734375,-1.3375659
3.6796875,-0.33992836,3.6796875,0.21136506,3.6796875,0.25953424,3.6796875,0.8995702,3.6796875,1.510738e-12,3.6796875,0.12495016,3.6796875,0.98051757,3.6796875,-1.2763379
3.681640625,-0.038442526,3.681640625,0.46209416,3.681640625,0.23852015,3.681640625,-0.24360207,3.681640625,1.5122174e-12,3.681640625,0.043997675,3.681640625,0.8351679,3.681640625,-2.3606753
3.68359375,-0.4906684,3.68359375,-0.6459386,3.68359375,-0.35260016,3.68359375,-1.1317905,3.68359375,2.8847625e-12,3.68359375,-0.018821832,3.68359375,-0.15892266,3.68359375,-1.6410671
3.685546875,-0.25332114,3.685546875,-0.5277301,3.685546875,-0.10094239,3.685546875,-0.6936358,3.685546875,-3.0315943e-13,3.685546875,0.03921108,3.685546875,0.508099,3.685546875,-1.0244911
3.6875,0.22646171,3.6875,-1.5861965,3.6875,0.39198592,3.6875,0.58766997,3.6875,-3.240759e-12,3.6875,0.2844543,3.6875,-1.433881,3.6875,0.9050052
3.689453125,0.49180996,3.689453125,-0.30327216,3.689453125,-0.05200294,3.689453125,1.2029507,3.689453125,-1.9073705e-12,3.689453125,0.27381027,3.689453125,0.040571034,3.689453125,-0.31066343
3.69140625,-0.4008219,3.69140625,1.256879,3.69140625,-0.3716954,3.69140625,0.39526728,3.69140625,2.2696031e-12,3.69140625,0.28870472,3.69140625,-1.633162,3.69140625,-2.00373
3.693359375,-0.09850568,3.693359375,-0.46061003,3.693359375,0.19703129,3.693359375,-0.90802175,3.693359375,3.194745e-13,3.693359375,0.45921135,3.693359375,1.2302542,3.693359375,-0.25861517
3.6953125,0.30007097,3.6953125,0.5383736,3.6953125,0.2948176,3.6953125,-1.1579554,3.6953125,-2.2153635e-12,3.6953125,0.36910442,3.6953125,-1.4421291,3.6953125,2.6778986
3.697265625,-0.29596436,3.697265625,1.6539472,3.697265625,-0.3120634,3.697265625,-0.026423436,3.697265625,8.888731e-12,3.697265625,0.24431466,3.697265625,0.026275551,3.697265625,0.32300937
3.69921875,0.055084947,3.69921875,-0.8989671,3.69921875,-0.1730565,3.69921875,1.1648186,3.69921875,6.025141e-12,3.69921875,0.3395073,3.69921875,-0.1841655,3.69921875,0.34259054
3.701171875,0.2330713,3.701171875,-1.6040759,3.701171875,0.3795867,3.701171875,0.98749536,3.701171875,1.1901045e-12,3.701171875,0.25430658,3.701171875,-1.1465625,3.701171875,0.18604285
3.703125,0.11598545,3.703125,-1.2397906,3.703125,0.024949113,3.703125,-0.37861222,3.703125,1.05477745e-11,3.703125,0.1611759,3.703125,1.2126144,3.703125,-1.0755062
3.705078125,-0.31197527,3.705078125,-0.13340057,3.705078125,-0.38932136,3.705078125,-1.3204956,3.705078125,1.2386679e-11,3.705078125,0.059027106,3.705078125,-0.1991345,3.705078125,0.6876757
3.70703125,-0.14461543,3.70703125,0.4631337,3.70703125,0.12695655,3.70703125,-0.69709474,3.70703125,4.842957e-12,3.70703125,-0.026438672,3.70703125,-1.124649,3.70703125,-0.065804824
3.708984375,0.28379178,3.708984375,1.4743916,3.708984375,0.33978537,3.708984375,0.7760324,3.708984375,3.4547072e-12,3.708984375,0.11773403,3.708984375,-0.31468305,3.708984375,-0.14260939
3.7109375,0.054226514,3.7109375,-0.6577733,3.7109375,-0.25953424,3.7109375,1.3454654,3.7109375,1.117513e-11,3.7109375,0.07589791,3.7109375,-0.18658483,3.7109375,0.44646418
3.712890625,-0.49477038,3.712890625,-0.71630883,3.712890625,-0.23852015,3.712890625,0.30869326,3.712890625,1.5092087e-11,3.712890625,0.079323895,3.712890625,-0.083100565,3.712890625,0.94429255
3.71484375,0.26099077,3.71484375,-1.5431046,3.71484375,0.35260016,3.71484375,-1.117276,3.71484375,1.3458276e-11,3.71484375,0.19611838,3.71484375,-0.8623346,3.71484375,-0.21161368
3.716796875,-0.46468866,3.716796875,-1.819928,3.716796875,0.10094239,3.716796875,-1.2235816,3.716796875,1.446792e-11,3.716796875,0.17061175,3.716796875,-0.9063714,3.716796875,0.50189525
3.71875,0.24573378,3.71875,0.083681025,3.71875,-0.39198592,3.71875,0.14005008,3.71875,8.714785e-12,3.71875,0.16691087,3.71875,-1.1347578,3.71875,1.9208735
3.720703125,-0.29751945,3.720703125,-0.3086099,3.720703125,0.05200294,3.720703125,1.3553381,3.720703125,9.83312e-12,3.720703125,0.13416281,3.720703125,0.15521698,3.720703125,0.84011936
3.72265625,0.45807347,3.72265625,0.30655804,3.72265625,0.3716954,3.72265625,0.9564013,3.72265625,1.6561608e-11,3.72265625,0.028184146,3.72265625,0.46162185,3.72265625,1.2431136
3.724609375,-0.13205925,3.724609375,1.7144191,3.724609375,-0.19703129,3.724609375,-0.59902525,3.724609375,1.0929957e-11,3.724609375,-0.04866225,3.724609375,0.2773757,3.724609375,1.9892254
3.7265625,-0.17306839,3.7265625,0.009820567,3.7265625,-0.2948176,3.7265625,-1.4518358,3.7265625,1.2034443e-11,3.7265625,-0.09464477,3.7265625,-0.5225937,3.7265625,0.13988772
3.728515625,-0.35111195,3.728515625,-0.41305542,3.728515625,0.3120634,3.728515625,-0.5653277,3.728515625,1.4791349e-11,3.728515625,-0.11994156,3.728515625,0.5204196,3.728515625,-0.41418895
3.73046875,-0.19439578,3.73046875,0.26645043,3.73046875,0.1730565,3.73046875,1.0113997,3.73046875,8.29221e-12,3.73046875,-0.05730639,3.73046875,0.61127174,3.73046875,-0.022363113
3.732421875,0.37665075,3.732421875,1.6543462,3.732421875,-0.3795867,3.732421875,1.383763,3.732421875,7.495244e-12,3.732421875,-0.15833941,3.732421875,0.28234994,3.732421875,0.65242696
3.734375,0.49633434,3.734375,-0.7051838,3.734375,-0.024949113,3.734375,0.09091744,3.734375,1.35214374e-11,3.734375,-0.059996653,3.734375,-0.44471046,3.734375,0.93714917
3.736328125,-0.13169047,3.736328125,0.027556984,3.736328125,0.38932136,3.736328125,-1.3212372,3.736328125,9.924537e-12,3.736328125,-0.0544419,3.736328125,-0.4295114,3.736328125,1.0664843
3.73828125,-0.05138937,3.73828125,0.81039953,3.73828125,-0.12695655,3.73828125,-1.1487424,3.73828125,3.151569e-12,3.73828125,-0.21993326,3.73828125,-0.029172549,3.73828125,-0.62095475
3.740234375,0.22207093,3.740234375,0.8087343,3.740234375,-0.33978537,3.740234375,0.41097188,3.740234375,2.887846e-12,3.740234375,-0.1413304,3.740234375,0.17622897,3.740234375,-0.49861023
3.7421875,0.38619578,3.7421875,1.6511197,3.7421875,0.25953424,3.7421875,1.481996,3.7421875,1.0087742e-12,3.7421875,-0.031135231,3.7421875,0.47028843,3.7421875,1.3936474
3.744140625,0.09304433,3.744140625,-0.3997942,3.744140625,0.23852015,3.744140625,0.7676434,3.744140625,2.1481202e-12,3.744140625,0.015485023,3.744140625,-0.086722575,3.744140625,1.7039287
3.74609375,-0.1084743,3.74609375,-0.7845561,3.74609375,-0.35260016,3.74609375,-0.8760016,3.74609375,4.514789e-12,3.74609375,-0.08568114,3.74609375,-0.57091564,3.74609375,0.20564795
3.748046875,-0.08737816,3.748046875,2.2599363,3.748046875,-0.10094239,3.748046875,-1.4645722,3.748046875,1.0674502e-11,3.748046875,-0.07294703,3.748046875,-0.7765802,3.748046875,-0.3321503
3.75,0.19561815,3.75,0.30761418,3.75,0.39198592,3.75,-0.28373986,3.75,5.5381086e-12,3.75,0.09671993,3.75,0.52658784,3.75,0.05182567
3.751953125,-0.49678174,3.751953125,-0.18711987,3.751953125,-0.05200294,3.751953125,1.2403738,3.751953125,-2.1255431e-13,3.751953125,0.26490787,3.751953125,1.2757943,3.751953125,0.89242184
3.75390625,0.119589336,3.75390625,0.05905564,3.75390625,-0.3716954,3.75390625,1.2634273,3.75390625,5.2870386e-12,3.75390625,0.34053376,3.75390625,0.92076665,3.75390625,-0.18712148
3.755859375,-0.14450699,3.755859375,0.5559481,3.755859375,0.19703129,3.755859375,-0.24190909,3.755859375,1.01002436e-11,3.755859375,0.2741493,3.755859375,-1.0000015,3.755859375,-0.4656325
3.7578125,0.29419732,3.7578125,-1.06832,3.7578125,0.2948176,3.7578125,-1.4507674,3.7578125,3.4903986e-13,3.7578125,0.30836296,3.7578125,0.30837628,3.7578125,-0.62178755
3.759765625,-0.40700936,3.759765625,-1.3852159,3.759765625,-0.3120634,3.759765625,-0.8994789,3.759765625,-1.5029716e-12,3.759765625,0.024828704,3.759765625,0.11998833,3.759765625,0.041135166
3.76171875,0.08820227,3.76171875,-0.054434888,3.76171875,-0.1730565,3.76171875,0.73852205,3.76171875,-9.324146e-13,3.76171875,-0.03607948,3.76171875,1.2928939,3.76171875,-0.5056139
3.763671875,-0.01902711,3.763671875,-0.049246095,3.763671875,0.3795867,3.763671875,1.4735461,3.763671875,-6.740818e-13,3.763671875,-0.17382355,3.763671875,1.3560421,3.763671875,-1.009992
3.765625,0.14232552,3.765625,-1.4083228,3.765625,0.024949113,3.765625,0.41885203,3.765625,3.0251585e-12,3.765625,-0.035430185,3.765625,-0.5032932,3.765625,-1.1368256
3.767578125,-0.4351464,3.767578125,1.2022709,3.767578125,-0.38932136,3.767578125,-1.1360718,3.767578125,2.5480091e-12,3.767578125,-0.036610182,3.767578125,-0.34758237,3.767578125,-0.25107256
3.76953125,0.079983786,3.76953125,1.5934656,3.76953125,0.12695655,3.76953125,-1.3015138,3.76953125,-1.2393386e-12,3.76953125,-0.05092347,3.76953125,-0.7194514,3.76953125,-0.56877804
3.771484375,0.061484586,3.771484375,-0.27938735,3.771484375,0.33978537,3.771484375,0.11275075,3.771484375,-3.3548563e-12,3.771484375,0.066276535,3.771484375,1.2753644,3.771484375,-3.0597687
3.7734375,0.060660094,3.7734375,-2.098,3.7734375,-0.25953424,3.7734375,1.3765594,3.7734375,-1.1464328e-12,3.7734375,0.018991275,3.7734375,1.3408449,3.7734375,-1.212209
3.775390625,0.10348766,3.775390625,-2.2925818,3.775390625,-0.23852015,3.775390625,0.95673645,3.775390625,1.844063e-12,3.775390625,-0.021024745,3.775390625,0.8060825,3.775390625,-2.4425561
3.77734375,0.17646794,3.77734375,1.3026766,3.77734375,0.35260016,3.77734375,-0.61949545,3.77734375,-2.3045656e-12,3.77734375,-0.04046119,3.77734375,-0.54681253,3.77734375,-0.2759659
3.779296875,0.304989,3.779296875,-0.09903527,3.779296875,0.10094239,3.779296875,-1.4241182,3.779296875,-5.4783344e-12,3.779296875,0.11350025,3.779296875,0.36026925,3.779296875,-0.8028503
3.78125,-0.23017928,3.78125,-0.11205652,3.78125,-0.39198592,3.78125,-0.48853177,3.78125,-1.3011069e-12,3.78125,0.11538422,3.78125,1.1368455,3.78125,-2.3877542
3.783203125,0.3250494,3.783203125,-0.5978005,3.783203125,0.05200294,3.783203125,1.0273165,3.783203125,-3.9793364e-12,3.783203125,0.14599693,3.783203125,0.28033876,3.783203125,-2.473951
3.78515625,-0.0017443177,3.78515625,0.034558903,3.78515625,0.3716954,3.78515625,1.2719862,3.78515625,5.6045484e-13,3.78515625,0.06913439,3.78515625,0.3296062,3.78515625,-0.5774354
3.787109375,-0.4229417,3.787109375,-0.4165215,3.787109375,-0.19703129,3.787109375,-0.033437274,3.787109375,3.6582425e-12,3.787109375,0.12143299,3.787109375,-0.25930578,3.787109375,-0.9749784
3.7890625,-0.44144908,3.7890625,-0.21589394,3.7890625,-0.2948176,3.7890625,-1.2762816,3.7890625,1.6807602e-12,3.7890625,0.26161307,3.7890625,0.7519115,3.7890625,-1.0480909
3.791015625,-0.16576168,3.791015625,-0.16583002,3.791015625,0.3120634,3.791015625,-0.94479024,3.791015625,5.3619007e-13,3.791015625,0.15091617,3.791015625,-0.39740396,3.791015625,0.35246992
3.79296875,0.28489697,3.79296875,-1.5512894,3.79296875,0.1730565,3.79296875,0.5300733,3.79296875,3.1786884e-12,3.79296875,0.21629296,3.79296875,0.48481897,3.79296875,-1.5507276
3.794921875,0.20768094,3.794921875,-0.14927949,3.794921875,-0.3795867,3.794921875,1.3311471,3.794921875,6.020586e-12,3.794921875,0.2790507,3.794921875,0.45247218,3.794921875,-0.58316815
3.796875,0.28861496,3.796875,0.1998664,3.796875,-0.024949113,3.796875,0.49536023,3.796875,4.7356567e-12,3.796875,0.09765783,3.796875,-0.121275865,3.796875,-0.5486583
3.798828125,0.017269056,3.798828125,0.75019157,3.798828125,0.38932136,3.798828125,-0.9259931,3.798828125,2.84473e-12,3.798828125,0.025329081,3.798828125,-0.19565126,3.798828125,0.9087573
3.80078125,-0.059801,3.80078125,-0.20508057,3.80078125,-0.12695655,3.80078125,-1.1879804,3.80078125,3.130814e-12,3.80078125,-0.058704607,3.80078125,-1.8269099,3.80078125,1.1914968
3.802734375,-0.35254747,3.802734375,-1.2159586,3.802734375,-0.33978537,3.802734375,0.003681307,3.802734375,1.354859e-12,3.802734375,0.04796421,3.802734375,0.30538946,3.802734375,-0.8190909
3.8046875,-0.17180724,3.8046875,-1.5143527,3.8046875,0.25953424,3.8046875,1.1625487,3.8046875,-2.2933276e-12,3.8046875,0.028272433,3.8046875,-0.09215999,3.8046875,1.1379986
3.806640625,-0.065980636,3.806640625,-1.3863578,3.806640625,0.23852015,3.806640625,0.87534827,3.806640625,-8.4518254e-13,3.806640625,0.13718194,3.806640625,-1.9250635,3.806640625,-1.6715523
3.80859375,-0.41139957,3.80859375,-0.9338913,3.80859375,-0.35260016,3.80859375,-0.47223815,3.80859375,-2.0054318e-12,3.80859375,0.24373199,3.80859375,-1.2626575,3.80859375,0.31828657
3.810546875,-0.27938804,3.810546875,0.5257899,3.810546875,-0.10094239,3.810546875,-1.2082042,3.810546875,4.4114603e-13,3.810546875,0.20009646,3.810546875,1.9501903,3.810546875,0.47572756
3.8125,0.098225296,3.8125,-1.249377,3.8125,0.39198592,3.8125,-0.4495647,3.8125,-1.0593911e-12,3.8125,0.0695852,3.8125,0.7304747,3.8125,2.3521364
3.814453125,0.23566312,3.814453125,0.75851035,3.814453125,-0.05200294,3.814453125,0.83675927,3.814453125,-4.334365e-13,3.814453125,0.047070034,3.814453125,0.022371342,3.814453125,1.0808142
3.81640625,0.49834752,3.81640625,-1.2320004,3.81640625,-0.3716954,3.81640625,1.0641273,3.81640625,3.9469374e-12,3.81640625,-0.06298531,3.81640625,0.03327213,3.81640625,0.97802806
3.818359375,0.43311334,3.818359375,-0.23231545,3.818359375,0.19703129,3.818359375,-0.015315607,3.818359375,2.1005342e-12,3.818359375,-0.12936424,3.818359375,-0.00383935,3.818359375,0.21378507
3.8203125,0.1425652,3.8203125,2.439485,3.8203125,0.2948176,3.8203125,-1.0432684,3.8203125,1.2488854e-12,3.8203125,-0.026863165,3.8203125,-1.5363646,3.8203125,2.690438
3.822265625,-0.078751944,3.822265625,0.4348668,3.822265625,-0.3120634,3.822265625,-0.763728,3.822265625,4.071458e-12,3.822265625,-0.07920861,3.822265625,-1.7454605,3.822265625,1.8890609
3.82421875,0.13617736,3.82421875,0.44426653,3.82421875,-0.1730565,3.82421875,0.44094044,3.82421875,7.528043e-12,3.82421875,-0.14537777,3.82421875,0.09943472,3.82421875,0.5498683
3.826171875,0.28565162,3.826171875,0.82693624,3.826171875,0.3795867,3.826171875,1.0667887,3.826171875,1.1325486e-11,3.826171875,-0.13914786,3.826171875,-0.41582835,3.826171875,0.44902182
3.828125,-0.3816638,3.828125,1.2061126,3.828125,0.024949113,3.828125,0.3660895,3.828125,4.5920164e-12,3.828125,-0.14261049,3.828125,0.2800047,3.828125,-0.17217925
3.830078125,-0.09009511,3.830078125,-0.12645754,3.830078125,-0.38932136,3.830078125,-0.7589229,3.830078125,8.84281e-13,3.830078125,-0.15971299,3.830078125,0.54685694,3.830078125,-0.32391784
3.83203125,0.3398023,3.83203125,-0.4066955,3.83203125,0.12695655,3.83203125,-0.9152063,3.83203125,1.0605911e-12,3.83203125,0.02101691,3.83203125,0.228654,3.83203125,1.7616812
3.833984375,-0.116167046,3.833984375,-2.1891081,3.833984375,0.33978537,3.833984375,0.055469334,3.833984375,7.2679173e-13,3.833984375,0.04681916,3.833984375,-0.560609,3.833984375,1.4695045
3.8359375,0.07187227,3.8359375,-1.5856682,3.8359375,-0.25953424,3.8359375,0.9230472,3.8359375,7.654281e-15,3.8359375,-0.08462031,3.8359375,0.47477695,3.8359375,0.94478965
3.837890625,0.08776936,3.837890625,0.17282225,3.837890625,-0.23852015,3.837890625,0.6267564,3.837890625,2.7548014e-12,3.837890625,0.0065073622,3.837890625,-0.60751504,3.837890625,-1.9999274
3.83984375,-0.31552374,3.83984375,1.4311723,3.83984375,0.35260016,3.83984375,-0.4273829,3.83984375,3.7229573e-12,3.83984375,0.0056603965,3.83984375,-1.2230333,3.83984375,0.20827104
3.841796875,-0.13776456,3.841796875,-1.8631387,3.841796875,0.10094239,3.841796875,-0.91692895,3.841796875,-2.5346864e-12,3.841796875,-0.04448795,3.841796875,0.5247534,3.841796875,2.4878008
3.84375,-0.1654887,3.84375,-0.80239004,3.84375,-0.39198592,3.84375,-0.26167887,3.84375,-5.6015327e-12,3.84375,0.0100044515,3.84375,1.1124048,3.84375,1.1328053
3.845703125,-0.47380328,3.845703125,-0.9419285,3.845703125,0.05200294,3.845703125,0.68948287,3.845703125,-2.3668018e-12,3.845703125,0.14131601,3.845703125,0.049309924,3.845703125,-0.009844591
3.84765625,-0.47580823,3.84765625,-0.04388821,3.84765625,0.3716954,3.84765625,0.75561243,3.84765625,-3.998588e-12,3.84765625,0.15103231,3.84765625,-0.6882914,3.84765625,-0.5333642
3.849609375,0.33169705,3.849609375,-0.252741,3.849609375,-0.19703129,3.849609375,-0.110129185,3.849609375,-4.0913965e-12,3.849609375,0.072596475,3.849609375,0.7951428,3.849609375,0.014877254
3.8515625,-0.22692919,3.8515625,1.821378,3.8515625,-0.2948176,3.8515625,-0.80547804,3.8515625,-2.7468986e-13,3.8515625,-0.027655438,3.8515625,1.5581274,3.8515625,0.33911344
3.853515625,0.018078767,3.853515625,-1.1428556,3.853515625,0.3120634,3.853515625,-0.48093432,3.853515625,-2.6475315e-12,3.853515625,0.07962935,3.853515625,1.2672033,3.853515625,1.9140674
3.85546875,-0.20127442,3.85546875,0.8268821,3.85546875,0.1730565,3.85546875,0.42276862,3.85546875,-3.6413732e-12,3.85546875,0.05955691,3.85546875,-1.556171,3.85546875,-0.83457077
3.857421875,0.44067925,3.857421875,-0.8830294,3.857421875,-0.3795867,3.857421875,0.7681978,3.857421875,-4.0703213e-13,3.857421875,0.12525013,3.857421875,-0.929266,3.857421875,-0.9315801
3.859375,-0.24070324,3.859375,-0.8268232,3.859375,-0.024949113,3.859375,0.15187512,3.859375,-1.5551014e-12,3.859375,0.1415649,3.859375,-0.78154397,3.859375,0.57090724
3.861328125,-0.07034319,3.861328125,-0.7642757,3.861328125,0.38932136,3.861328125,-0.6263857,3.861328125,1.1483623e-12,3.861328125,0.07928513,3.861328125,1.79531,3.861328125,-1.7181233
3.86328125,0.37273026,3.86328125,0.09263587,3.86328125,-0.12695655,3.86328125,-0.5987655,3.86328125,1.3703882e-12,3.86328125,-0.0030626673,3.86328125,2.216692,3.86328125,-1.7809305
3.865234375,0.34193358,3.865234375,0.78373694,3.865234375,-0.33978537,3.865234375,0.16779663,3.865234375,-2.7273708e-12,3.865234375,0.03928738,3.865234375,2.8297114,3.865234375,1.263472
3.8671875,-0.3138986,3.8671875,-1.5724076,3.8671875,0.25953424,3.8671875,0.69517946,3.8671875,-2.8696858e-12,3.8671875,0.07128832,3.8671875,-1.0617534,3.8671875,-0.022854604
3.869140625,0.3026433,3.869140625,-0.70932,3.869140625,0.23852015,3.869140625,0.34028384,3.869140625,-1.6323605e-12,3.869140625,-0.035042413,3.869140625,0.7706217,3.869140625,-0.6100282
3.87109375,-0.041813113,3.87109375,-0.050845254,3.87109375,-0.35260016,3.87109375,-0.42179355,3.87109375,-6.0642173e-12,3.87109375,-0.055382818,3.87109375,2.1179535,3.87109375,-1.5129186
3.873046875,-0.017031128,3.873046875,-0.17371029,3.873046875,-0.10094239,3.873046875,-0.6300089,3.873046875,-1.3693404e-11,3.873046875,0.095971465,3.873046875,2.2345827,3.873046875,-0.6690374
3.875,-0.36652002,3.875,0.081984095,3.875,0.39198592,3.875,-0.047826108,3.875,-1.4485188e-11,3.875,0.17412728,3.875,-0.41102722,3.875,-0.939258
3.876953125,-0.4193985,3.876953125,1.6836764,3.876953125,-0.05200294,3.876953125,0.57092977,3.876953125,-1.09780145e-11,3.876953125,0.05205582,3.876953125,1.1545123,3.876953125,0.93295544
3.87890625,0.22793931,3.87890625,-0.4653256,3.87890625,-0.3716954,3.87890625,0.45558998,3.87890625,-1.0877409e-11,3.87890625,0.063902706,3.87890625,-0.57631624,3.87890625,-0.21906397
3.880859375,-0.0035388477,3.880859375,0.27425376,3.880859375,0.19703129,3.880859375,-0.2227837,3.880859375,-4.4002068e-12,3.880859375,0.18882571,3.880859375,0.47219244,3.880859375,-2.699945
3.8828125,-0.063149296,3.8828125,0.70409393,3.8828125,0.2948176,3.8828125,-0.598396,3.8828125,-1.7525359e-12,3.8828125,0.022437278,3.8828125,0.2692858,3.8828125,-1.3600844
3.884765625,0.22950824,3.884765625,-0.54742265,3.884765625,-0.3120634,3.884765625,-0.21352752,3.884765625,-5.3734296e-12,3.884765625,-0.03696611,3.884765625,-0.9578108,3.884765625,-0.7860158
3.88671875,0.2655129,3.88671875,1.359944,3.88671875,-0.1730565,3.88671875,0.4249364,3.88671875,-4.1622595e-12,3.88671875,-0.1767548,3.88671875,-0.9065698,3.88671875,0.57808256
3.888671875,-0.34109184,3.888671875,0.6313697,3.888671875,0.3795867,3.888671875,0.5102208,3.888671875,-9.083665e-13,3.888671875,-0.24899143,3.888671875,-1.2975444,3.888671875,-0.17189594
3.890625,0.11022515,3.890625,-0.117753744,3.890625,0.024949113,3.890625,-0.046785265,3.890625,-1.0005538e-12,3.890625,-0.34440976,3.890625,0.7660164,3.890625,-2.3656108
3.892578125,-0.36464593,3.892578125,0.49497992,3.892578125,-0.38932136,3.892578125,-0.52814806,3.892578125,-4.9215314e-13,3.892578125,-0.45847175,3.892578125,-0.003399831,3.892578125,-0.36521828
3.89453125,0.25137508,3.89453125,-0.7263119,3.89453125,0.12695655,3.89453125,-0.33164576,3.89453125,7.4377345e-12,3.89453125,-0.39435053,3.89453125,1.1707926,3.89453125,-0.33440834
3.896484375,0.15695515,3.896484375,-0.046078708,3.896484375,0.33978537,3.896484375,0.27722993,3.896484375,1.5670468e-11,3.896484375,-0.42247674,3.896484375,-0.09103419,3.896484375,-0.46826214
3.8984375,0.4566146,3.8984375,-0.4602826,3.8984375,-0.25953424,3.8984375,0.5211773,3.8984375,1.3309706e-11,3.8984375,-0.38801193,3.8984375,-1.3184861,3.8984375,-1.1143634
3.900390625,-0.431042,3.900390625,-1.6301732,3.900390625,-0.23852015,3.900390625,0.10094111,3.900390625,1.7346725e-11,3.900390625,-0.53449005,3.900390625,-0.7931646,3.900390625,1.620649
3.90234375,-0.44294527,3.90234375,1.0958877,3.90234375,0.35260016,3.90234375,-0.43832928,3.90234375,2.124212e-11,3.90234375,-0.79870224,3.90234375,-0.96499527,3.90234375,0.7572458
3.904296875,-0.21781293,3.904296875,0.48046392,3.904296875,0.10094239,3.904296875,-0.4116803,3.904296875,2.0197262e-11,3.904296875,-0.7673386,3.904296875,0.18180965,3.904296875,0.19014065
3.90625,-0.23829432,3.90625,0.15456705,3.90625,-0.39198592,3.90625,0.13763162,3.90625,2.8295127e-11,3.90625,-0.5880423,3.90625,-0.1651031,3.90625,0.18851958
3.908203125,-0.2530212,3.908203125,1.722557,3.908203125,0.05200294,3.908203125,0.504148,3.908203125,4.072075e-11,3.908203125,-0.440758,3.908203125,0.9316153,3.908203125,1.0997536
3.91015625,0.4062546,3.91015625,-0.08693435,3.91015625,0.3716954,3.91015625,0.22343202,3.91015625,4.1279393e-11,3.91015625,-0.38132727,3.91015625,-0.18333194,3.91015625,0.058586564
3.912109375,-0.2504538,3.912109375,-1.8251693,3.912109375,-0.19703129,3.912109375,-0.34042403,3.912109375,3.466736e-11,3.912109375,-0.33160436,3.912109375,-1.2616433,3.912109375,1.3211864
3.9140625,-0.22805028,3.9140625,0.83921885,3.9140625,-0.2948176,3.9140625,-0.46484455,3.9140625,2.372845e-11,3.9140625,-0.34264752,3.9140625,-0.998462,3.9140625,0.31433728
3.916015625,0.25939825,3.916015625,0.7957281,3.916015625,0.3120634,3.916015625,0.0077473633,3.916015625,1.7893593e-11,3.916015625,-0.50099427,3.916015625,0.4135019,3.916015625,0.5971163
3.91796875,-0.050260156,3.91796875,0.89713645,3.91796875,0.1730565,3.91796875,0.47003886,3.91796875,1.7251768e-11,3.91796875,-0.5381798,3.91796875,-0.9571237,3.91796875,-0.4910546
3.919921875,0.27671057,3.919921875,-1.0899208,3.919921875,-0.3795867,3.919921875,0.32749087,3.919921875,1.5491426e-11,3.919921875,-0.5210021,3.919921875,0.06293913,3.919921875,1.4433813
3.921875,-0.43463385,3.921875,1.6775278,3.921875,-0.024949113,3.921875,-0.23865885,3.921875,7.941013e-12,3.921875,-0.62520874,3.921875,0.54841334,3.921875,1.7729553
3.923828125,-0.012428806,3.923828125,-0.44166338,3.923828125,0.38932136,3.923828125,-0.5001442,3.923828125,4.902531e-12,3.923828125,-0.6220567,3.923828125,0.70705986,3.923828125,1.603927
3.92578125,-0.4663864,3.92578125,-2.4746106,3.92578125,-0.12695655,3.92578125,-0.11568753,3.92578125,8.404977e-12,3.92578125,-0.6591446,3.92578125,-1.35255,3.92578125,0.9793169
3.927734375,-0.4373468,3.927734375,-0.35315648,3.927734375,-0.33978537,3.927734375,0.42396218,3.927734375,3.9158368e-13,3.927734375,-0.6976491,3.927734375,-0.30221435,3.927734375,-0.5875278
3.9296875,0.40643746,3.9296875,-0.87220305,3.9296875,0.25953424,3.9296875,0.41982034,3.9296875,-5.685972e-12,3.9296875,-0.6373652,3.9296875,-0.2310473,3.9296875,0.126053
3.931640625,-0.36075464,3.931640625,-1.1196736,3.931640625,0.23852015,3.931640625,-0.13208202,3.931640625,-4.0284963e-12,3.931640625,-0.5884338,3.931640625,-0.036819533,3.931640625,1.416933
3.93359375,0.032420684,3.93359375,-0.10580657,3.93359375,-0.35260016,3.93359375,-0.5224331,3.93359375,-6.1181637e-12,3.93359375,-0.63028884,3.93359375,-1.9160607,3.93359375,0.6158823
3.935546875,-0.088904396,3.935546875,0.42274806,3.935546875,-0.10094239,3.935546875,-0.23737592,3.935546875,-1.2777796e-11,3.935546875,-0.5688228,3.935546875,-0.6975824,3.935546875,0.50854194
3.9375,-0.15265667,3.9375,0.885693,3.9375,0.39198592,3.9375,0.36612162,3.9375,-1.5776411e-11,3.9375,-0.61951256,3.9375,0.9302784,3.9375,0.85747784
3.939453125,0.39983335,3.939453125,-0.51441604,3.939453125,-0.05200294,3.939453125,0.5045463,3.939453125,-1.1344413e-11,3.939453125,-0.64634764,3.939453125,-0.8699786,3.939453125,0.75223947
3.94140625,-0.4781766,3.94140625,0.20647778,3.94140625,-0.3716954,3.94140625,-0.017314952,3.94140625,-4.656094e-12,3.94140625,-0.69189656,3.94140625,1.0438918,3.94140625,0.035588413
3.943359375,0.16378969,3.943359375,1.6161656,3.943359375,0.19703129,3.943359375,-0.5322769,3.943359375,-4.511098e-12,3.943359375,-0.73875594,3.943359375,0.89774173,3.943359375,0.45063856
3.9453125,0.46339443,3.9453125,-0.51323044,3.9453125,0.2948176,3.9453125,-0.36080858,3.9453125,-1.31309815e-11,3.9453125,-0.8487527,3.9453125,0.09751652,3.9453125,1.0929248
3.947265625,0.060168184,3.947265625,2.3799155,3.947265625,-0.3120634,3.947265625,0.29376048,3.947265625,-1.1801715e-11,3.947265625,-0.7011316,3.947265625,-1.105093,3.947265625,-0.52040243
3.94921875,0.43682247,3.94921875,-0.6389209,3.94921875,-0.1730565,3.94921875,0.58229023,3.94921875,-2.5640221e-12,3.94921875,-0.74108475,3.94921875,0.41425616,3.94921875,-0.6233782
3.951171875,-0.44774213,3.951171875,-1.388298,3.951171875,0.3795867,3.951171875,0.10891479,3.951171875,1.0885891e-12,3.951171875,-0.6905093,3.951171875,0.68083096,3.951171875,-0.32556063
3.953125,-0.08120668,3.953125,-1.2842746,3.953125,0.024949113,3.953125,-0.5270798,3.953125,-4.890396e-13,3.953125,-0.5437898,3.953125,0.3074515,3.953125,-1.2708633
3.955078125,-0.2398422,3.955078125,-0.9660577,3.955078125,-0.38932136,3.955078125,-0.48679602,3.955078125,-3.660317e-12,3.955078125,-0.3705653,3.955078125,-1.5640074,3.955078125,-0.9856819
3.95703125,0.23082097,3.95703125,-0.4366983,3.95703125,0.12695655,3.95703125,0.2033625,3.95703125,-4.831439e-12,3.95703125,-0.28958777,3.95703125,-1.1055068,3.95703125,0.24526708
3.958984375,0.48129708,3.958984375,-0.8899459,3.958984375,0.33978537,3.958984375,0.6505318,3.958984375,-8.670763e-14,3.958984375,-0.32649556,3.958984375,-0.9036197,3.958984375,-1.2616937
3.9609375,-0.24346994,3.9609375,-0.067537546,3.9609375,-0.25953424,3.9609375,0.2480076,3.9609375,3.0736273e-12,3.9609375,-0.44833726,3.9609375,0.07821412,3.9609375,-0.63487047
3.962890625,0.1541746,3.962890625,-1.072205,3.962890625,-0.23852015,3.962890625,-0.50281066,3.962890625,3.3390047e-13,3.962890625,-0.35048988,3.962890625,1.7266449,3.962890625,-1.0580913
3.96484375,-0.30190235,3.96484375,0.035859782,3.96484375,0.35260016,3.96484375,-0.61317664,3.96484375,7.0515295e-13,3.96484375,-0.31065255,3.96484375,0.8390573,3.96484375,-1.8533556
3.966796875,0.06533025,3.966796875,0.31319442,3.966796875,0.10094239,3.966796875,0.09249624,3.966796875,9.662743e-13,3.966796875,-0.30628267,3.966796875,0.55177224,3.966796875,-0.74654794
3.96875,-0.036067512,3.96875,0.73903716,3.96875,-0.39198592,3.96875,0.70478594,3.96875,-2.3564616e-12,3.96875,-0.27172193,3.96875,0.56181604,3.96875,-0.13380526
3.970703125,0.47200534,3.970703125,1.8628587,3.970703125,0.05200294,3.970703125,0.39868823,3.970703125,-2.6843762e-12,3.970703125,-0.15048021,3.970703125,1.4481709,3.970703125,1.4450738
3.97265625,0.10852727,3.97265625,1.7138832,3.97265625,0.3716954,3.97265625,-0.45574033,3.97265625,-1.2899008e-13,3.97265625,-0.05868618,3.97265625,2.3662376,3.97265625,-2.0074615
3.974609375,-0.15049362,3.974609375,-0.5337254,3.974609375,-0.19703129,3.974609375,-0.73542655,3.974609375,7.200917e-12,3.974609375,-0.06832503,3.974609375,0.28845638,3.974609375,-1.3147092
3.9765625,-0.38590422,3.9765625,0.3278028,3.9765625,-0.2948176,3.9765625,-0.039030045,3.9765625,3.7105007e-12,3.9765625,-0.24666452,3.9765625,-0.3562496,3.9765625,-0.7582971
3.978515625,-0.34875318,3.978515625,1.2409832,3.978515625,0.3120634,3.978515625,0.7400841,3.978515625,-2.542971e-12,3.978515625,-0.2513106,3.978515625,1.0381167,3.978515625,0.29582718
3.98046875,-0.27468306,3.98046875,-0.16077083,3.98046875,0.1730565,3.98046875,0.55707955,3.98046875,-1.801396e-14,3.98046875,-0.31426316,3.98046875,0.2515451,3.98046875,-2.1136124
3.982421875,-0.24903333,3.982421875,-0.5400465,3.982421875,-0.3795867,3.982421875,-0.38378158,3.982421875,-1.7225195e-12,3.982421875,-0.40483338,3.982421875,-0.11936323,3.982421875,-1.3875715
3.984375,0.35061607,3.984375,-1.4491423,3.984375,-0.024949113,3.984375,-0.8477796,3.984375,-6.802146e-12,3.984375,-0.3817363,3.984375,-0.51298815,3.984375,-1.9978747
3.986328125,0.061222788,3.986328125,-1.0837789,3.986328125,0.38932136,3.986328125,-0.18877837,3.986328125,-8.623102e-12,3.986328125,-0.38310027,3.986328125,-0.5867421,3.986328125,-0.22676887
3.98828125,0.023390912,3.98828125,0.06737541,3.98828125,-0.12695655,3.98828125,0.7523393,3.98828125,-4.9166587e-12,3.98828125,-0.39450184,3.98828125,-0.28484577,3.98828125,-0.98884225
3.990234375,-0.38523114,3.990234375,-0.49639717,3.990234375,-0.33978537,3.990234375,0.71739995,3.990234375,-6.8950145e-12,3.990234375,-0.3693202,3.990234375,-0.22725762,3.990234375,-0.66305095
3.9921875,0.3601397,3.9921875,1.3517283,3.9921875,0.25953424,3.9921875,-0.28723755,3.9921875,-7.3751135e-12,3.9921875,-0.42291725,3.9921875,1.2492824,3.9921875,-0.34029803
3.994140625,0.2228143,3.994140625,-0.0033133863,3.994140625,0.23852015,3.994140625,-0.9444726,3.994140625,-2.9321684e-12,3.994140625,-0.41458154,3.994140625,0.56685984,3.994140625,-0.74351895
3.99609375,-0.43233165,3.99609375,0.6222736,3.99609375,-0.35260016,3.99609375,-0.35194185,3.99609375,2.3470576e-13,3.99609375,-0.31635192,3.99609375,0.6345976,3.99609375,-0.06888582
3.998046875,0.2078351,3.998046875,0.15986143,3.998046875,-0.10094239,3.998046875,0.73932546,3.998046875,2.0800965e-12,3.998046875,-0.3064284,3.998046875,-0.39004216,3.998046875,0.6527245
